Date.Time,analyser,analyser_model,TB600_NH3,TB600_Air_Temperature,TB600_Air_Relative_Humidity,EE894_CO2_Average,EE894_CO2_Raw,EE894_Air_Temperature,EE894_Air_Pressure,source_file
2026-07-05T00:00:15Z,47,OTICE_v5_LoRA,138,23.12,63.43,566.31,566.31,24.29,0,ATB_47_2026-08-05.csv
2026-07-05T00:00:36Z,54,OTICE_v5_LoRA,0,23.14,59.14,599.56,599.56,24.3,0,ATB_54_2026-08-05.csv
2026-07-05T00:00:39Z,55,OTICE_v5_LoRA,0,0,0,479.28,479.28,24.79,0,ATB_55_2026-08-05.csv
2026-07-05T00:01:15Z,47,OTICE_v5_LoRA,144,23.09,63.43,565.68,565.68,24.26,0,ATB_47_2026-08-05.csv
2026-07-05T00:01:36Z,54,OTICE_v5_LoRA,0,23.21,59.02,597.34,597.34,24.39,0,ATB_54_2026-08-05.csv
2026-07-05T00:01:39Z,55,OTICE_v5_LoRA,0,0,0,479.94,479.94,24.7,0,ATB_55_2026-08-05.csv
2026-07-05T00:02:15Z,47,OTICE_v5_LoRA,137,23.08,63.43,566.44,566.44,24.25,0,ATB_47_2026-08-05.csv
2026-07-05T00:02:36Z,54,OTICE_v5_LoRA,0,23.14,59.05,597.18,597.18,24.27,0,ATB_54_2026-08-05.csv
2026-07-05T00:02:39Z,55,OTICE_v5_LoRA,0,0,0,478.55,478.55,24.77,0,ATB_55_2026-08-05.csv
2026-07-05T00:03:15Z,47,OTICE_v5_LoRA,145,23.07,63.53,570.01,570.01,24.25,0,ATB_47_2026-08-05.csv
2026-07-05T00:03:36Z,54,OTICE_v5_LoRA,0,23.12,59.05,596.45,596.45,24.24,0,ATB_54_2026-08-05.csv
2026-07-05T00:03:39Z,55,OTICE_v5_LoRA,0,0,0,480.12,480.12,24.76,0,ATB_55_2026-08-05.csv
2026-07-05T00:04:15Z,47,OTICE_v5_LoRA,141,23.09,63.43,570.29,570.29,24.28,0,ATB_47_2026-08-05.csv
2026-07-05T00:04:36Z,54,OTICE_v5_LoRA,0,23.15,59.05,596.83,596.83,24.3,0,ATB_54_2026-08-05.csv
2026-07-05T00:04:39Z,55,OTICE_v5_LoRA,0,2.52,99.84,488.75,488.75,24.8,0,ATB_55_2026-08-05.csv
2026-07-05T00:05:15Z,47,OTICE_v5_LoRA,144,23.08,63.53,568.64,568.64,24.24,0,ATB_47_2026-08-05.csv
2026-07-05T00:05:36Z,54,OTICE_v5_LoRA,0,23.15,59.05,597.39,597.39,24.34,0,ATB_54_2026-08-05.csv
2026-07-05T00:05:39Z,55,OTICE_v5_LoRA,0,2.52,99.84,492.4,492.4,24.8,0,ATB_55_2026-08-05.csv
2026-07-05T00:06:15Z,47,OTICE_v5_LoRA,147,23.05,63.53,567.87,567.87,24.22,0,ATB_47_2026-08-05.csv
2026-07-05T00:06:36Z,54,OTICE_v5_LoRA,0,23.12,59.05,596.77,596.77,24.29,0,ATB_54_2026-08-05.csv
2026-07-05T00:06:39Z,55,OTICE_v5_LoRA,0,2.52,99.84,492.63,492.63,24.76,0,ATB_55_2026-08-05.csv
2026-07-05T00:07:15Z,47,OTICE_v5_LoRA,137,23.05,63.64,568.38,568.38,24.16,0,ATB_47_2026-08-05.csv
2026-07-05T00:07:36Z,54,OTICE_v5_LoRA,0,23.12,58.95,598.03,598.03,24.33,0,ATB_54_2026-08-05.csv
2026-07-05T00:07:39Z,55,OTICE_v5_LoRA,0,2.52,99.84,488.62,488.62,24.77,0,ATB_55_2026-08-05.csv
2026-07-05T00:08:15Z,47,OTICE_v5_LoRA,142,23.05,63.64,568.56,568.56,24.21,0,ATB_47_2026-08-05.csv
2026-07-05T00:08:36Z,54,OTICE_v5_LoRA,0,23.11,59.05,598.84,598.84,24.29,0,ATB_54_2026-08-05.csv
2026-07-05T00:08:39Z,55,OTICE_v5_LoRA,0,2.52,99.84,486.24,486.24,24.8,0,ATB_55_2026-08-05.csv
2026-07-05T00:09:15Z,47,OTICE_v5_LoRA,146,23.05,63.43,569.78,569.78,24.24,0,ATB_47_2026-08-05.csv
2026-07-05T00:09:37Z,54,OTICE_v5_LoRA,0,23.09,59.25,601.42,601.42,24.24,0,ATB_54_2026-08-05.csv
2026-07-05T00:09:40Z,55,OTICE_v5_LoRA,0,2.52,99.84,486.85,486.85,24.79,0,ATB_55_2026-08-05.csv
2026-07-05T00:10:15Z,47,OTICE_v5_LoRA,141,23.07,63.53,571.25,571.25,24.31,0,ATB_47_2026-08-05.csv
2026-07-05T00:10:37Z,54,OTICE_v5_LoRA,0,23.09,59.25,601.09,601.09,24.26,0,ATB_54_2026-08-05.csv
2026-07-05T00:10:40Z,55,OTICE_v5_LoRA,0,2.52,99.84,488.98,488.98,24.76,0,ATB_55_2026-08-05.csv
2026-07-05T00:11:15Z,47,OTICE_v5_LoRA,147,23.05,63.53,570.48,570.48,24.24,0,ATB_47_2026-08-05.csv
2026-07-05T00:11:37Z,54,OTICE_v5_LoRA,0,23.14,59.25,601.77,601.77,24.33,0,ATB_54_2026-08-05.csv
2026-07-05T00:11:40Z,55,OTICE_v5_LoRA,0,2.52,99.84,487.78,487.78,24.7,0,ATB_55_2026-08-05.csv
2026-07-05T00:12:15Z,47,OTICE_v5_LoRA,150,23.05,63.53,570.26,570.26,24.21,0,ATB_47_2026-08-05.csv
2026-07-05T00:12:37Z,54,OTICE_v5_LoRA,0,23.12,58.95,604.58,604.58,24.3,0,ATB_54_2026-08-05.csv
2026-07-05T00:12:40Z,55,OTICE_v5_LoRA,0,2.52,99.84,485.15,485.15,24.79,0,ATB_55_2026-08-05.csv
2026-07-05T00:13:15Z,47,OTICE_v5_LoRA,147,23.04,63.53,572.05,572.05,24.22,0,ATB_47_2026-08-05.csv
2026-07-05T00:13:37Z,54,OTICE_v5_LoRA,0,23.07,59.25,603.35,603.35,24.24,0,ATB_54_2026-08-05.csv
2026-07-05T00:13:40Z,55,OTICE_v5_LoRA,0,2.52,99.84,485.17,485.17,24.76,0,ATB_55_2026-08-05.csv
2026-07-05T00:14:16Z,47,OTICE_v5_LoRA,151,23.01,63.53,573.86,573.86,24.15,0,ATB_47_2026-08-05.csv
2026-07-05T00:14:37Z,54,OTICE_v5_LoRA,0,23.04,59.25,600.57,600.57,24.17,0,ATB_54_2026-08-05.csv
2026-07-05T00:14:40Z,55,OTICE_v5_LoRA,0,2.52,99.84,489.23,489.23,24.82,0,ATB_55_2026-08-05.csv
2026-07-05T00:15:16Z,47,OTICE_v5_LoRA,144,23.01,63.53,571.91,571.91,24.31,0,ATB_47_2026-08-05.csv
2026-07-05T00:15:37Z,54,OTICE_v5_LoRA,0,23.07,58.95,599.78,599.78,24.32,0,ATB_54_2026-08-05.csv
2026-07-05T00:15:40Z,55,OTICE_v5_LoRA,0,2.52,99.84,488.53,488.53,24.8,0,ATB_55_2026-08-05.csv
2026-07-05T00:16:16Z,47,OTICE_v5_LoRA,147,23.07,63.34,573.24,573.24,24.38,0,ATB_47_2026-08-05.csv
2026-07-05T00:16:37Z,54,OTICE_v5_LoRA,0,23.09,59.05,598.9,598.9,24.33,0,ATB_54_2026-08-05.csv
2026-07-05T00:16:40Z,55,OTICE_v5_LoRA,0,2.52,99.84,488.55,488.55,24.84,0,ATB_55_2026-08-05.csv
2026-07-05T00:17:16Z,47,OTICE_v5_LoRA,143,23.09,63.14,571.19,571.19,24.46,0,ATB_47_2026-08-05.csv
2026-07-05T00:17:37Z,54,OTICE_v5_LoRA,0,23.11,58.75,599.01,599.01,24.36,0,ATB_54_2026-08-05.csv
2026-07-05T00:17:40Z,55,OTICE_v5_LoRA,0,2.52,99.84,489.43,489.43,24.84,0,ATB_55_2026-08-05.csv
2026-07-05T00:18:16Z,47,OTICE_v5_LoRA,142,23.09,62.93,570.79,570.79,24.49,0,ATB_47_2026-08-05.csv
2026-07-05T00:18:37Z,54,OTICE_v5_LoRA,0,23.11,58.65,599.53,599.53,24.37,0,ATB_54_2026-08-05.csv
2026-07-05T00:18:40Z,55,OTICE_v5_LoRA,0,2.52,99.84,488.09,488.09,24.86,0,ATB_55_2026-08-05.csv
2026-07-05T00:19:16Z,47,OTICE_v5_LoRA,142,23.12,62.93,571.19,571.19,24.49,0,ATB_47_2026-08-05.csv
2026-07-05T00:19:37Z,54,OTICE_v5_LoRA,0,23.14,58.55,600.83,600.83,24.46,0,ATB_54_2026-08-05.csv
2026-07-05T00:19:40Z,55,OTICE_v5_LoRA,0,2.52,99.84,490.24,490.24,24.86,0,ATB_55_2026-08-05.csv
2026-07-05T00:20:16Z,47,OTICE_v5_LoRA,137,23.12,62.74,571,571,24.49,0,ATB_47_2026-08-05.csv
2026-07-05T00:20:37Z,54,OTICE_v5_LoRA,0,23.11,58.55,601.13,601.13,24.44,0,ATB_54_2026-08-05.csv
2026-07-05T00:20:40Z,55,OTICE_v5_LoRA,0,2.52,99.84,489.9,489.9,24.89,0,ATB_55_2026-08-05.csv
2026-07-05T00:21:16Z,47,OTICE_v5_LoRA,137,23.11,62.74,570.23,570.23,24.48,0,ATB_47_2026-08-05.csv
2026-07-05T00:21:37Z,54,OTICE_v5_LoRA,0,23.12,58.55,602.63,602.63,24.41,0,ATB_54_2026-08-05.csv
2026-07-05T00:21:40Z,55,OTICE_v5_LoRA,0,2.52,99.84,490.27,490.27,24.86,0,ATB_55_2026-08-05.csv
2026-07-05T00:22:17Z,47,OTICE_v5_LoRA,141,23.11,62.93,571.18,571.18,24.43,0,ATB_47_2026-08-05.csv
2026-07-05T00:22:37Z,54,OTICE_v5_LoRA,0,23.11,58.65,603.79,603.79,24.4,0,ATB_54_2026-08-05.csv
2026-07-05T00:22:40Z,55,OTICE_v5_LoRA,0,2.52,99.84,487.39,487.39,24.84,0,ATB_55_2026-08-05.csv
2026-07-05T00:23:17Z,47,OTICE_v5_LoRA,137,23.12,62.74,571.51,571.51,24.46,0,ATB_47_2026-08-05.csv
2026-07-05T00:23:38Z,54,OTICE_v5_LoRA,0,23.12,58.45,604.53,604.53,24.4,0,ATB_54_2026-08-05.csv
2026-07-05T00:23:40Z,55,OTICE_v5_LoRA,33023,0,0,489.28,489.28,24.9,0,ATB_55_2026-08-05.csv
2026-07-05T00:24:17Z,47,OTICE_v5_LoRA,134,23.12,62.64,572.41,572.41,24.48,0,ATB_47_2026-08-05.csv
2026-07-05T00:24:37Z,54,OTICE_v5_LoRA,0,23.14,58.45,604.01,604.01,24.41,0,ATB_54_2026-08-05.csv
2026-07-05T00:24:40Z,55,OTICE_v5_LoRA,33023,0,0,492.63,492.63,24.87,0,ATB_55_2026-08-05.csv
2026-07-05T00:25:17Z,47,OTICE_v5_LoRA,136,23.11,62.84,573.38,573.38,24.48,0,ATB_47_2026-08-05.csv
2026-07-05T00:25:38Z,54,OTICE_v5_LoRA,0,23.12,58.55,600.17,600.17,24.39,0,ATB_54_2026-08-05.csv
2026-07-05T00:25:40Z,55,OTICE_v5_LoRA,33023,0,0,494.47,494.47,24.89,0,ATB_55_2026-08-05.csv
2026-07-05T00:26:26Z,47,OTICE_v5_LoRA,136,23.12,62.74,576.5,576.5,24.49,0,ATB_47_2026-08-05.csv
2026-07-05T00:26:38Z,54,OTICE_v5_LoRA,0,23.12,58.55,598.15,598.15,24.37,0,ATB_54_2026-08-05.csv
2026-07-05T00:26:41Z,55,OTICE_v5_LoRA,33023,0,0,492.17,492.17,24.84,0,ATB_55_2026-08-05.csv
2026-07-05T00:27:26Z,47,OTICE_v5_LoRA,131,23.11,62.84,579.86,579.86,24.42,0,ATB_47_2026-08-05.csv
2026-07-05T00:27:38Z,54,OTICE_v5_LoRA,0,23.12,58.55,598.94,598.94,24.37,0,ATB_54_2026-08-05.csv
2026-07-05T00:27:41Z,55,OTICE_v5_LoRA,33023,0,0,490.67,490.67,24.83,0,ATB_55_2026-08-05.csv
2026-07-05T00:28:26Z,47,OTICE_v5_LoRA,135,23.12,62.84,580.31,580.31,24.42,0,ATB_47_2026-08-05.csv
2026-07-05T00:28:38Z,54,OTICE_v5_LoRA,0,23.12,58.55,599.31,599.31,24.43,0,ATB_54_2026-08-05.csv
2026-07-05T00:28:41Z,55,OTICE_v5_LoRA,256,0,0.04,486.92,486.92,24.89,0,ATB_55_2026-08-05.csv
2026-07-05T00:29:26Z,47,OTICE_v5_LoRA,139,23.12,62.74,577.41,577.41,24.49,0,ATB_47_2026-08-05.csv
2026-07-05T00:29:38Z,54,OTICE_v5_LoRA,0,23.12,58.45,598.14,598.14,24.46,0,ATB_54_2026-08-05.csv
2026-07-05T00:29:41Z,55,OTICE_v5_LoRA,256,0,0.04,486.41,486.41,24.89,0,ATB_55_2026-08-05.csv
2026-07-05T00:30:26Z,47,OTICE_v5_LoRA,131,23.14,62.64,578.41,578.41,24.55,0,ATB_47_2026-08-05.csv
2026-07-05T00:30:38Z,54,OTICE_v5_LoRA,0,23.12,58.45,600,600,24.44,0,ATB_54_2026-08-05.csv
2026-07-05T00:30:41Z,55,OTICE_v5_LoRA,256,0,0.04,485.64,485.64,24.89,0,ATB_55_2026-08-05.csv
2026-07-05T00:31:26Z,47,OTICE_v5_LoRA,136,23.14,62.64,579.06,579.06,24.51,0,ATB_47_2026-08-05.csv
2026-07-05T00:31:38Z,54,OTICE_v5_LoRA,0,23.15,58.35,599.57,599.57,24.46,0,ATB_54_2026-08-05.csv
2026-07-05T00:31:41Z,55,OTICE_v5_LoRA,256,0,0.04,484.53,484.53,24.87,0,ATB_55_2026-08-05.csv
2026-07-05T00:32:26Z,47,OTICE_v5_LoRA,131,23.15,62.64,580.12,580.12,24.51,0,ATB_47_2026-08-05.csv
2026-07-05T00:32:38Z,54,OTICE_v5_LoRA,0,23.15,58.45,598.91,598.91,24.46,0,ATB_54_2026-08-05.csv
2026-07-05T00:32:41Z,55,OTICE_v5_LoRA,256,0,0.04,488.07,488.07,24.9,0,ATB_55_2026-08-05.csv
2026-07-05T00:33:26Z,47,OTICE_v5_LoRA,135,23.14,62.74,578.23,578.23,24.54,0,ATB_47_2026-08-05.csv
2026-07-05T00:33:38Z,54,OTICE_v5_LoRA,0,23.14,58.45,601.91,601.91,24.49,0,ATB_54_2026-08-05.csv
2026-07-05T00:33:41Z,55,OTICE_v5_LoRA,256,0,0.04,484.56,484.56,24.89,0,ATB_55_2026-08-05.csv
2026-07-05T00:34:27Z,47,OTICE_v5_LoRA,135,23.15,62.64,580.86,580.86,24.56,0,ATB_47_2026-08-05.csv
2026-07-05T00:34:39Z,54,OTICE_v5_LoRA,0,23.14,58.45,603.95,603.95,24.43,0,ATB_54_2026-08-05.csv
2026-07-05T00:34:41Z,55,OTICE_v5_LoRA,256,0,0.04,487.85,487.85,24.9,0,ATB_55_2026-08-05.csv
2026-07-05T00:35:27Z,47,OTICE_v5_LoRA,129,23.15,62.74,577.7,577.7,24.46,0,ATB_47_2026-08-05.csv
2026-07-05T00:35:38Z,54,OTICE_v5_LoRA,0,23.14,58.55,606.44,606.44,24.46,0,ATB_54_2026-08-05.csv
2026-07-05T00:35:41Z,55,OTICE_v5_LoRA,0,0,0,489.34,489.34,24.87,0,ATB_55_2026-08-05.csv
2026-07-05T00:36:27Z,47,OTICE_v5_LoRA,131,23.15,62.84,574.17,574.17,24.52,0,ATB_47_2026-08-05.csv
2026-07-05T00:36:39Z,54,OTICE_v5_LoRA,0,23.16,58.52,608.71,608.71,24.41,0,ATB_54_2026-08-05.csv
2026-07-05T00:36:41Z,55,OTICE_v5_LoRA,0,0,0,488.39,488.39,24.89,0,ATB_55_2026-08-05.csv
2026-07-05T00:37:27Z,47,OTICE_v5_LoRA,129,23.17,62.74,572.43,572.43,24.52,0,ATB_47_2026-08-05.csv
2026-07-05T00:37:39Z,54,OTICE_v5_LoRA,0,23.15,58.45,607.59,607.59,24.51,0,ATB_54_2026-08-05.csv
2026-07-05T00:37:41Z,55,OTICE_v5_LoRA,0,0,0,488.4,488.4,24.91,0,ATB_55_2026-08-05.csv
2026-07-05T00:38:27Z,47,OTICE_v5_LoRA,127,23.17,62.64,574.1,574.1,24.54,0,ATB_47_2026-08-05.csv
2026-07-05T00:38:39Z,54,OTICE_v5_LoRA,0,23.16,58.42,606.25,606.25,24.53,0,ATB_54_2026-08-05.csv
2026-07-05T00:38:41Z,55,OTICE_v5_LoRA,0,0,0,488.95,488.95,24.9,0,ATB_55_2026-08-05.csv
2026-07-05T00:39:27Z,47,OTICE_v5_LoRA,130,23.15,62.64,573.05,573.05,24.58,0,ATB_47_2026-08-05.csv
2026-07-05T00:39:39Z,54,OTICE_v5_LoRA,0,23.16,58.32,604.35,604.35,24.54,0,ATB_54_2026-08-05.csv
2026-07-05T00:39:41Z,55,OTICE_v5_LoRA,0,0,0,487.58,487.58,24.93,0,ATB_55_2026-08-05.csv
2026-07-05T00:40:27Z,47,OTICE_v5_LoRA,134,23.17,62.64,571.86,571.86,24.52,0,ATB_47_2026-08-05.csv
2026-07-05T00:40:39Z,54,OTICE_v5_LoRA,0,23.16,58.52,606.31,606.31,24.5,0,ATB_54_2026-08-05.csv
2026-07-05T00:40:41Z,55,OTICE_v5_LoRA,0,0,0,485.26,485.26,24.94,0,ATB_55_2026-08-05.csv
2026-07-05T00:41:27Z,47,OTICE_v5_LoRA,130,23.19,62.64,569.46,569.46,24.56,0,ATB_47_2026-08-05.csv
2026-07-05T00:41:39Z,54,OTICE_v5_LoRA,0,23.15,58.35,604.14,604.14,24.53,0,ATB_54_2026-08-05.csv
2026-07-05T00:41:41Z,55,OTICE_v5_LoRA,0,0,0,489.32,489.32,24.93,0,ATB_55_2026-08-05.csv
2026-07-05T00:42:27Z,47,OTICE_v5_LoRA,135,23.19,62.64,569.11,569.11,24.52,0,ATB_47_2026-08-05.csv
2026-07-05T00:42:39Z,54,OTICE_v5_LoRA,0,23.16,58.42,603.39,603.39,24.46,0,ATB_54_2026-08-05.csv
2026-07-05T00:42:41Z,55,OTICE_v5_LoRA,0,0,0,484.98,484.98,24.91,0,ATB_55_2026-08-05.csv
2026-07-05T00:43:27Z,47,OTICE_v5_LoRA,135,23.17,62.64,569.12,569.12,24.56,0,ATB_47_2026-08-05.csv
2026-07-05T00:43:39Z,54,OTICE_v5_LoRA,0,23.16,58.42,602.84,602.84,24.51,0,ATB_54_2026-08-05.csv
2026-07-05T00:43:41Z,55,OTICE_v5_LoRA,0,0,0,481.95,481.95,24.93,0,ATB_55_2026-08-05.csv
2026-07-05T00:44:27Z,47,OTICE_v5_LoRA,135,23.17,62.74,568.94,568.94,24.54,0,ATB_47_2026-08-05.csv
2026-07-05T00:44:39Z,54,OTICE_v5_LoRA,0,23.16,58.42,601.35,601.35,24.5,0,ATB_54_2026-08-05.csv
2026-07-05T00:44:41Z,55,OTICE_v5_LoRA,0,0,0,484.19,484.19,24.9,0,ATB_55_2026-08-05.csv
2026-07-05T00:45:28Z,47,OTICE_v5_LoRA,128,23.15,62.64,567.75,567.75,24.49,0,ATB_47_2026-08-05.csv
2026-07-05T00:45:39Z,54,OTICE_v5_LoRA,0,23.16,58.42,601.94,601.94,24.47,0,ATB_54_2026-08-05.csv
2026-07-05T00:45:41Z,55,OTICE_v5_LoRA,0,0,0,482.07,482.07,24.93,0,ATB_55_2026-08-05.csv
2026-07-05T00:46:28Z,47,OTICE_v5_LoRA,129,23.19,62.64,569.22,569.22,24.66,0,ATB_47_2026-08-05.csv
2026-07-05T00:46:39Z,54,OTICE_v5_LoRA,0,23.16,58.32,603.78,603.78,24.56,0,ATB_54_2026-08-05.csv
2026-07-05T00:46:42Z,55,OTICE_v5_LoRA,0,0,0,483.79,483.79,24.91,0,ATB_55_2026-08-05.csv
2026-07-05T00:47:28Z,47,OTICE_v5_LoRA,135,23.14,62.93,571.61,571.61,24.4,0,ATB_47_2026-08-05.csv
2026-07-05T00:47:39Z,54,OTICE_v5_LoRA,0,23.12,58.85,601.77,601.77,24.37,0,ATB_54_2026-08-05.csv
2026-07-05T00:47:42Z,55,OTICE_v5_LoRA,0,0,0,484.8,484.8,24.89,0,ATB_55_2026-08-05.csv
2026-07-05T00:48:28Z,47,OTICE_v5_LoRA,140,23.12,63.14,570.36,570.36,24.34,0,ATB_47_2026-08-05.csv
2026-07-05T00:48:39Z,54,OTICE_v5_LoRA,0,23.12,59.05,599.3,599.3,24.36,0,ATB_54_2026-08-05.csv
2026-07-05T00:48:42Z,55,OTICE_v5_LoRA,0,0,0,486.74,486.74,24.79,0,ATB_55_2026-08-05.csv
2026-07-05T00:49:28Z,47,OTICE_v5_LoRA,134,23.08,63.23,571.71,571.71,24.31,0,ATB_47_2026-08-05.csv
2026-07-05T00:49:40Z,54,OTICE_v5_LoRA,0,23.11,58.85,596.46,596.46,24.3,0,ATB_54_2026-08-05.csv
2026-07-05T00:49:42Z,55,OTICE_v5_LoRA,0,0,0,486.94,486.94,24.83,0,ATB_55_2026-08-05.csv
2026-07-05T00:50:28Z,47,OTICE_v5_LoRA,131,23.09,63.34,567.27,567.27,24.29,0,ATB_47_2026-08-05.csv
2026-07-05T00:50:39Z,54,OTICE_v5_LoRA,0,23.14,58.95,596.1,596.1,24.33,0,ATB_54_2026-08-05.csv
2026-07-05T00:50:42Z,55,OTICE_v5_LoRA,0,0,0,487.02,487.02,24.74,0,ATB_55_2026-08-05.csv
2026-07-05T00:51:28Z,47,OTICE_v5_LoRA,141,23.08,63.43,569.09,569.09,24.29,0,ATB_47_2026-08-05.csv
2026-07-05T00:51:40Z,54,OTICE_v5_LoRA,0,23.14,59.05,595.48,595.48,24.32,0,ATB_54_2026-08-05.csv
2026-07-05T00:51:42Z,55,OTICE_v5_LoRA,0,0,0,484.28,484.28,24.77,0,ATB_55_2026-08-05.csv
2026-07-05T00:52:28Z,47,OTICE_v5_LoRA,134,23.08,63.43,567.85,567.85,24.28,0,ATB_47_2026-08-05.csv
2026-07-05T00:52:40Z,54,OTICE_v5_LoRA,0,23.12,59.05,595.79,595.79,24.27,0,ATB_54_2026-08-05.csv
2026-07-05T00:52:42Z,55,OTICE_v5_LoRA,0,0,0,484.86,484.86,24.8,0,ATB_55_2026-08-05.csv
2026-07-05T00:53:28Z,47,OTICE_v5_LoRA,139,23.07,63.34,568.68,568.68,24.26,0,ATB_47_2026-08-05.csv
2026-07-05T00:53:40Z,54,OTICE_v5_LoRA,0,23.11,59.05,596.35,596.35,24.24,0,ATB_54_2026-08-05.csv
2026-07-05T00:53:42Z,55,OTICE_v5_LoRA,0,0,0,487.84,487.84,24.8,0,ATB_55_2026-08-05.csv
2026-07-05T00:54:28Z,47,OTICE_v5_LoRA,143,23.05,63.64,570.07,570.07,24.18,0,ATB_47_2026-08-05.csv
2026-07-05T00:54:42Z,55,OTICE_v5_LoRA,65279,0,0,487.53,487.53,24.79,0,ATB_55_2026-08-05.csv
2026-07-05T00:55:28Z,47,OTICE_v5_LoRA,137,23.04,63.53,574.35,574.35,24.18,0,ATB_47_2026-08-05.csv
2026-07-05T00:55:39Z,54,OTICE_v5_LoRA,0,23.07,59.14,584.62,584.62,24.24,0,ATB_54_2026-08-05.csv
2026-07-05T00:55:47Z,55,OTICE_v5_LoRA,0,0,0,475.84,475.84,24.76,0,ATB_55_2026-08-05.csv
2026-07-05T00:56:29Z,47,OTICE_v5_LoRA,145,23.01,63.64,572.61,572.61,24.15,0,ATB_47_2026-08-05.csv
2026-07-05T00:56:39Z,54,OTICE_v5_LoRA,0,23.06,59.14,586.8,586.8,24.22,0,ATB_54_2026-08-05.csv
2026-07-05T00:56:47Z,55,OTICE_v5_LoRA,0,0,0,482.79,482.79,24.72,0,ATB_55_2026-08-05.csv
2026-07-05T00:57:29Z,47,OTICE_v5_LoRA,145,23.02,63.73,573.36,573.36,24.16,0,ATB_47_2026-08-05.csv
2026-07-05T00:57:39Z,54,OTICE_v5_LoRA,0,23.04,59.44,589.19,589.19,24.2,0,ATB_54_2026-08-05.csv
2026-07-05T00:57:47Z,55,OTICE_v5_LoRA,0,0,0,486,486,24.72,0,ATB_55_2026-08-05.csv
2026-07-05T00:58:29Z,47,OTICE_v5_LoRA,149,23.04,63.73,575.75,575.75,24.15,0,ATB_47_2026-08-05.csv
2026-07-05T00:58:39Z,54,OTICE_v5_LoRA,0,23.06,59.35,593.3,593.3,24.23,0,ATB_54_2026-08-05.csv
2026-07-05T00:58:47Z,55,OTICE_v5_LoRA,0,0,0,491.03,491.03,24.76,0,ATB_55_2026-08-05.csv
2026-07-05T00:59:29Z,47,OTICE_v5_LoRA,143,22.99,63.76,576.84,576.84,24.14,0,ATB_47_2026-08-05.csv
2026-07-05T00:59:39Z,54,OTICE_v5_LoRA,0,23.04,59.25,594.43,594.43,24.17,0,ATB_54_2026-08-05.csv
2026-07-05T00:59:47Z,55,OTICE_v5_LoRA,0,0,0,494.64,494.64,24.77,0,ATB_55_2026-08-05.csv
2026-07-05T01:00:29Z,47,OTICE_v5_LoRA,143,22.99,63.76,578.05,578.05,24.11,0,ATB_47_2026-08-05.csv
2026-07-05T01:00:39Z,54,OTICE_v5_LoRA,0,23.01,59.44,596.6,596.6,24.15,0,ATB_54_2026-08-05.csv
2026-07-05T01:00:47Z,55,OTICE_v5_LoRA,0,0,0.32,492.29,492.29,24.8,0,ATB_55_2026-08-05.csv
2026-07-05T01:01:29Z,47,OTICE_v5_LoRA,142,22.97,63.97,578.11,578.11,24.07,0,ATB_47_2026-08-05.csv
2026-07-05T01:01:39Z,54,OTICE_v5_LoRA,0,22.99,59.44,597.22,597.22,24.09,0,ATB_54_2026-08-05.csv
2026-07-05T01:01:47Z,55,OTICE_v5_LoRA,0,0,0.32,490.15,490.15,24.8,0,ATB_55_2026-08-05.csv
2026-07-05T01:02:29Z,47,OTICE_v5_LoRA,149,22.96,64.06,577.66,577.66,24.09,0,ATB_47_2026-08-05.csv
2026-07-05T01:02:39Z,54,OTICE_v5_LoRA,0,22.97,59.44,596.72,596.72,24.11,0,ATB_54_2026-08-05.csv
2026-07-05T01:02:47Z,55,OTICE_v5_LoRA,0,0,0,489.84,489.84,24.8,0,ATB_55_2026-08-05.csv
2026-07-05T01:03:29Z,47,OTICE_v5_LoRA,150,22.94,63.97,576.24,576.24,24.09,0,ATB_47_2026-08-05.csv
2026-07-05T01:03:40Z,54,OTICE_v5_LoRA,0,22.97,59.35,596.54,596.54,24.09,0,ATB_54_2026-08-05.csv
2026-07-05T01:03:48Z,55,OTICE_v5_LoRA,0,0,0,487.17,487.17,24.82,0,ATB_55_2026-08-05.csv
2026-07-05T01:04:29Z,47,OTICE_v5_LoRA,152,22.94,63.97,576.9,576.9,24.09,0,ATB_47_2026-08-05.csv
2026-07-05T01:04:40Z,54,OTICE_v5_LoRA,0,22.97,59.55,596.84,596.84,24.08,0,ATB_54_2026-08-05.csv
2026-07-05T01:04:48Z,55,OTICE_v5_LoRA,0,0,0,488.85,488.85,24.77,0,ATB_55_2026-08-05.csv
2026-07-05T01:05:29Z,47,OTICE_v5_LoRA,150,22.94,63.97,576.76,576.76,24.11,0,ATB_47_2026-08-05.csv
2026-07-05T01:05:40Z,54,OTICE_v5_LoRA,0,22.94,59.44,596.45,596.45,24.09,0,ATB_54_2026-08-05.csv
2026-07-05T01:05:48Z,55,OTICE_v5_LoRA,0,0,0,486.24,486.24,24.8,0,ATB_55_2026-08-05.csv
2026-07-05T01:06:29Z,47,OTICE_v5_LoRA,143,22.94,63.76,576.7,576.7,24.12,0,ATB_47_2026-08-05.csv
2026-07-05T01:06:40Z,54,OTICE_v5_LoRA,0,22.96,59.25,597.36,597.36,24.12,0,ATB_54_2026-08-05.csv
2026-07-05T01:06:48Z,55,OTICE_v5_LoRA,0,0,0,489.37,489.37,24.77,0,ATB_55_2026-08-05.csv
2026-07-05T01:07:29Z,47,OTICE_v5_LoRA,149,22.96,63.97,573.93,573.93,24.08,0,ATB_47_2026-08-05.csv
2026-07-05T01:07:40Z,54,OTICE_v5_LoRA,0,22.96,59.64,596.31,596.31,24.19,0,ATB_54_2026-08-05.csv
2026-07-05T01:07:48Z,55,OTICE_v5_LoRA,0,0,0,487.66,487.66,24.72,0,ATB_55_2026-08-05.csv
2026-07-05T01:08:30Z,47,OTICE_v5_LoRA,149,22.92,63.97,571.83,571.83,24.08,0,ATB_47_2026-08-05.csv
2026-07-05T01:08:40Z,54,OTICE_v5_LoRA,0,22.96,59.55,597.27,597.27,24.06,0,ATB_54_2026-08-05.csv
2026-07-05T01:08:48Z,55,OTICE_v5_LoRA,0,0,0,488.1,488.1,24.73,0,ATB_55_2026-08-05.csv
2026-07-05T01:09:29Z,47,OTICE_v5_LoRA,148,22.92,63.97,570.99,570.99,24.08,0,ATB_47_2026-08-05.csv
2026-07-05T01:09:40Z,54,OTICE_v5_LoRA,0,22.93,59.55,595.65,595.65,24.12,0,ATB_54_2026-08-05.csv
2026-07-05T01:09:48Z,55,OTICE_v5_LoRA,0,0,0,482.64,482.64,24.74,0,ATB_55_2026-08-05.csv
2026-07-05T01:10:29Z,47,OTICE_v5_LoRA,145,22.94,63.67,571.85,571.85,24.22,0,ATB_47_2026-08-05.csv
2026-07-05T01:10:40Z,54,OTICE_v5_LoRA,0,22.97,59.05,597.26,597.26,24.23,0,ATB_54_2026-08-05.csv
2026-07-05T01:10:48Z,55,OTICE_v5_LoRA,256,0,0,478.53,478.53,24.79,0,ATB_55_2026-08-05.csv
2026-07-05T01:11:29Z,47,OTICE_v5_LoRA,151,22.97,63.37,572.58,572.58,24.28,0,ATB_47_2026-08-05.csv
2026-07-05T01:11:40Z,54,OTICE_v5_LoRA,0,22.99,58.95,596.38,596.38,24.27,0,ATB_54_2026-08-05.csv
2026-07-05T01:11:48Z,55,OTICE_v5_LoRA,256,0,0,479.76,479.76,24.8,0,ATB_55_2026-08-05.csv
2026-07-05T01:12:30Z,47,OTICE_v5_LoRA,142,22.99,63.56,573.56,573.56,24.26,0,ATB_47_2026-08-05.csv
2026-07-05T01:12:40Z,54,OTICE_v5_LoRA,0,22.99,59.14,597.14,597.14,24.22,0,ATB_54_2026-08-05.csv
2026-07-05T01:12:48Z,55,OTICE_v5_LoRA,256,0,0,479.53,479.53,24.8,0,ATB_55_2026-08-05.csv
2026-07-05T01:13:30Z,47,OTICE_v5_LoRA,146,23.02,63.23,571.99,571.99,24.35,0,ATB_47_2026-08-05.csv
2026-07-05T01:13:40Z,54,OTICE_v5_LoRA,0,23.01,58.85,596.26,596.26,24.29,0,ATB_54_2026-08-05.csv
2026-07-05T01:13:48Z,55,OTICE_v5_LoRA,256,0,0,480.06,480.06,24.79,0,ATB_55_2026-08-05.csv
2026-07-05T01:14:30Z,47,OTICE_v5_LoRA,142,23.02,63.14,570.53,570.53,24.38,0,ATB_47_2026-08-05.csv
2026-07-05T01:14:40Z,54,OTICE_v5_LoRA,0,23.03,58.75,598.44,598.44,24.32,0,ATB_54_2026-08-05.csv
2026-07-05T01:14:48Z,55,OTICE_v5_LoRA,256,0,0,482.31,482.31,24.79,0,ATB_55_2026-08-05.csv
2026-07-05T01:15:30Z,47,OTICE_v5_LoRA,143,23.04,63.04,571.35,571.35,24.32,0,ATB_47_2026-08-05.csv
2026-07-05T01:15:41Z,54,OTICE_v5_LoRA,0,23.03,58.75,600.6,600.6,24.32,0,ATB_54_2026-08-05.csv
2026-07-05T01:15:48Z,55,OTICE_v5_LoRA,256,0,0,482.12,482.12,24.82,0,ATB_55_2026-08-05.csv
2026-07-05T01:16:30Z,47,OTICE_v5_LoRA,141,23.01,63.14,567.55,567.55,24.35,0,ATB_47_2026-08-05.csv
2026-07-05T01:16:41Z,54,OTICE_v5_LoRA,0,23.01,58.75,602.4,602.4,24.32,0,ATB_54_2026-08-05.csv
2026-07-05T01:16:48Z,55,OTICE_v5_LoRA,0,0,0,480.37,480.37,24.83,0,ATB_55_2026-08-05.csv
2026-07-05T01:17:30Z,47,OTICE_v5_LoRA,136,23.04,63.04,569.46,569.46,24.39,0,ATB_47_2026-08-05.csv
2026-07-05T01:17:41Z,54,OTICE_v5_LoRA,0,23.01,58.75,603.08,603.08,24.32,0,ATB_54_2026-08-05.csv
2026-07-05T01:17:48Z,55,OTICE_v5_LoRA,0,0,0,482.01,482.01,24.83,0,ATB_55_2026-08-05.csv
2026-07-05T01:18:30Z,47,OTICE_v5_LoRA,133,23.05,62.93,570.33,570.33,24.38,0,ATB_47_2026-08-05.csv
2026-07-05T01:18:41Z,54,OTICE_v5_LoRA,0,23.03,58.65,600.25,600.25,24.29,0,ATB_54_2026-08-05.csv
2026-07-05T01:18:48Z,55,OTICE_v5_LoRA,0,0,0,479.56,479.56,24.82,0,ATB_55_2026-08-05.csv
2026-07-05T01:19:30Z,47,OTICE_v5_LoRA,132,23.04,62.93,570.85,570.85,24.39,0,ATB_47_2026-08-05.csv
2026-07-05T01:19:41Z,54,OTICE_v5_LoRA,0,23.03,58.75,600.1,600.1,24.26,0,ATB_54_2026-08-05.csv
2026-07-05T01:19:48Z,55,OTICE_v5_LoRA,0,0,0,477.78,477.78,24.82,0,ATB_55_2026-08-05.csv
2026-07-05T01:20:30Z,47,OTICE_v5_LoRA,136,23.05,62.93,570.91,570.91,24.4,0,ATB_47_2026-08-05.csv
2026-07-05T01:20:41Z,54,OTICE_v5_LoRA,0,23.04,58.65,597.58,597.58,24.32,0,ATB_54_2026-08-05.csv
2026-07-05T01:20:48Z,55,OTICE_v5_LoRA,0,0,0,476.98,476.98,24.82,0,ATB_55_2026-08-05.csv
2026-07-05T01:21:31Z,47,OTICE_v5_LoRA,134,23.07,62.84,571.51,571.51,24.54,0,ATB_47_2026-08-05.csv
2026-07-05T01:21:41Z,54,OTICE_v5_LoRA,0,23.06,58.55,597.78,597.78,24.4,0,ATB_54_2026-08-05.csv
2026-07-05T01:21:48Z,55,OTICE_v5_LoRA,0,0,0,475.95,475.95,24.82,0,ATB_55_2026-08-05.csv
2026-07-05T01:22:31Z,47,OTICE_v5_LoRA,128,23.09,62.84,572.19,572.19,24.54,0,ATB_47_2026-08-05.csv
2026-07-05T01:22:41Z,54,OTICE_v5_LoRA,0,23.07,58.75,599.49,599.49,24.44,0,ATB_54_2026-08-05.csv
2026-07-05T01:22:48Z,55,OTICE_v5_LoRA,0,0,0,473.24,473.24,24.83,0,ATB_55_2026-08-05.csv
2026-07-05T01:23:31Z,47,OTICE_v5_LoRA,139,23.09,62.74,577.03,577.03,24.51,0,ATB_47_2026-08-05.csv
2026-07-05T01:23:41Z,54,OTICE_v5_LoRA,0,23.07,58.55,598.83,598.83,24.43,0,ATB_54_2026-08-05.csv
2026-07-05T01:23:49Z,55,OTICE_v5_LoRA,0,0,0,474.86,474.86,24.8,0,ATB_55_2026-08-05.csv
2026-07-05T01:24:31Z,47,OTICE_v5_LoRA,134,23.09,62.74,576.51,576.51,24.52,0,ATB_47_2026-08-05.csv
2026-07-05T01:24:41Z,54,OTICE_v5_LoRA,0,23.09,58.55,600.21,600.21,24.46,0,ATB_54_2026-08-05.csv
2026-07-05T01:24:49Z,55,OTICE_v5_LoRA,0,0,0,475.1,475.1,24.84,0,ATB_55_2026-08-05.csv
2026-07-05T01:25:41Z,54,OTICE_v5_LoRA,0,23.07,58.55,599.32,599.32,24.41,0,ATB_54_2026-08-05.csv
2026-07-05T01:25:49Z,55,OTICE_v5_LoRA,0,0,0,474.58,474.58,24.84,0,ATB_55_2026-08-05.csv
2026-07-05T01:26:29Z,47,OTICE_v5_LoRA,135,23.09,62.84,580.7,580.7,24.43,0,ATB_47_2026-08-05.csv
2026-07-05T01:26:41Z,54,OTICE_v5_LoRA,0,23.07,58.65,596.25,596.25,24.4,0,ATB_54_2026-08-05.csv
2026-07-05T01:26:49Z,55,OTICE_v5_LoRA,0,0,0,479.61,479.61,24.84,0,ATB_55_2026-08-05.csv
2026-07-05T01:27:29Z,47,OTICE_v5_LoRA,132,23.09,62.84,582.76,582.76,24.45,0,ATB_47_2026-08-05.csv
2026-07-05T01:27:42Z,54,OTICE_v5_LoRA,0,23.07,58.75,596.45,596.45,24.4,0,ATB_54_2026-08-05.csv
2026-07-05T01:27:49Z,55,OTICE_v5_LoRA,0,0,0,478.92,478.92,24.84,0,ATB_55_2026-08-05.csv
2026-07-05T01:28:29Z,47,OTICE_v5_LoRA,130,23.08,63.04,580.73,580.73,24.36,0,ATB_47_2026-08-05.csv
2026-07-05T01:28:42Z,54,OTICE_v5_LoRA,0,23.06,58.75,596.64,596.64,24.34,0,ATB_54_2026-08-05.csv
2026-07-05T01:28:49Z,55,OTICE_v5_LoRA,0,0,0,479.58,479.58,24.83,0,ATB_55_2026-08-05.csv
2026-07-05T01:29:30Z,47,OTICE_v5_LoRA,134,23.09,62.93,578.78,578.78,24.4,0,ATB_47_2026-08-05.csv
2026-07-05T01:29:42Z,54,OTICE_v5_LoRA,0,23.09,58.65,595.7,595.7,24.4,0,ATB_54_2026-08-05.csv
2026-07-05T01:29:49Z,55,OTICE_v5_LoRA,0,0,0,479.05,479.05,24.86,0,ATB_55_2026-08-05.csv
2026-07-05T01:30:30Z,47,OTICE_v5_LoRA,132,23.09,62.93,578.28,578.28,24.42,0,ATB_47_2026-08-05.csv
2026-07-05T01:30:42Z,54,OTICE_v5_LoRA,0,23.07,58.65,595,595,24.41,0,ATB_54_2026-08-05.csv
2026-07-05T01:30:49Z,55,OTICE_v5_LoRA,0,0,0,481.67,481.67,24.86,0,ATB_55_2026-08-05.csv
2026-07-05T01:31:30Z,47,OTICE_v5_LoRA,134,23.11,62.84,578.19,578.19,24.49,0,ATB_47_2026-08-05.csv
2026-07-05T01:31:42Z,54,OTICE_v5_LoRA,0,23.09,58.55,594.38,594.38,24.46,0,ATB_54_2026-08-05.csv
2026-07-05T01:31:49Z,55,OTICE_v5_LoRA,0,0,0,479.74,479.74,24.86,0,ATB_55_2026-08-05.csv
2026-07-05T01:32:30Z,47,OTICE_v5_LoRA,123,23.09,62.84,581.97,581.97,24.45,0,ATB_47_2026-08-05.csv
2026-07-05T01:32:42Z,54,OTICE_v5_LoRA,0,23.07,58.65,592.85,592.85,24.43,0,ATB_54_2026-08-05.csv
2026-07-05T01:32:49Z,55,OTICE_v5_LoRA,0,0,0,479.02,479.02,24.87,0,ATB_55_2026-08-05.csv
2026-07-05T01:33:30Z,47,OTICE_v5_LoRA,132,23.09,62.84,582.22,582.22,24.49,0,ATB_47_2026-08-05.csv
2026-07-05T01:33:42Z,54,OTICE_v5_LoRA,0,23.11,58.65,593.76,593.76,24.44,0,ATB_54_2026-08-05.csv
2026-07-05T01:33:49Z,55,OTICE_v5_LoRA,0,0,0,480.95,480.95,24.86,0,ATB_55_2026-08-05.csv
2026-07-05T01:34:30Z,47,OTICE_v5_LoRA,130,23.09,63.04,582.47,582.47,24.46,0,ATB_47_2026-08-05.csv
2026-07-05T01:34:42Z,54,OTICE_v5_LoRA,0,23.09,58.75,596.09,596.09,24.37,0,ATB_54_2026-08-05.csv
2026-07-05T01:34:49Z,55,OTICE_v5_LoRA,0,0,0,478.39,478.39,24.86,0,ATB_55_2026-08-05.csv
2026-07-05T01:35:30Z,47,OTICE_v5_LoRA,130,23.08,63.04,585.11,585.11,24.4,0,ATB_47_2026-08-05.csv
2026-07-05T01:35:42Z,54,OTICE_v5_LoRA,0,23.07,59.05,598.24,598.24,24.36,0,ATB_54_2026-08-05.csv
2026-07-05T01:35:49Z,55,OTICE_v5_LoRA,0,0,0,479.12,479.12,24.83,0,ATB_55_2026-08-05.csv
2026-07-05T01:36:30Z,47,OTICE_v5_LoRA,133,23.04,63.64,582.63,582.63,24.25,0,ATB_47_2026-08-05.csv
2026-07-05T01:36:42Z,54,OTICE_v5_LoRA,0,23.06,59.55,599.41,599.41,24.26,0,ATB_54_2026-08-05.csv
2026-07-05T01:36:49Z,55,OTICE_v5_LoRA,0,0,0,478.63,478.63,24.73,0,ATB_55_2026-08-05.csv
2026-07-05T01:37:30Z,47,OTICE_v5_LoRA,134,23.02,63.64,582.68,582.68,24.16,0,ATB_47_2026-08-05.csv
2026-07-05T01:37:42Z,54,OTICE_v5_LoRA,0,23.03,59.25,600.15,600.15,24.2,0,ATB_54_2026-08-05.csv
2026-07-05T01:37:49Z,55,OTICE_v5_LoRA,0,0,0,475.43,475.43,24.74,0,ATB_55_2026-08-05.csv
2026-07-05T01:38:30Z,47,OTICE_v5_LoRA,142,23.02,63.64,583.54,583.54,24.24,0,ATB_47_2026-08-05.csv
2026-07-05T01:38:42Z,54,OTICE_v5_LoRA,0,23.04,59.14,601.76,601.76,24.27,0,ATB_54_2026-08-05.csv
2026-07-05T01:38:49Z,55,OTICE_v5_LoRA,0,0,0,477.05,477.05,24.79,0,ATB_55_2026-08-05.csv
2026-07-05T01:39:30Z,47,OTICE_v5_LoRA,141,23.02,63.84,580.34,580.34,24.24,0,ATB_47_2026-08-05.csv
2026-07-05T01:39:42Z,54,OTICE_v5_LoRA,0,23,59.55,601.06,601.06,24.2,0,ATB_54_2026-08-05.csv
2026-07-05T01:39:49Z,55,OTICE_v5_LoRA,0,0,0,476.26,476.26,24.8,0,ATB_55_2026-08-05.csv
2026-07-05T01:40:31Z,47,OTICE_v5_LoRA,139,22.99,63.97,578.91,578.91,24.18,0,ATB_47_2026-08-05.csv
2026-07-05T01:40:43Z,54,OTICE_v5_LoRA,0,22.99,59.74,600.67,600.67,24.15,0,ATB_54_2026-08-05.csv
2026-07-05T01:40:49Z,55,OTICE_v5_LoRA,0,0,0,471.91,471.91,24.77,0,ATB_55_2026-08-05.csv
2026-07-05T01:41:31Z,47,OTICE_v5_LoRA,145,22.97,64.17,579.48,579.48,24.11,0,ATB_47_2026-08-05.csv
2026-07-05T01:41:43Z,54,OTICE_v5_LoRA,0,23,59.74,601.82,601.82,24.12,0,ATB_54_2026-08-05.csv
2026-07-05T01:41:50Z,55,OTICE_v5_LoRA,0,0,0,472.91,472.91,24.72,0,ATB_55_2026-08-05.csv
2026-07-05T01:42:31Z,47,OTICE_v5_LoRA,143,22.96,63.97,578.8,578.8,24.14,0,ATB_47_2026-08-05.csv
2026-07-05T01:42:43Z,54,OTICE_v5_LoRA,0,23,59.44,601.75,601.75,24.16,0,ATB_54_2026-08-05.csv
2026-07-05T01:42:50Z,55,OTICE_v5_LoRA,0,0,0,472.62,472.62,24.74,0,ATB_55_2026-08-05.csv
2026-07-05T01:43:31Z,47,OTICE_v5_LoRA,143,22.97,63.87,583.85,583.85,24.24,0,ATB_47_2026-08-05.csv
2026-07-05T01:43:43Z,54,OTICE_v5_LoRA,0,23.01,59.64,600.8,600.8,24.15,0,ATB_54_2026-08-05.csv
2026-07-05T01:43:50Z,55,OTICE_v5_LoRA,0,0,0,472.58,472.58,24.74,0,ATB_55_2026-08-05.csv
2026-07-05T01:44:31Z,47,OTICE_v5_LoRA,146,22.97,63.97,583.03,583.03,24.12,0,ATB_47_2026-08-05.csv
2026-07-05T01:44:43Z,54,OTICE_v5_LoRA,0,23,59.55,600.59,600.59,24.15,0,ATB_54_2026-08-05.csv
2026-07-05T01:44:50Z,55,OTICE_v5_LoRA,0,0,0,469.02,469.02,24.74,0,ATB_55_2026-08-05.csv
2026-07-05T01:45:31Z,47,OTICE_v5_LoRA,155,22.94,63.97,580.52,580.52,24.16,0,ATB_47_2026-08-05.csv
2026-07-05T01:45:43Z,54,OTICE_v5_LoRA,0,23,59.35,599.99,599.99,24.15,0,ATB_54_2026-08-05.csv
2026-07-05T01:45:50Z,55,OTICE_v5_LoRA,0,0.04,0,472.18,472.18,24.72,0,ATB_55_2026-08-05.csv
2026-07-05T01:46:31Z,47,OTICE_v5_LoRA,150,22.94,64.17,579.58,579.58,24.09,0,ATB_47_2026-08-05.csv
2026-07-05T01:46:43Z,54,OTICE_v5_LoRA,0,22.99,59.74,600.71,600.71,24.11,0,ATB_54_2026-08-05.csv
2026-07-05T01:46:50Z,55,OTICE_v5_LoRA,0,0.04,0,477.19,477.19,24.74,0,ATB_55_2026-08-05.csv
2026-07-05T01:47:31Z,47,OTICE_v5_LoRA,150,22.96,64.06,580.15,580.15,24.19,0,ATB_47_2026-08-05.csv
2026-07-05T01:47:43Z,54,OTICE_v5_LoRA,0,23.01,59.44,602.14,602.14,24.2,0,ATB_54_2026-08-05.csv
2026-07-05T01:47:50Z,55,OTICE_v5_LoRA,0,0,0,475.69,475.69,24.7,0,ATB_55_2026-08-05.csv
2026-07-05T01:48:31Z,47,OTICE_v5_LoRA,144,22.94,63.97,584.09,584.09,24.19,0,ATB_47_2026-08-05.csv
2026-07-05T01:48:43Z,54,OTICE_v5_LoRA,0,22.99,59.25,600.91,600.91,24.2,0,ATB_54_2026-08-05.csv
2026-07-05T01:48:50Z,55,OTICE_v5_LoRA,0,0,0,473.85,473.85,24.76,0,ATB_55_2026-08-05.csv
2026-07-05T01:49:31Z,47,OTICE_v5_LoRA,145,22.96,63.87,580.6,580.6,24.29,0,ATB_47_2026-08-05.csv
2026-07-05T01:49:43Z,54,OTICE_v5_LoRA,0,22.99,59.55,601.39,601.39,24.17,0,ATB_54_2026-08-05.csv
2026-07-05T01:49:50Z,55,OTICE_v5_LoRA,0,0,0,472.77,472.77,24.76,0,ATB_55_2026-08-05.csv
2026-07-05T01:50:31Z,47,OTICE_v5_LoRA,143,22.96,63.76,581.77,581.77,24.24,0,ATB_47_2026-08-05.csv
2026-07-05T01:50:43Z,54,OTICE_v5_LoRA,0,22.97,59.55,599.83,599.83,24.13,0,ATB_54_2026-08-05.csv
2026-07-05T01:50:50Z,55,OTICE_v5_LoRA,0,0,0,478.28,478.28,24.76,0,ATB_55_2026-08-05.csv
2026-07-05T01:51:31Z,47,OTICE_v5_LoRA,155,22.94,63.97,579.47,579.47,24.15,0,ATB_47_2026-08-05.csv
2026-07-05T01:51:43Z,54,OTICE_v5_LoRA,0,22.94,59.64,597.86,597.86,24.09,0,ATB_54_2026-08-05.csv
2026-07-05T01:51:50Z,55,OTICE_v5_LoRA,0,0,0,478.57,478.57,24.76,0,ATB_55_2026-08-05.csv
2026-07-05T01:52:31Z,47,OTICE_v5_LoRA,143,22.92,64.27,580.73,580.73,24.09,0,ATB_47_2026-08-05.csv
2026-07-05T01:52:43Z,54,OTICE_v5_LoRA,0,22.93,59.85,596.87,596.87,24.09,0,ATB_54_2026-08-05.csv
2026-07-05T01:52:50Z,55,OTICE_v5_LoRA,0,0,0,484.25,484.25,24.72,0,ATB_55_2026-08-05.csv
2026-07-05T01:53:32Z,47,OTICE_v5_LoRA,142,22.96,63.67,580.34,580.34,24.36,0,ATB_47_2026-08-05.csv
2026-07-05T01:53:44Z,54,OTICE_v5_LoRA,0,22.99,59.14,599.71,599.71,24.24,0,ATB_54_2026-08-05.csv
2026-07-05T01:53:50Z,55,OTICE_v5_LoRA,32768,0,0,482.63,482.63,24.77,0,ATB_55_2026-08-05.csv
2026-07-05T01:54:32Z,47,OTICE_v5_LoRA,140,22.99,63.47,580.14,580.14,24.36,0,ATB_47_2026-08-05.csv
2026-07-05T01:55:32Z,47,OTICE_v5_LoRA,143,22.97,63.47,582.2,582.2,24.35,0,ATB_47_2026-08-05.csv
2026-07-05T01:55:43Z,54,OTICE_v5_LoRA,0,22.99,59.14,591.46,591.46,24.26,0,ATB_54_2026-08-05.csv
2026-07-05T01:55:51Z,55,OTICE_v5_LoRA,0,0,0,484.86,484.86,24.76,0,ATB_55_2026-08-05.csv
2026-07-05T01:56:32Z,47,OTICE_v5_LoRA,140,22.99,63.56,580.7,580.7,24.32,0,ATB_47_2026-08-05.csv
2026-07-05T01:56:43Z,54,OTICE_v5_LoRA,0,22.99,59.25,591.74,591.74,24.23,0,ATB_54_2026-08-05.csv
2026-07-05T01:56:51Z,55,OTICE_v5_LoRA,0,0,0,488.03,488.03,24.76,0,ATB_55_2026-08-05.csv
2026-07-05T01:57:32Z,47,OTICE_v5_LoRA,146,22.97,63.56,578.51,578.51,24.36,0,ATB_47_2026-08-05.csv
2026-07-05T01:57:43Z,54,OTICE_v5_LoRA,0,22.99,59.14,588.59,588.59,24.26,0,ATB_54_2026-08-05.csv
2026-07-05T01:57:51Z,55,OTICE_v5_LoRA,65535,79.36,2.4,489,489,24.76,0,ATB_55_2026-08-05.csv
2026-07-05T01:58:32Z,47,OTICE_v5_LoRA,143,22.97,63.47,578.35,578.35,24.38,0,ATB_47_2026-08-05.csv
2026-07-05T01:58:43Z,54,OTICE_v5_LoRA,0,23,59.14,588.67,588.67,24.3,0,ATB_54_2026-08-05.csv
2026-07-05T01:58:51Z,55,OTICE_v5_LoRA,65535,79.36,2.4,488.02,488.02,24.77,0,ATB_55_2026-08-05.csv
2026-07-05T01:59:32Z,47,OTICE_v5_LoRA,142,22.97,63.47,579.97,579.97,24.34,0,ATB_47_2026-08-05.csv
2026-07-05T01:59:43Z,54,OTICE_v5_LoRA,0,22.99,59.14,590.73,590.73,24.3,0,ATB_54_2026-08-05.csv
2026-07-05T01:59:51Z,55,OTICE_v5_LoRA,65535,79.36,2.4,485.31,485.31,24.77,0,ATB_55_2026-08-05.csv
2026-07-05T02:00:32Z,47,OTICE_v5_LoRA,139,23.01,63.34,577.78,577.78,24.45,0,ATB_47_2026-08-05.csv
2026-07-05T02:00:43Z,54,OTICE_v5_LoRA,0,23.03,59.05,591.92,591.92,24.32,0,ATB_54_2026-08-05.csv
2026-07-05T02:00:51Z,55,OTICE_v5_LoRA,65535,79.36,2.4,484.62,484.62,24.77,0,ATB_55_2026-08-05.csv
2026-07-05T02:01:32Z,47,OTICE_v5_LoRA,140,22.99,63.26,578.11,578.11,24.4,0,ATB_47_2026-08-05.csv
2026-07-05T02:01:43Z,54,OTICE_v5_LoRA,0,23,58.95,591.17,591.17,24.32,0,ATB_54_2026-08-05.csv
2026-07-05T02:01:51Z,55,OTICE_v5_LoRA,65535,79.36,2.4,489.43,489.43,24.76,0,ATB_55_2026-08-05.csv
2026-07-05T02:02:32Z,47,OTICE_v5_LoRA,134,23.02,63.23,576.59,576.59,24.43,0,ATB_47_2026-08-05.csv
2026-07-05T02:02:43Z,54,OTICE_v5_LoRA,0,23.01,58.95,590.71,590.71,24.36,0,ATB_54_2026-08-05.csv
2026-07-05T02:02:51Z,55,OTICE_v5_LoRA,0,0,0,490.99,490.99,24.77,0,ATB_55_2026-08-05.csv
2026-07-05T02:03:33Z,47,OTICE_v5_LoRA,144,23.04,63.43,576.15,576.15,24.42,0,ATB_47_2026-08-05.csv
2026-07-05T02:03:43Z,54,OTICE_v5_LoRA,0,23.03,59.05,591.76,591.76,24.36,0,ATB_54_2026-08-05.csv
2026-07-05T02:03:51Z,55,OTICE_v5_LoRA,0,0,0,492.32,492.32,24.8,0,ATB_55_2026-08-05.csv
2026-07-05T02:04:33Z,47,OTICE_v5_LoRA,130,23.05,63.14,576.87,576.87,24.45,0,ATB_47_2026-08-05.csv
2026-07-05T02:04:44Z,54,OTICE_v5_LoRA,0,23.03,58.95,592.81,592.81,24.37,0,ATB_54_2026-08-05.csv
2026-07-05T02:04:51Z,55,OTICE_v5_LoRA,63488,0,0,492.32,492.32,24.79,0,ATB_55_2026-08-05.csv
2026-07-05T02:05:33Z,47,OTICE_v5_LoRA,140,23.02,63.23,575.26,575.26,24.39,0,ATB_47_2026-08-05.csv
2026-07-05T02:05:44Z,54,OTICE_v5_LoRA,0,23.03,59.05,591.16,591.16,24.36,0,ATB_54_2026-08-05.csv
2026-07-05T02:05:51Z,55,OTICE_v5_LoRA,63488,0,0,493.02,493.02,24.77,0,ATB_55_2026-08-05.csv
2026-07-05T02:06:33Z,47,OTICE_v5_LoRA,139,23.02,63.34,574.64,574.64,24.39,0,ATB_47_2026-08-05.csv
2026-07-05T02:06:44Z,54,OTICE_v5_LoRA,0,23.03,59.05,591.36,591.36,24.36,0,ATB_54_2026-08-05.csv
2026-07-05T02:06:51Z,55,OTICE_v5_LoRA,63488,0,0,491.88,491.88,24.79,0,ATB_55_2026-08-05.csv
2026-07-05T02:07:33Z,47,OTICE_v5_LoRA,136,23.02,63.23,572.93,572.93,24.38,0,ATB_47_2026-08-05.csv
2026-07-05T02:07:44Z,54,OTICE_v5_LoRA,0,23.01,59.05,591.8,591.8,24.32,0,ATB_54_2026-08-05.csv
2026-07-05T02:07:51Z,55,OTICE_v5_LoRA,63488,0,0,492.74,492.74,24.79,0,ATB_55_2026-08-05.csv
2026-07-05T02:08:33Z,47,OTICE_v5_LoRA,136,23.04,63.23,574.51,574.51,24.36,0,ATB_47_2026-08-05.csv
2026-07-05T02:08:44Z,54,OTICE_v5_LoRA,0,23.01,59.05,592.78,592.78,24.32,0,ATB_54_2026-08-05.csv
2026-07-05T02:08:51Z,55,OTICE_v5_LoRA,63488,0,0,494.26,494.26,24.79,0,ATB_55_2026-08-05.csv
2026-07-05T02:09:33Z,47,OTICE_v5_LoRA,137,23.04,63.34,574.98,574.98,24.45,0,ATB_47_2026-08-05.csv
2026-07-05T02:09:44Z,54,OTICE_v5_LoRA,0,23.04,59.05,596.53,596.53,24.4,0,ATB_54_2026-08-05.csv
2026-07-05T02:09:51Z,55,OTICE_v5_LoRA,0,0,0,493.34,493.34,24.79,0,ATB_55_2026-08-05.csv
2026-07-05T02:10:33Z,47,OTICE_v5_LoRA,137,23.05,63.23,575.34,575.34,24.4,0,ATB_47_2026-08-05.csv
2026-07-05T02:10:44Z,54,OTICE_v5_LoRA,0,23.03,59.05,600.08,600.08,24.34,0,ATB_54_2026-08-05.csv
2026-07-05T02:10:51Z,55,OTICE_v5_LoRA,0,0,0,493.84,493.84,24.8,0,ATB_55_2026-08-05.csv
2026-07-05T02:11:33Z,47,OTICE_v5_LoRA,135,23.04,63.43,574.75,574.75,24.39,0,ATB_47_2026-08-05.csv
2026-07-05T02:11:44Z,54,OTICE_v5_LoRA,0,23.03,59.14,599.22,599.22,24.34,0,ATB_54_2026-08-05.csv
2026-07-05T02:11:51Z,55,OTICE_v5_LoRA,0,0,0,494.45,494.45,24.79,0,ATB_55_2026-08-05.csv
2026-07-05T02:12:33Z,47,OTICE_v5_LoRA,135,23.05,63.23,576.93,576.93,24.4,0,ATB_47_2026-08-05.csv
2026-07-05T02:12:44Z,54,OTICE_v5_LoRA,0,23.03,58.95,598.87,598.87,24.33,0,ATB_54_2026-08-05.csv
2026-07-05T02:12:51Z,55,OTICE_v5_LoRA,0,0,0,496.39,496.39,24.77,0,ATB_55_2026-08-05.csv
2026-07-05T02:13:33Z,47,OTICE_v5_LoRA,135,23.04,63.34,572.93,572.93,24.38,0,ATB_47_2026-08-05.csv
2026-07-05T02:13:44Z,54,OTICE_v5_LoRA,0,23.06,58.95,598.25,598.25,24.37,0,ATB_54_2026-08-05.csv
2026-07-05T02:13:52Z,55,OTICE_v5_LoRA,0,0,0,494.97,494.97,24.76,0,ATB_55_2026-08-05.csv
2026-07-05T02:14:34Z,47,OTICE_v5_LoRA,130,23.05,63.34,575.21,575.21,24.36,0,ATB_47_2026-08-05.csv
2026-07-05T02:14:44Z,54,OTICE_v5_LoRA,0,23.06,59.05,599.09,599.09,24.41,0,ATB_54_2026-08-05.csv
2026-07-05T02:14:52Z,55,OTICE_v5_LoRA,0,0,0,494.62,494.62,24.74,0,ATB_55_2026-08-05.csv
2026-07-05T02:15:34Z,47,OTICE_v5_LoRA,133,23.07,63.14,575.09,575.09,24.4,0,ATB_47_2026-08-05.csv
2026-07-05T02:15:44Z,54,OTICE_v5_LoRA,0,23.04,58.95,601.13,601.13,24.41,0,ATB_54_2026-08-05.csv
2026-07-05T02:15:52Z,55,OTICE_v5_LoRA,254,0,0,491.29,491.29,24.79,0,ATB_55_2026-08-05.csv
2026-07-05T02:16:34Z,47,OTICE_v5_LoRA,133,23.07,63.23,575.94,575.94,24.43,0,ATB_47_2026-08-05.csv
2026-07-05T02:16:44Z,54,OTICE_v5_LoRA,0,23.06,59.05,601.3,601.3,24.37,0,ATB_54_2026-08-05.csv
2026-07-05T02:16:52Z,55,OTICE_v5_LoRA,254,0,0,492.31,492.31,24.76,0,ATB_55_2026-08-05.csv
2026-07-05T02:17:34Z,47,OTICE_v5_LoRA,134,23.08,63.23,576.73,576.73,24.38,0,ATB_47_2026-08-05.csv
2026-07-05T02:17:44Z,54,OTICE_v5_LoRA,0,23.06,59.05,601.04,601.04,24.36,0,ATB_54_2026-08-05.csv
2026-07-05T02:17:52Z,55,OTICE_v5_LoRA,254,0,0,486.57,486.57,24.79,0,ATB_55_2026-08-05.csv
2026-07-05T02:18:34Z,47,OTICE_v5_LoRA,138,23.08,63.23,573.9,573.9,24.42,0,ATB_47_2026-08-05.csv
2026-07-05T02:18:44Z,54,OTICE_v5_LoRA,0,23.07,58.95,600.41,600.41,24.37,0,ATB_54_2026-08-05.csv
2026-07-05T02:18:52Z,55,OTICE_v5_LoRA,254,0,0,484.17,484.17,24.79,0,ATB_55_2026-08-05.csv
2026-07-05T02:19:34Z,47,OTICE_v5_LoRA,137,23.08,63.23,577.18,577.18,24.43,0,ATB_47_2026-08-05.csv
2026-07-05T02:19:45Z,54,OTICE_v5_LoRA,0,23.09,58.95,604.55,604.55,24.43,0,ATB_54_2026-08-05.csv
2026-07-05T02:19:52Z,55,OTICE_v5_LoRA,254,0,0,483.4,483.4,24.82,0,ATB_55_2026-08-05.csv
2026-07-05T02:20:34Z,47,OTICE_v5_LoRA,136,23.09,63.14,575.8,575.8,24.45,0,ATB_47_2026-08-05.csv
2026-07-05T02:20:44Z,54,OTICE_v5_LoRA,0,23.09,58.95,606.28,606.28,24.46,0,ATB_54_2026-08-05.csv
2026-07-05T02:20:52Z,55,OTICE_v5_LoRA,1,0,0,486.17,486.17,24.8,0,ATB_55_2026-08-05.csv
2026-07-05T02:21:34Z,47,OTICE_v5_LoRA,131,23.09,63.14,574.93,574.93,24.46,0,ATB_47_2026-08-05.csv
2026-07-05T02:21:45Z,54,OTICE_v5_LoRA,0,23.07,58.95,607.14,607.14,24.46,0,ATB_54_2026-08-05.csv
2026-07-05T02:21:52Z,55,OTICE_v5_LoRA,1,0,0,487.74,487.74,24.82,0,ATB_55_2026-08-05.csv
2026-07-05T02:22:34Z,47,OTICE_v5_LoRA,132,23.08,63.23,573.54,573.54,24.48,0,ATB_47_2026-08-05.csv
2026-07-05T02:22:45Z,54,OTICE_v5_LoRA,0,23.06,58.95,606.03,606.03,24.4,0,ATB_54_2026-08-05.csv
2026-07-05T02:22:52Z,55,OTICE_v5_LoRA,1,0,0,489.63,489.63,24.8,0,ATB_55_2026-08-05.csv
2026-07-05T02:23:34Z,47,OTICE_v5_LoRA,128,23.09,63.23,575.04,575.04,24.43,0,ATB_47_2026-08-05.csv
2026-07-05T02:23:45Z,54,OTICE_v5_LoRA,0,23.07,58.95,605.48,605.48,24.41,0,ATB_54_2026-08-05.csv
2026-07-05T02:23:52Z,55,OTICE_v5_LoRA,1,0,0,490.67,490.67,24.76,0,ATB_55_2026-08-05.csv
2026-07-05T02:24:34Z,47,OTICE_v5_LoRA,133,23.08,63.23,576,576,24.42,0,ATB_47_2026-08-05.csv
2026-07-05T02:24:45Z,54,OTICE_v5_LoRA,0,23.07,59.05,606.75,606.75,24.39,0,ATB_54_2026-08-05.csv
2026-07-05T02:24:52Z,55,OTICE_v5_LoRA,1,0,0,488.01,488.01,24.77,0,ATB_55_2026-08-05.csv
2026-07-05T02:25:45Z,54,OTICE_v5_LoRA,0,23.07,59.05,608.58,608.58,24.4,0,ATB_54_2026-08-05.csv
2026-07-05T02:25:52Z,55,OTICE_v5_LoRA,1,0,0,486.5,486.5,24.77,0,ATB_55_2026-08-05.csv
2026-07-05T02:26:33Z,47,OTICE_v5_LoRA,137,23.09,63.34,580.9,580.9,24.45,0,ATB_47_2026-08-05.csv
2026-07-05T02:26:45Z,54,OTICE_v5_LoRA,0,23.07,59.05,609.78,609.78,24.44,0,ATB_54_2026-08-05.csv
2026-07-05T02:26:52Z,55,OTICE_v5_LoRA,1,0,0,485.5,485.5,24.79,0,ATB_55_2026-08-05.csv
2026-07-05T02:27:33Z,47,OTICE_v5_LoRA,134,23.09,63.14,582.35,582.35,24.4,0,ATB_47_2026-08-05.csv
2026-07-05T02:27:45Z,54,OTICE_v5_LoRA,0,23.07,59.05,609.86,609.86,24.39,0,ATB_54_2026-08-05.csv
2026-07-05T02:27:52Z,55,OTICE_v5_LoRA,65024,0,10.24,483.66,483.66,24.77,0,ATB_55_2026-08-05.csv
2026-07-05T02:28:33Z,47,OTICE_v5_LoRA,139,23.07,63.53,584.27,584.27,24.32,0,ATB_47_2026-08-05.csv
2026-07-05T02:28:45Z,54,OTICE_v5_LoRA,0,23.07,59.25,608.25,608.25,24.36,0,ATB_54_2026-08-05.csv
2026-07-05T02:28:52Z,55,OTICE_v5_LoRA,62976,0,0,485.71,485.71,24.74,0,ATB_55_2026-08-05.csv
2026-07-05T02:29:33Z,47,OTICE_v5_LoRA,134,23.04,63.94,583.21,583.21,24.26,0,ATB_47_2026-08-05.csv
2026-07-05T02:29:45Z,54,OTICE_v5_LoRA,0,23.07,59.55,608.29,608.29,24.3,0,ATB_54_2026-08-05.csv
2026-07-05T02:29:52Z,55,OTICE_v5_LoRA,62976,0,0,487.11,487.11,24.69,0,ATB_55_2026-08-05.csv
2026-07-05T02:30:33Z,47,OTICE_v5_LoRA,135,23.04,63.84,585.36,585.36,24.24,0,ATB_47_2026-08-05.csv
2026-07-05T02:30:46Z,54,OTICE_v5_LoRA,0,23.07,59.55,611.07,611.07,24.27,0,ATB_54_2026-08-05.csv
2026-07-05T02:30:52Z,55,OTICE_v5_LoRA,62976,0,0,489.34,489.34,24.64,0,ATB_55_2026-08-05.csv
2026-07-05T02:31:33Z,47,OTICE_v5_LoRA,136,23.04,63.94,585.27,585.27,24.24,0,ATB_47_2026-08-05.csv
2026-07-05T02:31:46Z,54,OTICE_v5_LoRA,0,23.06,59.55,608.89,608.89,24.3,0,ATB_54_2026-08-05.csv
2026-07-05T02:31:52Z,55,OTICE_v5_LoRA,0,0,0,485.77,485.77,24.63,0,ATB_55_2026-08-05.csv
2026-07-05T02:32:33Z,47,OTICE_v5_LoRA,142,23.02,64.03,584.31,584.31,24.24,0,ATB_47_2026-08-05.csv
2026-07-05T02:32:46Z,54,OTICE_v5_LoRA,0,23.06,59.44,611.48,611.48,24.32,0,ATB_54_2026-08-05.csv
2026-07-05T02:32:53Z,55,OTICE_v5_LoRA,0,0,0,485.04,485.04,24.64,0,ATB_55_2026-08-05.csv
2026-07-05T02:33:34Z,47,OTICE_v5_LoRA,142,23.02,64.23,586.78,586.78,24.21,0,ATB_47_2026-08-05.csv
2026-07-05T02:33:46Z,54,OTICE_v5_LoRA,0,23.04,59.94,611.96,611.96,24.22,0,ATB_54_2026-08-05.csv
2026-07-05T02:33:53Z,55,OTICE_v5_LoRA,0,0,0,486.55,486.55,24.62,0,ATB_55_2026-08-05.csv
2026-07-05T02:34:34Z,47,OTICE_v5_LoRA,143,22.99,64.27,584.22,584.22,24.18,0,ATB_47_2026-08-05.csv
2026-07-05T02:34:46Z,54,OTICE_v5_LoRA,0,23.07,59.74,611.26,611.26,24.24,0,ATB_54_2026-08-05.csv
2026-07-05T02:34:53Z,55,OTICE_v5_LoRA,0,0,0,488.05,488.05,24.63,0,ATB_55_2026-08-05.csv
2026-07-05T02:35:34Z,47,OTICE_v5_LoRA,140,22.97,64.36,580.36,580.36,24.16,0,ATB_47_2026-08-05.csv
2026-07-05T02:35:46Z,54,OTICE_v5_LoRA,0,23.03,59.85,611.07,611.07,24.22,0,ATB_54_2026-08-05.csv
2026-07-05T02:35:53Z,55,OTICE_v5_LoRA,0,0,0,485.26,485.26,24.69,0,ATB_55_2026-08-05.csv
2026-07-05T02:36:34Z,47,OTICE_v5_LoRA,145,22.99,64.17,579.65,579.65,24.19,0,ATB_47_2026-08-05.csv
2026-07-05T02:36:46Z,54,OTICE_v5_LoRA,0,23.01,59.85,609.77,609.77,24.23,0,ATB_54_2026-08-05.csv
2026-07-05T02:36:53Z,55,OTICE_v5_LoRA,0,0,0,483.19,483.19,24.7,0,ATB_55_2026-08-05.csv
2026-07-05T02:37:34Z,47,OTICE_v5_LoRA,146,22.96,64.47,578.52,578.52,24.14,0,ATB_47_2026-08-05.csv
2026-07-05T02:37:46Z,54,OTICE_v5_LoRA,0,23.03,59.94,605.82,605.82,24.2,0,ATB_54_2026-08-05.csv
2026-07-05T02:37:53Z,55,OTICE_v5_LoRA,0,0,0,485.44,485.44,24.64,0,ATB_55_2026-08-05.csv
2026-07-05T02:38:34Z,47,OTICE_v5_LoRA,139,22.96,64.27,577.59,577.59,24.19,0,ATB_47_2026-08-05.csv
2026-07-05T02:38:46Z,54,OTICE_v5_LoRA,0,23.04,59.94,601.46,601.46,24.19,0,ATB_54_2026-08-05.csv
2026-07-05T02:38:53Z,55,OTICE_v5_LoRA,0,0,0,487.97,487.97,24.63,0,ATB_55_2026-08-05.csv
2026-07-05T02:39:34Z,47,OTICE_v5_LoRA,152,22.96,64.47,578.31,578.31,24.11,0,ATB_47_2026-08-05.csv
2026-07-05T02:39:46Z,54,OTICE_v5_LoRA,0,23,60.04,601.23,601.23,24.17,0,ATB_54_2026-08-05.csv
2026-07-05T02:39:53Z,55,OTICE_v5_LoRA,0,0,0,487.37,487.37,24.63,0,ATB_55_2026-08-05.csv
2026-07-05T02:40:34Z,47,OTICE_v5_LoRA,148,22.94,64.47,579.42,579.42,24.11,0,ATB_47_2026-08-05.csv
2026-07-05T02:40:46Z,54,OTICE_v5_LoRA,0,22.97,60.15,602.97,602.97,24.12,0,ATB_54_2026-08-05.csv
2026-07-05T02:40:53Z,55,OTICE_v5_LoRA,0,0,0,481.67,481.67,24.66,0,ATB_55_2026-08-05.csv
2026-07-05T02:41:34Z,47,OTICE_v5_LoRA,143,22.92,64.56,582.7,582.7,24.09,0,ATB_47_2026-08-05.csv
2026-07-05T02:41:46Z,54,OTICE_v5_LoRA,0,22.97,60.15,601.25,601.25,24.09,0,ATB_54_2026-08-05.csv
2026-07-05T02:41:53Z,55,OTICE_v5_LoRA,0,0,0,485.88,485.88,24.67,0,ATB_55_2026-08-05.csv
2026-07-05T02:42:34Z,47,OTICE_v5_LoRA,146,22.93,64.56,581.19,581.19,24.11,0,ATB_47_2026-08-05.csv
2026-07-05T02:42:46Z,54,OTICE_v5_LoRA,0,22.97,60.04,601.35,601.35,24.13,0,ATB_54_2026-08-05.csv
2026-07-05T02:42:53Z,55,OTICE_v5_LoRA,65280,0,0.32,491.03,491.03,24.63,0,ATB_55_2026-08-05.csv
2026-07-05T02:43:34Z,47,OTICE_v5_LoRA,143,22.92,64.77,580.2,580.2,24.07,0,ATB_47_2026-08-05.csv
2026-07-05T02:43:46Z,54,OTICE_v5_LoRA,0,22.96,60.15,603.78,603.78,24.11,0,ATB_54_2026-08-05.csv
2026-07-05T02:43:53Z,55,OTICE_v5_LoRA,65280,0,0.32,489.23,489.23,24.62,0,ATB_55_2026-08-05.csv
2026-07-05T02:44:34Z,47,OTICE_v5_LoRA,150,22.93,64.47,579.17,579.17,24.11,0,ATB_47_2026-08-05.csv
2026-07-05T02:44:46Z,54,OTICE_v5_LoRA,0,22.96,59.94,603.23,603.23,24.15,0,ATB_54_2026-08-05.csv
2026-07-05T02:44:53Z,55,OTICE_v5_LoRA,65280,0,0.32,485.15,485.15,24.63,0,ATB_55_2026-08-05.csv
2026-07-05T02:45:34Z,47,OTICE_v5_LoRA,149,22.9,64.66,577.95,577.95,24.09,0,ATB_47_2026-08-05.csv
2026-07-05T02:45:47Z,54,OTICE_v5_LoRA,0,22.96,60.15,603.68,603.68,24.13,0,ATB_54_2026-08-05.csv
2026-07-05T02:45:53Z,55,OTICE_v5_LoRA,0,0.04,0,483.61,483.61,24.56,0,ATB_55_2026-08-05.csv
2026-07-05T02:46:35Z,47,OTICE_v5_LoRA,149,22.87,64.86,580.06,580.06,24,0,ATB_47_2026-08-05.csv
2026-07-05T02:46:47Z,54,OTICE_v5_LoRA,0,22.91,60.67,605.47,605.47,24.03,0,ATB_54_2026-08-05.csv
2026-07-05T02:46:54Z,55,OTICE_v5_LoRA,65024,0,0,480.5,480.5,24.6,0,ATB_55_2026-08-05.csv
2026-07-05T02:47:35Z,47,OTICE_v5_LoRA,152,22.84,64.86,577.95,577.95,24.01,0,ATB_47_2026-08-05.csv
2026-07-05T02:47:47Z,54,OTICE_v5_LoRA,0,22.86,60.67,605.53,605.53,23.99,0,ATB_54_2026-08-05.csv
2026-07-05T02:47:54Z,55,OTICE_v5_LoRA,65024,0,0,480,480,24.63,0,ATB_55_2026-08-05.csv
2026-07-05T02:48:35Z,47,OTICE_v5_LoRA,147,22.86,64.86,575.84,575.84,24.04,0,ATB_47_2026-08-05.csv
2026-07-05T02:48:47Z,54,OTICE_v5_LoRA,0,22.89,60.47,603.92,603.92,24.08,0,ATB_54_2026-08-05.csv
2026-07-05T02:48:54Z,55,OTICE_v5_LoRA,0,0,0.02,483.22,483.22,24.6,0,ATB_55_2026-08-05.csv
2026-07-05T02:49:35Z,47,OTICE_v5_LoRA,151,22.87,64.86,571.93,571.93,24.12,0,ATB_47_2026-08-05.csv
2026-07-05T02:49:47Z,54,OTICE_v5_LoRA,0,22.91,60.37,604.66,604.66,24.05,0,ATB_54_2026-08-05.csv
2026-07-05T02:49:54Z,55,OTICE_v5_LoRA,0,0,0.02,485.46,485.46,24.62,0,ATB_55_2026-08-05.csv
2026-07-05T02:50:35Z,47,OTICE_v5_LoRA,151,22.89,64.66,570.45,570.45,24.09,0,ATB_47_2026-08-05.csv
2026-07-05T02:50:47Z,54,OTICE_v5_LoRA,0,22.91,60.37,605.02,605.02,24.03,0,ATB_54_2026-08-05.csv
2026-07-05T02:50:54Z,55,OTICE_v5_LoRA,0,0,0,484.43,484.43,24.6,0,ATB_55_2026-08-05.csv
2026-07-05T02:51:35Z,47,OTICE_v5_LoRA,149,22.92,64.36,572.43,572.43,24.25,0,ATB_47_2026-08-05.csv
2026-07-05T02:51:47Z,54,OTICE_v5_LoRA,0,22.94,59.94,609.23,609.23,24.17,0,ATB_54_2026-08-05.csv
2026-07-05T02:51:54Z,55,OTICE_v5_LoRA,0,0,0,483.48,483.48,24.64,0,ATB_55_2026-08-05.csv
2026-07-05T02:52:35Z,47,OTICE_v5_LoRA,145,22.94,64.17,572.49,572.49,24.26,0,ATB_47_2026-08-05.csv
2026-07-05T02:52:47Z,54,OTICE_v5_LoRA,0,22.94,59.85,611.78,611.78,24.2,0,ATB_54_2026-08-05.csv
2026-07-05T02:52:54Z,55,OTICE_v5_LoRA,0,0,0,482.16,482.16,24.64,0,ATB_55_2026-08-05.csv
2026-07-05T02:53:35Z,47,OTICE_v5_LoRA,147,22.94,64.06,572.61,572.61,24.28,0,ATB_47_2026-08-05.csv
2026-07-05T02:53:47Z,54,OTICE_v5_LoRA,0,22.94,59.64,611.07,611.07,24.23,0,ATB_54_2026-08-05.csv
2026-07-05T02:53:54Z,55,OTICE_v5_LoRA,0,0,0,480.25,480.25,24.67,0,ATB_55_2026-08-05.csv
2026-07-05T02:54:35Z,47,OTICE_v5_LoRA,148,22.94,64.17,573.28,573.28,24.32,0,ATB_47_2026-08-05.csv
2026-07-05T02:55:35Z,47,OTICE_v5_LoRA,143,22.94,64.06,571.29,571.29,24.28,0,ATB_47_2026-08-05.csv
2026-07-05T02:55:46Z,54,OTICE_v5_LoRA,0,22.94,59.64,606,606,24.22,0,ATB_54_2026-08-05.csv
2026-07-05T02:55:54Z,55,OTICE_v5_LoRA,0,0,0,487.35,487.35,24.67,0,ATB_55_2026-08-05.csv
2026-07-05T02:56:35Z,47,OTICE_v5_LoRA,140,22.96,64.06,572.8,572.8,24.31,0,ATB_47_2026-08-05.csv
2026-07-05T02:56:47Z,54,OTICE_v5_LoRA,0,22.96,59.74,602.65,602.65,24.27,0,ATB_54_2026-08-05.csv
2026-07-05T02:56:54Z,55,OTICE_v5_LoRA,0,0,0,492.19,492.19,24.69,0,ATB_55_2026-08-05.csv
2026-07-05T02:57:35Z,47,OTICE_v5_LoRA,136,22.99,63.97,573.94,573.94,24.36,0,ATB_47_2026-08-05.csv
2026-07-05T02:57:47Z,54,OTICE_v5_LoRA,0,22.96,59.74,606.93,606.93,24.3,0,ATB_54_2026-08-05.csv
2026-07-05T02:57:54Z,55,OTICE_v5_LoRA,63488,0,17.92,489.16,489.16,24.7,0,ATB_55_2026-08-05.csv
2026-07-05T02:58:35Z,47,OTICE_v5_LoRA,139,22.99,63.87,574.27,574.27,24.31,0,ATB_47_2026-08-05.csv
2026-07-05T02:58:47Z,54,OTICE_v5_LoRA,0,22.96,59.55,608.82,608.82,24.29,0,ATB_54_2026-08-05.csv
2026-07-05T02:58:54Z,55,OTICE_v5_LoRA,63488,0,17.92,487.28,487.28,24.69,0,ATB_55_2026-08-05.csv
2026-07-05T02:59:36Z,47,OTICE_v5_LoRA,138,22.97,63.76,572.32,572.32,24.32,0,ATB_47_2026-08-05.csv
2026-07-05T02:59:47Z,54,OTICE_v5_LoRA,0,22.97,59.55,606.78,606.78,24.29,0,ATB_54_2026-08-05.csv
2026-07-05T02:59:54Z,55,OTICE_v5_LoRA,64003,0,0,489.84,489.84,24.72,0,ATB_55_2026-08-05.csv
2026-07-05T03:00:36Z,47,OTICE_v5_LoRA,138,22.96,63.76,572.73,572.73,24.31,0,ATB_47_2026-08-05.csv
2026-07-05T03:00:47Z,54,OTICE_v5_LoRA,0,22.96,59.55,608.04,608.04,24.17,0,ATB_54_2026-08-05.csv
2026-07-05T03:00:54Z,55,OTICE_v5_LoRA,63488,0,0.08,489.7,489.7,24.67,0,ATB_55_2026-08-05.csv
2026-07-05T03:01:36Z,47,OTICE_v5_LoRA,139,22.94,63.87,572.37,572.37,24.31,0,ATB_47_2026-08-05.csv
2026-07-05T03:01:47Z,54,OTICE_v5_LoRA,0,22.96,59.55,607.37,607.37,24.23,0,ATB_54_2026-08-05.csv
2026-07-05T03:01:54Z,55,OTICE_v5_LoRA,63488,0,0.08,489.37,489.37,24.69,0,ATB_55_2026-08-05.csv
2026-07-05T03:02:36Z,47,OTICE_v5_LoRA,135,22.97,63.87,572.36,572.36,24.34,0,ATB_47_2026-08-05.csv
2026-07-05T03:02:47Z,54,OTICE_v5_LoRA,0,22.97,59.64,610.27,610.27,24.29,0,ATB_54_2026-08-05.csv
2026-07-05T03:02:55Z,55,OTICE_v5_LoRA,0,0,0,490.38,490.38,24.7,0,ATB_55_2026-08-05.csv
2026-07-05T03:03:36Z,47,OTICE_v5_LoRA,137,23.01,63.84,575.47,575.47,24.38,0,ATB_47_2026-08-05.csv
2026-07-05T03:03:47Z,54,OTICE_v5_LoRA,0,22.97,59.55,611.36,611.36,24.32,0,ATB_54_2026-08-05.csv
2026-07-05T03:03:54Z,55,OTICE_v5_LoRA,0,0,0,490.09,490.09,24.7,0,ATB_55_2026-08-05.csv
2026-07-05T03:04:26Z,59,OTICE_v5_LoRA,19,23.04,60.37,0,0,0,0,ATB_59_2026-08-05.csv
2026-07-05T03:04:36Z,47,OTICE_v5_LoRA,137,23.01,63.84,578.19,578.19,24.34,0,ATB_47_2026-08-05.csv
2026-07-05T03:04:47Z,54,OTICE_v5_LoRA,0,23.01,59.55,610.62,610.62,24.33,0,ATB_54_2026-08-05.csv
2026-07-05T03:04:55Z,55,OTICE_v5_LoRA,0,0,0,488.46,488.46,24.72,0,ATB_55_2026-08-05.csv
2026-07-05T03:05:27Z,59,OTICE_v5_LoRA,18,23.04,60.37,0,0,0,0,ATB_59_2026-08-05.csv
2026-07-05T03:05:36Z,47,OTICE_v5_LoRA,133,23.01,63.73,577.27,577.27,24.36,0,ATB_47_2026-08-05.csv
2026-07-05T03:05:47Z,54,OTICE_v5_LoRA,0,22.99,59.44,610.05,610.05,24.3,0,ATB_54_2026-08-05.csv
2026-07-05T03:05:55Z,55,OTICE_v5_LoRA,0,0,0,487.26,487.26,24.7,0,ATB_55_2026-08-05.csv
2026-07-05T03:06:27Z,59,OTICE_v5_LoRA,23,23.04,60.37,0,0,0,0,ATB_59_2026-08-05.csv
2026-07-05T03:06:36Z,47,OTICE_v5_LoRA,138,23.01,63.73,578.11,578.11,24.38,0,ATB_47_2026-08-05.csv
2026-07-05T03:06:47Z,54,OTICE_v5_LoRA,0,22.99,59.44,608.76,608.76,24.29,0,ATB_54_2026-08-05.csv
2026-07-05T03:06:55Z,55,OTICE_v5_LoRA,0,0,0,492.33,492.33,24.7,0,ATB_55_2026-08-05.csv
2026-07-05T03:07:27Z,59,OTICE_v5_LoRA,21,23.04,60.37,0,0,0,0,ATB_59_2026-08-05.csv
2026-07-05T03:07:36Z,47,OTICE_v5_LoRA,134,23.01,63.73,580.25,580.25,24.38,0,ATB_47_2026-08-05.csv
2026-07-05T03:07:47Z,54,OTICE_v5_LoRA,0,22.99,59.55,605.33,605.33,24.32,0,ATB_54_2026-08-05.csv
2026-07-05T03:07:55Z,55,OTICE_v5_LoRA,0,0,0,493.43,493.43,24.7,0,ATB_55_2026-08-05.csv
2026-07-05T03:08:36Z,47,OTICE_v5_LoRA,136,23.02,63.73,580.95,580.95,24.35,0,ATB_47_2026-08-05.csv
2026-07-05T03:08:48Z,54,OTICE_v5_LoRA,0,23,59.55,604.86,604.86,24.27,0,ATB_54_2026-08-05.csv
2026-07-05T03:08:55Z,55,OTICE_v5_LoRA,0,0,0,493.08,493.08,24.7,0,ATB_55_2026-08-05.csv
2026-07-05T03:09:24Z,59,OTICE_v5_LoRA,17,23.05,60.47,0,0,0,0,ATB_59_2026-08-05.csv
2026-07-05T03:09:36Z,47,OTICE_v5_LoRA,140,23.02,63.73,578.32,578.32,24.39,0,ATB_47_2026-08-05.csv
2026-07-05T03:09:48Z,54,OTICE_v5_LoRA,0,23.01,59.55,602.24,602.24,24.36,0,ATB_54_2026-08-05.csv
2026-07-05T03:09:55Z,55,OTICE_v5_LoRA,0,0,0,494.41,494.41,24.72,0,ATB_55_2026-08-05.csv
2026-07-05T03:10:24Z,59,OTICE_v5_LoRA,20,23.04,60.67,0,0,0,0,ATB_59_2026-08-05.csv
2026-07-05T03:10:36Z,47,OTICE_v5_LoRA,136,23.04,63.84,578.6,578.6,24.39,0,ATB_47_2026-08-05.csv
2026-07-05T03:10:48Z,54,OTICE_v5_LoRA,0,23.01,59.55,601.6,601.6,24.34,0,ATB_54_2026-08-05.csv
2026-07-05T03:10:55Z,55,OTICE_v5_LoRA,0,0,0,493.17,493.17,24.73,0,ATB_55_2026-08-05.csv
2026-07-05T03:11:24Z,59,OTICE_v5_LoRA,25,23.05,60.57,0,0,0,0,ATB_59_2026-08-05.csv
2026-07-05T03:11:37Z,47,OTICE_v5_LoRA,136,23.04,63.84,578.05,578.05,24.46,0,ATB_47_2026-08-05.csv
2026-07-05T03:11:48Z,54,OTICE_v5_LoRA,0,23.01,59.55,601.45,601.45,24.4,0,ATB_54_2026-08-05.csv
2026-07-05T03:11:55Z,55,OTICE_v5_LoRA,0,0,0,490.34,490.34,24.72,0,ATB_55_2026-08-05.csv
2026-07-05T03:12:24Z,59,OTICE_v5_LoRA,21,23.05,60.57,0,0,0,0,ATB_59_2026-08-05.csv
2026-07-05T03:12:37Z,47,OTICE_v5_LoRA,138,23.05,63.84,578.2,578.2,24.43,0,ATB_47_2026-08-05.csv
2026-07-05T03:12:48Z,54,OTICE_v5_LoRA,0,23.01,59.64,601.1,601.1,24.39,0,ATB_54_2026-08-05.csv
2026-07-05T03:12:55Z,55,OTICE_v5_LoRA,0,0,0,488.33,488.33,24.7,0,ATB_55_2026-08-05.csv
2026-07-05T03:13:24Z,59,OTICE_v5_LoRA,16,23.04,60.57,0,0,0,0,ATB_59_2026-08-05.csv
2026-07-05T03:13:37Z,47,OTICE_v5_LoRA,135,23.04,63.84,579.7,579.7,24.38,0,ATB_47_2026-08-05.csv
2026-07-05T03:13:48Z,54,OTICE_v5_LoRA,0,23.01,59.64,598.44,598.44,24.36,0,ATB_54_2026-08-05.csv
2026-07-05T03:13:55Z,55,OTICE_v5_LoRA,0,0,0,491.68,491.68,24.74,0,ATB_55_2026-08-05.csv
2026-07-05T03:14:24Z,59,OTICE_v5_LoRA,22,23.05,60.67,0,0,0,0,ATB_59_2026-08-05.csv
2026-07-05T03:14:37Z,47,OTICE_v5_LoRA,139,23.04,63.94,575.96,575.96,24.39,0,ATB_47_2026-08-05.csv
2026-07-05T03:14:48Z,54,OTICE_v5_LoRA,0,23.01,59.74,599.42,599.42,24.3,0,ATB_54_2026-08-05.csv
2026-07-05T03:14:55Z,55,OTICE_v5_LoRA,0,0,0,492.44,492.44,24.72,0,ATB_55_2026-08-05.csv
2026-07-05T03:15:25Z,59,OTICE_v5_LoRA,16,23.07,60.47,0,0,0,0,ATB_59_2026-08-05.csv
2026-07-05T03:15:37Z,47,OTICE_v5_LoRA,136,23.05,63.84,575.96,575.96,24.43,0,ATB_47_2026-08-05.csv
2026-07-05T03:15:48Z,54,OTICE_v5_LoRA,0,23.01,59.64,598.07,598.07,24.37,0,ATB_54_2026-08-05.csv
2026-07-05T03:15:55Z,55,OTICE_v5_LoRA,0,0,0,494.59,494.59,24.74,0,ATB_55_2026-08-05.csv
2026-07-05T03:16:25Z,59,OTICE_v5_LoRA,22,23.05,60.47,0,0,0,0,ATB_59_2026-08-05.csv
2026-07-05T03:16:37Z,47,OTICE_v5_LoRA,135,23.05,63.84,574.21,574.21,24.43,0,ATB_47_2026-08-05.csv
2026-07-05T03:16:48Z,54,OTICE_v5_LoRA,0,23.03,59.64,599.22,599.22,24.47,0,ATB_54_2026-08-05.csv
2026-07-05T03:16:55Z,55,OTICE_v5_LoRA,0,0,0,494.1,494.1,24.7,0,ATB_55_2026-08-05.csv
2026-07-05T03:17:25Z,59,OTICE_v5_LoRA,16,23.05,60.47,0,0,0,0,ATB_59_2026-08-05.csv
2026-07-05T03:17:37Z,47,OTICE_v5_LoRA,136,23.07,63.84,574.19,574.19,24.42,0,ATB_47_2026-08-05.csv
2026-07-05T03:17:48Z,54,OTICE_v5_LoRA,0,23.03,59.55,600.25,600.25,24.44,0,ATB_54_2026-08-05.csv
2026-07-05T03:17:55Z,55,OTICE_v5_LoRA,0,0,0,490.94,490.94,24.73,0,ATB_55_2026-08-05.csv
2026-07-05T03:18:25Z,59,OTICE_v5_LoRA,18,23.07,60.37,0,0,0,0,ATB_59_2026-08-05.csv
2026-07-05T03:18:37Z,47,OTICE_v5_LoRA,140,23.07,63.84,575.23,575.23,24.45,0,ATB_47_2026-08-05.csv
2026-07-05T03:18:48Z,54,OTICE_v5_LoRA,0,23.03,59.55,600.08,600.08,24.4,0,ATB_54_2026-08-05.csv
2026-07-05T03:18:55Z,55,OTICE_v5_LoRA,0,0,0,490.81,490.81,24.73,0,ATB_55_2026-08-05.csv
2026-07-05T03:19:25Z,59,OTICE_v5_LoRA,24,23.07,60.47,0,0,0,0,ATB_59_2026-08-05.csv
2026-07-05T03:19:37Z,47,OTICE_v5_LoRA,140,23.07,63.84,577.75,577.75,24.45,0,ATB_47_2026-08-05.csv
2026-07-05T03:19:48Z,54,OTICE_v5_LoRA,0,23.04,59.55,600.55,600.55,24.4,0,ATB_54_2026-08-05.csv
2026-07-05T03:19:55Z,55,OTICE_v5_LoRA,0,0,0,493.37,493.37,24.7,0,ATB_55_2026-08-05.csv
2026-07-05T03:20:25Z,59,OTICE_v5_LoRA,20,23.09,60.44,0,0,0,0,ATB_59_2026-08-05.csv
2026-07-05T03:20:37Z,47,OTICE_v5_LoRA,135,23.07,63.84,578.16,578.16,24.48,0,ATB_47_2026-08-05.csv
2026-07-05T03:20:49Z,54,OTICE_v5_LoRA,0,23.03,59.64,602.01,602.01,24.43,0,ATB_54_2026-08-05.csv
2026-07-05T03:20:55Z,55,OTICE_v5_LoRA,33023,2.56,0,493.18,493.18,24.74,0,ATB_55_2026-08-05.csv
2026-07-05T03:21:25Z,59,OTICE_v5_LoRA,20,23.07,60.57,0,0,0,0,ATB_59_2026-08-05.csv
2026-07-05T03:21:37Z,47,OTICE_v5_LoRA,138,23.07,63.84,578.51,578.51,24.46,0,ATB_47_2026-08-05.csv
2026-07-05T03:21:49Z,54,OTICE_v5_LoRA,0,23.06,59.64,600.76,600.76,24.47,0,ATB_54_2026-08-05.csv
2026-07-05T03:21:55Z,55,OTICE_v5_LoRA,33023,2.56,0,496.01,496.01,24.74,0,ATB_55_2026-08-05.csv
2026-07-05T03:22:25Z,59,OTICE_v5_LoRA,17,23.09,60.44,0,0,0,0,ATB_59_2026-08-05.csv
2026-07-05T03:22:37Z,47,OTICE_v5_LoRA,134,23.09,63.73,580.2,580.2,24.45,0,ATB_47_2026-08-05.csv
2026-07-05T03:22:49Z,54,OTICE_v5_LoRA,0,23.06,59.64,600.07,600.07,24.41,0,ATB_54_2026-08-05.csv
2026-07-05T03:22:55Z,55,OTICE_v5_LoRA,33023,2.56,0,495.7,495.7,24.76,0,ATB_55_2026-08-05.csv
2026-07-05T03:23:25Z,59,OTICE_v5_LoRA,21,23.05,60.97,0,0,0,0,ATB_59_2026-08-05.csv
2026-07-05T03:23:37Z,47,OTICE_v5_LoRA,134,23.04,64.33,581.23,581.23,24.29,0,ATB_47_2026-08-05.csv
2026-07-05T03:23:49Z,54,OTICE_v5_LoRA,0,23.01,60.15,599.13,599.13,24.33,0,ATB_54_2026-08-05.csv
2026-07-05T03:23:55Z,55,OTICE_v5_LoRA,33023,2.56,0,496.71,496.71,24.69,0,ATB_55_2026-08-05.csv
2026-07-05T03:24:25Z,59,OTICE_v5_LoRA,27,23,61.27,0,0,0,0,ATB_59_2026-08-05.csv
2026-07-05T03:24:37Z,47,OTICE_v5_LoRA,135,23.01,64.44,577.06,577.06,24.25,0,ATB_47_2026-08-05.csv
2026-07-05T03:24:49Z,54,OTICE_v5_LoRA,0,23.03,59.94,596.09,596.09,24.32,0,ATB_54_2026-08-05.csv
2026-07-05T03:24:55Z,55,OTICE_v5_LoRA,33023,2.56,0,496.95,496.95,24.66,0,ATB_55_2026-08-05.csv
2026-07-05T03:25:26Z,59,OTICE_v5_LoRA,26,22.97,61.47,0,0,0,0,ATB_59_2026-08-05.csv
2026-07-05T03:25:49Z,54,OTICE_v5_LoRA,0,23.01,60.54,597.16,597.16,24.19,0,ATB_54_2026-08-05.csv
2026-07-05T03:25:55Z,55,OTICE_v5_LoRA,33023,2.56,0,495.15,495.15,24.62,0,ATB_55_2026-08-05.csv
2026-07-05T03:26:26Z,59,OTICE_v5_LoRA,20,23,61.27,0,0,0,0,ATB_59_2026-08-05.csv
2026-07-05T03:26:36Z,47,OTICE_v5_LoRA,145,22.97,64.77,587.75,587.75,24.19,0,ATB_47_2026-08-05.csv
2026-07-05T03:26:49Z,54,OTICE_v5_LoRA,0,22.99,60.34,599.2,599.2,24.22,0,ATB_54_2026-08-05.csv
2026-07-05T03:26:56Z,55,OTICE_v5_LoRA,33023,2.56,0,495.54,495.54,24.64,0,ATB_55_2026-08-05.csv
2026-07-05T03:27:26Z,59,OTICE_v5_LoRA,24,23,61.47,0,0,0,0,ATB_59_2026-08-05.csv
2026-07-05T03:27:37Z,47,OTICE_v5_LoRA,141,22.96,64.66,583.64,583.64,24.22,0,ATB_47_2026-08-05.csv
2026-07-05T03:27:49Z,54,OTICE_v5_LoRA,0,23,60.24,600.35,600.35,24.22,0,ATB_54_2026-08-05.csv
2026-07-05T03:27:56Z,55,OTICE_v5_LoRA,33023,2.56,0,493.87,493.87,24.64,0,ATB_55_2026-08-05.csv
2026-07-05T03:28:26Z,59,OTICE_v5_LoRA,25,22.97,61.57,0,0,0,0,ATB_59_2026-08-05.csv
2026-07-05T03:28:37Z,47,OTICE_v5_LoRA,146,22.97,64.66,587.45,587.45,24.21,0,ATB_47_2026-08-05.csv
2026-07-05T03:28:49Z,54,OTICE_v5_LoRA,0,23.03,60.44,602.64,602.64,24.22,0,ATB_54_2026-08-05.csv
2026-07-05T03:28:56Z,55,OTICE_v5_LoRA,33023,2.56,0,493.03,493.03,24.62,0,ATB_55_2026-08-05.csv
2026-07-05T03:29:26Z,59,OTICE_v5_LoRA,24,22.95,61.57,0,0,0,0,ATB_59_2026-08-05.csv
2026-07-05T03:29:37Z,47,OTICE_v5_LoRA,145,22.96,64.77,588,588,24.18,0,ATB_47_2026-08-05.csv
2026-07-05T03:29:49Z,54,OTICE_v5_LoRA,0,23,60.34,602.72,602.72,24.19,0,ATB_54_2026-08-05.csv
2026-07-05T03:29:56Z,55,OTICE_v5_LoRA,33023,2.56,0,489.64,489.64,24.64,0,ATB_55_2026-08-05.csv
2026-07-05T03:30:26Z,59,OTICE_v5_LoRA,26,22.94,61.67,0,0,0,0,ATB_59_2026-08-05.csv
2026-07-05T03:30:37Z,47,OTICE_v5_LoRA,145,22.94,64.96,584.73,584.73,24.12,0,ATB_47_2026-08-05.csv
2026-07-05T03:30:49Z,54,OTICE_v5_LoRA,0,23.01,60.54,604.22,604.22,24.16,0,ATB_54_2026-08-05.csv
2026-07-05T03:30:56Z,55,OTICE_v5_LoRA,33023,2.56,0,488.37,488.37,24.58,0,ATB_55_2026-08-05.csv
2026-07-05T03:31:26Z,59,OTICE_v5_LoRA,27,22.9,61.67,0,0,0,0,ATB_59_2026-08-05.csv
2026-07-05T03:31:37Z,47,OTICE_v5_LoRA,147,22.96,64.86,581.16,581.16,24.11,0,ATB_47_2026-08-05.csv
2026-07-05T03:31:50Z,54,OTICE_v5_LoRA,0,23,60.34,604.84,604.84,24.2,0,ATB_54_2026-08-05.csv
2026-07-05T03:31:56Z,55,OTICE_v5_LoRA,33023,2.56,0,487,487,24.58,0,ATB_55_2026-08-05.csv
2026-07-05T03:32:26Z,59,OTICE_v5_LoRA,26,22.91,61.77,0,0,0,0,ATB_59_2026-08-05.csv
2026-07-05T03:32:37Z,47,OTICE_v5_LoRA,150,22.92,65.16,580.55,580.55,24.05,0,ATB_47_2026-08-05.csv
2026-07-05T03:32:50Z,54,OTICE_v5_LoRA,0,23,60.54,604.3,604.3,24.16,0,ATB_54_2026-08-05.csv
2026-07-05T03:32:56Z,55,OTICE_v5_LoRA,33023,2.56,0,487.44,487.44,24.56,0,ATB_55_2026-08-05.csv
2026-07-05T03:33:26Z,59,OTICE_v5_LoRA,18,22.91,61.47,0,0,0,0,ATB_59_2026-08-05.csv
2026-07-05T03:33:37Z,47,OTICE_v5_LoRA,145,22.92,65.06,582.05,582.05,24.09,0,ATB_47_2026-08-05.csv
2026-07-05T03:33:50Z,54,OTICE_v5_LoRA,0,22.94,60.65,604.97,604.97,24.12,0,ATB_54_2026-08-05.csv
2026-07-05T03:33:56Z,55,OTICE_v5_LoRA,33023,2.56,0,488.61,488.61,24.59,0,ATB_55_2026-08-05.csv
2026-07-05T03:34:27Z,59,OTICE_v5_LoRA,27,22.92,61.87,0,0,0,0,ATB_59_2026-08-05.csv
2026-07-05T03:34:37Z,47,OTICE_v5_LoRA,150,22.92,65.06,580.94,580.94,24.12,0,ATB_47_2026-08-05.csv
2026-07-05T03:34:50Z,54,OTICE_v5_LoRA,0,22.94,60.74,603.19,603.19,24.17,0,ATB_54_2026-08-05.csv
2026-07-05T03:34:56Z,55,OTICE_v5_LoRA,0,10.24,2.53,487.27,487.27,24.6,0,ATB_55_2026-08-05.csv
2026-07-05T03:35:27Z,59,OTICE_v5_LoRA,27,22.88,61.97,0,0,0,0,ATB_59_2026-08-05.csv
2026-07-05T03:35:37Z,47,OTICE_v5_LoRA,152,22.92,65.06,579.52,579.52,24.11,0,ATB_47_2026-08-05.csv
2026-07-05T03:35:50Z,54,OTICE_v5_LoRA,0,22.97,60.54,602.86,602.86,24.17,0,ATB_54_2026-08-05.csv
2026-07-05T03:35:56Z,55,OTICE_v5_LoRA,0,0,0,492.55,492.55,24.55,0,ATB_55_2026-08-05.csv
2026-07-05T03:36:27Z,59,OTICE_v5_LoRA,31,22.86,62.07,0,0,0,0,ATB_59_2026-08-05.csv
2026-07-05T03:36:37Z,47,OTICE_v5_LoRA,149,22.9,65.06,578,578,24.09,0,ATB_47_2026-08-05.csv
2026-07-05T03:36:50Z,54,OTICE_v5_LoRA,0,22.94,60.65,602.91,602.91,24.12,0,ATB_54_2026-08-05.csv
2026-07-05T03:36:56Z,55,OTICE_v5_LoRA,254,0,0,488.19,488.19,24.58,0,ATB_55_2026-08-05.csv
2026-07-05T03:37:27Z,59,OTICE_v5_LoRA,19,22.91,61.67,0,0,0,0,ATB_59_2026-08-05.csv
2026-07-05T03:37:37Z,47,OTICE_v5_LoRA,145,22.9,65.16,579.14,579.14,24.12,0,ATB_47_2026-08-05.csv
2026-07-05T03:37:50Z,54,OTICE_v5_LoRA,0,22.94,60.74,601.32,601.32,24.11,0,ATB_54_2026-08-05.csv
2026-07-05T03:37:56Z,55,OTICE_v5_LoRA,254,0,0,487.78,487.78,24.58,0,ATB_55_2026-08-05.csv
2026-07-05T03:38:27Z,59,OTICE_v5_LoRA,27,22.86,61.87,0,0,0,0,ATB_59_2026-08-05.csv
2026-07-05T03:38:37Z,47,OTICE_v5_LoRA,148,22.9,65.06,580.14,580.14,24.12,0,ATB_47_2026-08-05.csv
2026-07-05T03:38:50Z,54,OTICE_v5_LoRA,0,22.94,60.54,600.41,600.41,24.11,0,ATB_54_2026-08-05.csv
2026-07-05T03:38:56Z,55,OTICE_v5_LoRA,254,0,0,486.65,486.65,24.56,0,ATB_55_2026-08-05.csv
2026-07-05T03:39:27Z,59,OTICE_v5_LoRA,25,22.85,61.87,0,0,0,0,ATB_59_2026-08-05.csv
2026-07-05T03:39:37Z,47,OTICE_v5_LoRA,145,22.89,65.16,580.16,580.16,24.07,0,ATB_47_2026-08-05.csv
2026-07-05T03:39:50Z,54,OTICE_v5_LoRA,0,22.93,60.84,602.84,602.84,24.08,0,ATB_54_2026-08-05.csv
2026-07-05T03:39:56Z,55,OTICE_v5_LoRA,254,0,0,485.94,485.94,24.53,0,ATB_55_2026-08-05.csv
2026-07-05T03:40:27Z,59,OTICE_v5_LoRA,23,22.85,62.17,0,0,0,0,ATB_59_2026-08-05.csv
2026-07-05T03:40:37Z,47,OTICE_v5_LoRA,151,22.86,65.36,581.18,581.18,24.02,0,ATB_47_2026-08-05.csv
2026-07-05T03:40:50Z,54,OTICE_v5_LoRA,0,22.88,61.17,602.56,602.56,23.96,0,ATB_54_2026-08-05.csv
2026-07-05T03:40:56Z,55,OTICE_v5_LoRA,254,0,0,485,485,24.55,0,ATB_55_2026-08-05.csv
2026-07-05T03:41:27Z,59,OTICE_v5_LoRA,26,22.83,62.1,0,0,0,0,ATB_59_2026-08-05.csv
2026-07-05T03:41:37Z,47,OTICE_v5_LoRA,156,22.86,65.46,582.18,582.18,24,0,ATB_47_2026-08-05.csv
2026-07-05T03:41:50Z,54,OTICE_v5_LoRA,0,22.89,61.07,601.8,601.8,24.01,0,ATB_54_2026-08-05.csv
2026-07-05T03:41:56Z,55,OTICE_v5_LoRA,254,0,0,484.81,484.81,24.52,0,ATB_55_2026-08-05.csv
2026-07-05T03:42:27Z,59,OTICE_v5_LoRA,26,22.86,61.97,0,0,0,0,ATB_59_2026-08-05.csv
2026-07-05T03:42:37Z,47,OTICE_v5_LoRA,146,22.84,65.46,582.94,582.94,24.01,0,ATB_47_2026-08-05.csv
2026-07-05T03:42:51Z,54,OTICE_v5_LoRA,0,22.85,60.97,603.12,603.12,23.99,0,ATB_54_2026-08-05.csv
2026-07-05T03:42:56Z,55,OTICE_v5_LoRA,255,0,0,482.97,482.97,24.55,0,ATB_55_2026-08-05.csv
2026-07-05T03:43:28Z,59,OTICE_v5_LoRA,23,22.86,61.87,0,0,0,0,ATB_59_2026-08-05.csv
2026-07-05T03:43:37Z,47,OTICE_v5_LoRA,152,22.84,65.46,582.66,582.66,23.98,0,ATB_47_2026-08-05.csv
2026-07-05T03:43:51Z,54,OTICE_v5_LoRA,0,22.86,60.97,603.04,603.04,23.98,0,ATB_54_2026-08-05.csv
2026-07-05T03:43:56Z,55,OTICE_v5_LoRA,255,0,0,480.55,480.55,24.55,0,ATB_55_2026-08-05.csv
2026-07-05T03:44:28Z,59,OTICE_v5_LoRA,30,22.85,62.17,0,0,0,0,ATB_59_2026-08-05.csv
2026-07-05T03:44:37Z,47,OTICE_v5_LoRA,155,22.82,65.66,582.67,582.67,23.98,0,ATB_47_2026-08-05.csv
2026-07-05T03:44:51Z,54,OTICE_v5_LoRA,0,22.88,60.97,605.5,605.5,24.02,0,ATB_54_2026-08-05.csv
2026-07-05T03:44:56Z,55,OTICE_v5_LoRA,255,0,0,479.93,479.93,24.55,0,ATB_55_2026-08-05.csv
2026-07-05T03:45:28Z,59,OTICE_v5_LoRA,26,22.88,61.77,0,0,0,0,ATB_59_2026-08-05.csv
2026-07-05T03:45:38Z,47,OTICE_v5_LoRA,152,22.83,65.16,583.07,583.07,24.09,0,ATB_47_2026-08-05.csv
2026-07-05T03:45:51Z,54,OTICE_v5_LoRA,0,22.88,60.67,606.71,606.71,24.09,0,ATB_54_2026-08-05.csv
2026-07-05T03:45:56Z,55,OTICE_v5_LoRA,256,0,40.96,474.21,474.21,24.59,0,ATB_55_2026-08-05.csv
2026-07-05T03:46:28Z,59,OTICE_v5_LoRA,19,22.91,61.47,0,0,0,0,ATB_59_2026-08-05.csv
2026-07-05T03:46:38Z,47,OTICE_v5_LoRA,151,22.87,64.96,584.86,584.86,24.22,0,ATB_47_2026-08-05.csv
2026-07-05T03:46:51Z,54,OTICE_v5_LoRA,0,22.91,60.57,607.85,607.85,24.2,0,ATB_54_2026-08-05.csv
2026-07-05T03:46:56Z,55,OTICE_v5_LoRA,0,0,0,476.01,476.01,24.62,0,ATB_55_2026-08-05.csv
2026-07-05T03:47:28Z,59,OTICE_v5_LoRA,22,22.92,61.37,0,0,0,0,ATB_59_2026-08-05.csv
2026-07-05T03:47:38Z,47,OTICE_v5_LoRA,149,22.9,64.77,586.4,586.4,24.31,0,ATB_47_2026-08-05.csv
2026-07-05T03:47:51Z,54,OTICE_v5_LoRA,0,22.93,60.34,608.69,608.69,24.19,0,ATB_54_2026-08-05.csv
2026-07-05T03:47:57Z,55,OTICE_v5_LoRA,0,0,0,476.31,476.31,24.62,0,ATB_55_2026-08-05.csv
2026-07-05T03:48:28Z,59,OTICE_v5_LoRA,17,22.94,61.37,0,0,0,0,ATB_59_2026-08-05.csv
2026-07-05T03:48:38Z,47,OTICE_v5_LoRA,154,22.92,64.66,588.55,588.55,24.29,0,ATB_47_2026-08-05.csv
2026-07-05T03:48:51Z,54,OTICE_v5_LoRA,0,22.93,60.34,609.13,609.13,24.23,0,ATB_54_2026-08-05.csv
2026-07-05T03:48:57Z,55,OTICE_v5_LoRA,0,0,0,477.11,477.11,24.6,0,ATB_55_2026-08-05.csv
2026-07-05T03:49:28Z,59,OTICE_v5_LoRA,22,22.94,61.17,0,0,0,0,ATB_59_2026-08-05.csv
2026-07-05T03:49:38Z,47,OTICE_v5_LoRA,138,22.93,64.66,588.64,588.64,24.28,0,ATB_47_2026-08-05.csv
2026-07-05T03:49:51Z,54,OTICE_v5_LoRA,0,22.93,60.34,610.31,610.31,24.22,0,ATB_54_2026-08-05.csv
2026-07-05T03:49:57Z,55,OTICE_v5_LoRA,0,0,0,477.66,477.66,24.62,0,ATB_55_2026-08-05.csv
2026-07-05T03:50:28Z,59,OTICE_v5_LoRA,20,22.94,61.27,0,0,0,0,ATB_59_2026-08-05.csv
2026-07-05T03:50:38Z,47,OTICE_v5_LoRA,138,22.92,64.66,585.89,585.89,24.29,0,ATB_47_2026-08-05.csv
2026-07-05T03:50:51Z,54,OTICE_v5_LoRA,0,22.91,60.27,609.91,609.91,24.16,0,ATB_54_2026-08-05.csv
2026-07-05T03:50:57Z,55,OTICE_v5_LoRA,0,0,81.92,480.07,480.07,24.64,0,ATB_55_2026-08-05.csv
2026-07-05T03:51:28Z,59,OTICE_v5_LoRA,22,22.95,61.17,0,0,0,0,ATB_59_2026-08-05.csv
2026-07-05T03:51:38Z,47,OTICE_v5_LoRA,145,22.93,64.47,586.12,586.12,24.31,0,ATB_47_2026-08-05.csv
2026-07-05T03:51:52Z,54,OTICE_v5_LoRA,0,22.94,60.24,608.5,608.5,24.23,0,ATB_54_2026-08-05.csv
2026-07-05T03:51:57Z,55,OTICE_v5_LoRA,0,0,81.92,483.51,483.51,24.63,0,ATB_55_2026-08-05.csv
2026-07-05T03:52:28Z,59,OTICE_v5_LoRA,19,22.97,61.07,0,0,0,0,ATB_59_2026-08-05.csv
2026-07-05T03:52:38Z,47,OTICE_v5_LoRA,137,22.93,64.56,582.49,582.49,24.31,0,ATB_47_2026-08-05.csv
2026-07-05T03:52:51Z,54,OTICE_v5_LoRA,0,22.93,60.15,607.77,607.77,24.24,0,ATB_54_2026-08-05.csv
2026-07-05T03:52:57Z,55,OTICE_v5_LoRA,0,0,81.92,484.77,484.77,24.64,0,ATB_55_2026-08-05.csv
2026-07-05T03:53:28Z,59,OTICE_v5_LoRA,24,22.97,61.17,0,0,0,0,ATB_59_2026-08-05.csv
2026-07-05T03:53:38Z,47,OTICE_v5_LoRA,143,22.96,64.47,579.96,579.96,24.35,0,ATB_47_2026-08-05.csv
2026-07-05T03:53:51Z,54,OTICE_v5_LoRA,0,22.93,60.24,607.84,607.84,24.23,0,ATB_54_2026-08-05.csv
2026-07-05T03:53:57Z,55,OTICE_v5_LoRA,0,0,81.92,479.36,479.36,24.63,0,ATB_55_2026-08-05.csv
2026-07-05T03:54:28Z,59,OTICE_v5_LoRA,21,22.98,61.17,0,0,0,0,ATB_59_2026-08-05.csv
2026-07-05T03:54:38Z,47,OTICE_v5_LoRA,142,22.94,64.47,577.87,577.87,24.35,0,ATB_47_2026-08-05.csv
2026-07-05T03:54:57Z,55,OTICE_v5_LoRA,0,0,81.92,477.24,477.24,24.64,0,ATB_55_2026-08-05.csv
2026-07-05T03:55:28Z,59,OTICE_v5_LoRA,19,23,60.97,0,0,0,0,ATB_59_2026-08-05.csv
2026-07-05T03:55:38Z,47,OTICE_v5_LoRA,140,22.97,64.36,578.1,578.1,24.35,0,ATB_47_2026-08-05.csv
2026-07-05T03:55:50Z,54,OTICE_v5_LoRA,0,22.93,60.04,606.65,606.65,24.24,0,ATB_54_2026-08-05.csv
2026-07-05T03:56:02Z,55,OTICE_v5_LoRA,0,0,0,473.97,473.97,24.6,0,ATB_55_2026-08-05.csv
2026-07-05T03:56:28Z,59,OTICE_v5_LoRA,20,22.98,61.17,0,0,0,0,ATB_59_2026-08-05.csv
2026-07-05T03:56:39Z,47,OTICE_v5_LoRA,139,22.96,64.36,577.39,577.39,24.32,0,ATB_47_2026-08-05.csv
2026-07-05T03:56:50Z,54,OTICE_v5_LoRA,0,22.94,60.15,604.73,604.73,24.29,0,ATB_54_2026-08-05.csv
2026-07-05T03:57:02Z,55,OTICE_v5_LoRA,0,0,0,479.02,479.02,24.66,0,ATB_55_2026-08-05.csv
2026-07-05T03:57:28Z,59,OTICE_v5_LoRA,20,22.98,61.17,0,0,0,0,ATB_59_2026-08-05.csv
2026-07-05T03:57:39Z,47,OTICE_v5_LoRA,138,22.94,64.36,574.51,574.51,24.35,0,ATB_47_2026-08-05.csv
2026-07-05T03:57:50Z,54,OTICE_v5_LoRA,0,22.96,60.15,608.49,608.49,24.3,0,ATB_54_2026-08-05.csv
2026-07-05T03:58:02Z,55,OTICE_v5_LoRA,0,0,0,479.57,479.57,24.64,0,ATB_55_2026-08-05.csv
2026-07-05T03:58:28Z,59,OTICE_v5_LoRA,24,22.98,61.17,0,0,0,0,ATB_59_2026-08-05.csv
2026-07-05T03:58:39Z,47,OTICE_v5_LoRA,135,22.94,64.47,573.49,573.49,24.31,0,ATB_47_2026-08-05.csv
2026-07-05T03:58:51Z,54,OTICE_v5_LoRA,0,22.96,60.15,608.84,608.84,24.26,0,ATB_54_2026-08-05.csv
2026-07-05T03:59:02Z,55,OTICE_v5_LoRA,0,0,0,477.71,477.71,24.63,0,ATB_55_2026-08-05.csv
2026-07-05T03:59:28Z,59,OTICE_v5_LoRA,19,22.98,61.17,0,0,0,0,ATB_59_2026-08-05.csv
2026-07-05T03:59:39Z,47,OTICE_v5_LoRA,140,22.94,64.56,573.74,573.74,24.28,0,ATB_47_2026-08-05.csv
2026-07-05T03:59:50Z,54,OTICE_v5_LoRA,0,22.94,60.24,610.28,610.28,24.24,0,ATB_54_2026-08-05.csv
2026-07-05T04:00:02Z,55,OTICE_v5_LoRA,0,0,0,480.68,480.68,24.64,0,ATB_55_2026-08-05.csv
2026-07-05T04:00:28Z,59,OTICE_v5_LoRA,25,22.98,61.37,0,0,0,0,ATB_59_2026-08-05.csv
2026-07-05T04:00:39Z,47,OTICE_v5_LoRA,133,22.97,64.47,572.7,572.7,24.28,0,ATB_47_2026-08-05.csv
2026-07-05T04:00:51Z,54,OTICE_v5_LoRA,0,22.97,60.15,610.08,610.08,24.29,0,ATB_54_2026-08-05.csv
2026-07-05T04:01:02Z,55,OTICE_v5_LoRA,0,0,0,478.78,478.78,24.66,0,ATB_55_2026-08-05.csv
2026-07-05T04:01:28Z,59,OTICE_v5_LoRA,16,22.98,61.27,0,0,0,0,ATB_59_2026-08-05.csv
2026-07-05T04:01:39Z,47,OTICE_v5_LoRA,138,22.97,64.47,572.18,572.18,24.34,0,ATB_47_2026-08-05.csv
2026-07-05T04:01:51Z,54,OTICE_v5_LoRA,0,22.97,60.24,607.1,607.1,24.29,0,ATB_54_2026-08-05.csv
2026-07-05T04:02:02Z,55,OTICE_v5_LoRA,0,0,0,483.14,483.14,24.67,0,ATB_55_2026-08-05.csv
2026-07-05T04:02:29Z,59,OTICE_v5_LoRA,25,23.02,61.37,0,0,0,0,ATB_59_2026-08-05.csv
2026-07-05T04:02:39Z,47,OTICE_v5_LoRA,131,22.99,64.56,573.76,573.76,24.32,0,ATB_47_2026-08-05.csv
2026-07-05T04:02:51Z,54,OTICE_v5_LoRA,0,22.99,60.24,606.34,606.34,24.26,0,ATB_54_2026-08-05.csv
2026-07-05T04:03:02Z,55,OTICE_v5_LoRA,0,0,0,486.31,486.31,24.69,0,ATB_55_2026-08-05.csv
2026-07-05T04:03:29Z,59,OTICE_v5_LoRA,25,23.01,61.27,0,0,0,0,ATB_59_2026-08-05.csv
2026-07-05T04:03:39Z,47,OTICE_v5_LoRA,141,22.99,64.47,573.81,573.81,24.32,0,ATB_47_2026-08-05.csv
2026-07-05T04:03:51Z,54,OTICE_v5_LoRA,0,22.99,60.04,605.98,605.98,24.32,0,ATB_54_2026-08-05.csv
2026-07-05T04:04:02Z,55,OTICE_v5_LoRA,0,0,0,494.33,494.33,24.67,0,ATB_55_2026-08-05.csv
2026-07-05T04:04:29Z,59,OTICE_v5_LoRA,20,23,61.17,0,0,0,0,ATB_59_2026-08-05.csv
2026-07-05T04:04:39Z,47,OTICE_v5_LoRA,130,22.99,64.36,575.95,575.95,24.32,0,ATB_47_2026-08-05.csv
2026-07-05T04:04:51Z,54,OTICE_v5_LoRA,0,23,60.04,606.19,606.19,24.29,0,ATB_54_2026-08-05.csv
2026-07-05T04:05:02Z,55,OTICE_v5_LoRA,57345,0,0,498.69,498.69,24.69,0,ATB_55_2026-08-05.csv
2026-07-05T04:05:29Z,59,OTICE_v5_LoRA,19,23.02,61.07,0,0,0,0,ATB_59_2026-08-05.csv
2026-07-05T04:05:39Z,47,OTICE_v5_LoRA,140,23.02,64.44,575.7,575.7,24.32,0,ATB_47_2026-08-05.csv
2026-07-05T04:05:51Z,54,OTICE_v5_LoRA,0,23,60.15,608.84,608.84,24.32,0,ATB_54_2026-08-05.csv
2026-07-05T04:06:03Z,55,OTICE_v5_LoRA,57345,0,0,496.26,496.26,24.7,0,ATB_55_2026-08-05.csv
2026-07-05T04:06:29Z,59,OTICE_v5_LoRA,21,23.04,61.07,0,0,0,0,ATB_59_2026-08-05.csv
2026-07-05T04:06:39Z,47,OTICE_v5_LoRA,135,22.99,64.47,574.01,574.01,24.34,0,ATB_47_2026-08-05.csv
2026-07-05T04:06:51Z,54,OTICE_v5_LoRA,0,22.99,60.24,607.67,607.67,24.29,0,ATB_54_2026-08-05.csv
2026-07-05T04:07:03Z,55,OTICE_v5_LoRA,57345,0,0,495.13,495.13,24.72,0,ATB_55_2026-08-05.csv
2026-07-05T04:07:29Z,59,OTICE_v5_LoRA,20,23.01,61.27,0,0,0,0,ATB_59_2026-08-05.csv
2026-07-05T04:07:40Z,47,OTICE_v5_LoRA,144,22.99,64.66,573.57,573.57,24.32,0,ATB_47_2026-08-05.csv
2026-07-05T04:07:51Z,54,OTICE_v5_LoRA,0,23,60.34,607.64,607.64,24.29,0,ATB_54_2026-08-05.csv
2026-07-05T04:08:03Z,55,OTICE_v5_LoRA,0,0,0,499.31,499.31,24.69,0,ATB_55_2026-08-05.csv
2026-07-05T04:08:40Z,47,OTICE_v5_LoRA,136,23.02,64.44,574.75,574.75,24.32,0,ATB_47_2026-08-05.csv
2026-07-05T04:08:51Z,54,OTICE_v5_LoRA,0,23,60.24,609.27,609.27,24.32,0,ATB_54_2026-08-05.csv
2026-07-05T04:09:03Z,55,OTICE_v5_LoRA,0,0,0,498.62,498.62,24.7,0,ATB_55_2026-08-05.csv
2026-07-05T04:09:28Z,59,OTICE_v5_LoRA,19,23.04,61.17,0,0,0,0,ATB_59_2026-08-05.csv
2026-07-05T04:09:40Z,47,OTICE_v5_LoRA,139,23.01,64.33,574.2,574.2,24.38,0,ATB_47_2026-08-05.csv
2026-07-05T04:09:51Z,54,OTICE_v5_LoRA,0,23,60.04,609.34,609.34,24.3,0,ATB_54_2026-08-05.csv
2026-07-05T04:10:04Z,55,OTICE_v5_LoRA,0,0,0,498.94,498.94,24.74,0,ATB_55_2026-08-05.csv
2026-07-05T04:10:28Z,59,OTICE_v5_LoRA,28,23.01,61.87,0,0,0,0,ATB_59_2026-08-05.csv
2026-07-05T04:10:40Z,47,OTICE_v5_LoRA,138,22.99,64.96,575.35,575.35,24.28,0,ATB_47_2026-08-05.csv
2026-07-05T04:10:51Z,54,OTICE_v5_LoRA,0,23,60.65,610.32,610.32,24.24,0,ATB_54_2026-08-05.csv
2026-07-05T04:11:03Z,55,OTICE_v5_LoRA,0,0,0,496.59,496.59,24.66,0,ATB_55_2026-08-05.csv
2026-07-05T04:11:28Z,59,OTICE_v5_LoRA,27,22.97,62.17,0,0,0,0,ATB_59_2026-08-05.csv
2026-07-05T04:11:40Z,47,OTICE_v5_LoRA,146,22.96,65.26,576.55,576.55,24.18,0,ATB_47_2026-08-05.csv
2026-07-05T04:11:51Z,54,OTICE_v5_LoRA,0,23,60.94,611.45,611.45,24.22,0,ATB_54_2026-08-05.csv
2026-07-05T04:12:03Z,55,OTICE_v5_LoRA,0,0,0,497.32,497.32,24.58,0,ATB_55_2026-08-05.csv
2026-07-05T04:12:28Z,59,OTICE_v5_LoRA,26,22.94,62.07,0,0,0,0,ATB_59_2026-08-05.csv
2026-07-05T04:12:40Z,47,OTICE_v5_LoRA,142,22.96,65.26,575.2,575.2,24.09,0,ATB_47_2026-08-05.csv
2026-07-05T04:12:52Z,54,OTICE_v5_LoRA,0,22.99,61.14,611.7,611.7,24.13,0,ATB_54_2026-08-05.csv
2026-07-05T04:13:03Z,55,OTICE_v5_LoRA,0,0,0,495.84,495.84,24.53,0,ATB_55_2026-08-05.csv
2026-07-05T04:13:28Z,59,OTICE_v5_LoRA,28,22.9,62.37,0,0,0,0,ATB_59_2026-08-05.csv
2026-07-05T04:13:40Z,47,OTICE_v5_LoRA,148,22.92,65.56,570.2,570.2,24.08,0,ATB_47_2026-08-05.csv
2026-07-05T04:13:51Z,54,OTICE_v5_LoRA,0,22.99,61.04,610.86,610.86,24.17,0,ATB_54_2026-08-05.csv
2026-07-05T04:14:03Z,55,OTICE_v5_LoRA,0,0,0,497.71,497.71,24.5,0,ATB_55_2026-08-05.csv
2026-07-05T04:14:28Z,59,OTICE_v5_LoRA,28,22.88,62.57,0,0,0,0,ATB_59_2026-08-05.csv
2026-07-05T04:14:40Z,47,OTICE_v5_LoRA,150,22.93,65.46,573.18,573.18,24.09,0,ATB_47_2026-08-05.csv
2026-07-05T04:14:52Z,54,OTICE_v5_LoRA,0,23.03,60.94,609.82,609.82,24.2,0,ATB_54_2026-08-05.csv
2026-07-05T04:15:03Z,55,OTICE_v5_LoRA,0,0,0,497.67,497.67,24.52,0,ATB_55_2026-08-05.csv
2026-07-05T04:15:28Z,59,OTICE_v5_LoRA,27,22.91,62.37,0,0,0,0,ATB_59_2026-08-05.csv
2026-07-05T04:15:40Z,47,OTICE_v5_LoRA,150,22.93,65.26,570.25,570.25,24.16,0,ATB_47_2026-08-05.csv
2026-07-05T04:15:52Z,54,OTICE_v5_LoRA,0,23,60.94,608.69,608.69,24.16,0,ATB_54_2026-08-05.csv
2026-07-05T04:16:03Z,55,OTICE_v5_LoRA,0,0,0,497.11,497.11,24.55,0,ATB_55_2026-08-05.csv
2026-07-05T04:16:28Z,59,OTICE_v5_LoRA,31,22.88,62.57,0,0,0,0,ATB_59_2026-08-05.csv
2026-07-05T04:16:40Z,47,OTICE_v5_LoRA,149,22.92,65.76,569.29,569.29,24.05,0,ATB_47_2026-08-05.csv
2026-07-05T04:16:52Z,54,OTICE_v5_LoRA,0,22.97,61.14,603.9,603.9,24.13,0,ATB_54_2026-08-05.csv
2026-07-05T04:17:03Z,55,OTICE_v5_LoRA,0,0,0,496.26,496.26,24.56,0,ATB_55_2026-08-05.csv
2026-07-05T04:17:40Z,47,OTICE_v5_LoRA,152,22.87,65.96,570.31,570.31,24.05,0,ATB_47_2026-08-05.csv
2026-07-05T04:17:52Z,54,OTICE_v5_LoRA,0,22.97,61.44,604.44,604.44,24.13,0,ATB_54_2026-08-05.csv
2026-07-05T04:18:03Z,55,OTICE_v5_LoRA,0,0,0,497.96,497.96,24.5,0,ATB_55_2026-08-05.csv
2026-07-05T04:18:38Z,59,OTICE_v5_LoRA,24,22.86,62.57,0,0,0,0,ATB_59_2026-08-05.csv
2026-07-05T04:18:40Z,47,OTICE_v5_LoRA,155,22.89,65.86,571.34,571.34,24.04,0,ATB_47_2026-08-05.csv
2026-07-05T04:18:52Z,54,OTICE_v5_LoRA,0,22.96,61.34,606.26,606.26,24.09,0,ATB_54_2026-08-05.csv
2026-07-05T04:19:03Z,55,OTICE_v5_LoRA,0,0,0,492.01,492.01,24.49,0,ATB_55_2026-08-05.csv
2026-07-05T04:19:38Z,59,OTICE_v5_LoRA,26,22.86,62.67,0,0,0,0,ATB_59_2026-08-05.csv
2026-07-05T04:19:40Z,47,OTICE_v5_LoRA,152,22.87,65.96,570.4,570.4,23.98,0,ATB_47_2026-08-05.csv
2026-07-05T04:19:52Z,54,OTICE_v5_LoRA,0,22.91,61.47,605.01,605.01,24.03,0,ATB_54_2026-08-05.csv
2026-07-05T04:20:03Z,55,OTICE_v5_LoRA,0,0,0,489.03,489.03,24.53,0,ATB_55_2026-08-05.csv
2026-07-05T04:20:38Z,59,OTICE_v5_LoRA,25,22.85,62.67,0,0,0,0,ATB_59_2026-08-05.csv
2026-07-05T04:20:40Z,47,OTICE_v5_LoRA,145,22.86,66.06,573.13,573.13,24.02,0,ATB_47_2026-08-05.csv
2026-07-05T04:20:52Z,54,OTICE_v5_LoRA,0,22.89,61.47,603.45,603.45,24.01,0,ATB_54_2026-08-05.csv
2026-07-05T04:21:03Z,55,OTICE_v5_LoRA,0,0,0,485.9,485.9,24.58,0,ATB_55_2026-08-05.csv
2026-07-05T04:21:38Z,59,OTICE_v5_LoRA,29,22.85,62.57,0,0,0,0,ATB_59_2026-08-05.csv
2026-07-05T04:21:41Z,47,OTICE_v5_LoRA,151,22.89,65.76,575.38,575.38,24.05,0,ATB_47_2026-08-05.csv
2026-07-05T04:21:52Z,54,OTICE_v5_LoRA,0,22.96,61.44,604.08,604.08,24.11,0,ATB_54_2026-08-05.csv
2026-07-05T04:22:03Z,55,OTICE_v5_LoRA,0,0,0,486.02,486.02,24.55,0,ATB_55_2026-08-05.csv
2026-07-05T04:22:38Z,59,OTICE_v5_LoRA,29,22.86,62.37,0,0,0,0,ATB_59_2026-08-05.csv
2026-07-05T04:22:41Z,47,OTICE_v5_LoRA,150,22.9,65.66,574.83,574.83,24.09,0,ATB_47_2026-08-05.csv
2026-07-05T04:22:52Z,54,OTICE_v5_LoRA,0,22.93,61.14,603.42,603.42,24.09,0,ATB_54_2026-08-05.csv
2026-07-05T04:23:03Z,55,OTICE_v5_LoRA,0,0,0,484.46,484.46,24.59,0,ATB_55_2026-08-05.csv
2026-07-05T04:23:38Z,59,OTICE_v5_LoRA,29,22.83,62.8,0,0,0,0,ATB_59_2026-08-05.csv
2026-07-05T04:23:41Z,47,OTICE_v5_LoRA,151,22.86,66.06,574.28,574.28,24.01,0,ATB_47_2026-08-05.csv
2026-07-05T04:23:52Z,54,OTICE_v5_LoRA,0,22.89,61.57,603.34,603.34,24.01,0,ATB_54_2026-08-05.csv
2026-07-05T04:24:04Z,55,OTICE_v5_LoRA,0,0,0,480.86,480.86,24.56,0,ATB_55_2026-08-05.csv
2026-07-05T04:24:38Z,59,OTICE_v5_LoRA,32,22.8,63.1,0,0,0,0,ATB_59_2026-08-05.csv
2026-07-05T04:24:41Z,47,OTICE_v5_LoRA,157,22.83,66.16,569.96,569.96,24,0,ATB_47_2026-08-05.csv
2026-07-05T04:24:52Z,54,OTICE_v5_LoRA,0,22.89,61.57,604.73,604.73,24.02,0,ATB_54_2026-08-05.csv
2026-07-05T04:25:04Z,55,OTICE_v5_LoRA,0,0,0,477.94,477.94,24.56,0,ATB_55_2026-08-05.csv
2026-07-05T04:25:38Z,59,OTICE_v5_LoRA,26,22.83,62.7,0,0,0,0,ATB_59_2026-08-05.csv
2026-07-05T04:25:52Z,54,OTICE_v5_LoRA,0,22.89,61.67,605.11,605.11,24.01,0,ATB_54_2026-08-05.csv
2026-07-05T04:26:04Z,55,OTICE_v5_LoRA,0,0,0,480.34,480.34,24.55,0,ATB_55_2026-08-05.csv
2026-07-05T04:26:39Z,59,OTICE_v5_LoRA,27,22.83,63,0,0,0,0,ATB_59_2026-08-05.csv
2026-07-05T04:26:40Z,47,OTICE_v5_LoRA,156,22.82,66.36,581.91,581.91,23.94,0,ATB_47_2026-08-05.csv
2026-07-05T04:26:52Z,54,OTICE_v5_LoRA,0,22.86,61.67,604.04,604.04,23.98,0,ATB_54_2026-08-05.csv
2026-07-05T04:27:04Z,55,OTICE_v5_LoRA,0,0,0,484.18,484.18,24.6,0,ATB_55_2026-08-05.csv
2026-07-05T04:27:39Z,59,OTICE_v5_LoRA,27,22.85,62.96,0,0,0,0,ATB_59_2026-08-05.csv
2026-07-05T04:27:40Z,47,OTICE_v5_LoRA,158,22.83,66.36,586.61,586.61,24.01,0,ATB_47_2026-08-05.csv
2026-07-05T04:27:53Z,54,OTICE_v5_LoRA,0,22.84,61.77,605.79,605.79,23.95,0,ATB_54_2026-08-05.csv
2026-07-05T04:28:04Z,55,OTICE_v5_LoRA,0,0,0,484.16,484.16,24.62,0,ATB_55_2026-08-05.csv
2026-07-05T04:28:39Z,59,OTICE_v5_LoRA,19,22.88,62.47,0,0,0,0,ATB_59_2026-08-05.csv
2026-07-05T04:28:40Z,47,OTICE_v5_LoRA,155,22.83,65.96,583.61,583.61,24.07,0,ATB_47_2026-08-05.csv
2026-07-05T04:28:52Z,54,OTICE_v5_LoRA,0,22.85,61.47,609.02,609.02,24.02,0,ATB_54_2026-08-05.csv
2026-07-05T04:29:04Z,55,OTICE_v5_LoRA,0,0,0,483.59,483.59,24.62,0,ATB_55_2026-08-05.csv
2026-07-05T04:29:39Z,59,OTICE_v5_LoRA,20,22.91,62.07,0,0,0,0,ATB_59_2026-08-05.csv
2026-07-05T04:29:40Z,47,OTICE_v5_LoRA,148,22.89,65.56,583.67,583.67,24.26,0,ATB_47_2026-08-05.csv
2026-07-05T04:29:53Z,54,OTICE_v5_LoRA,0,22.91,61.17,610.7,610.7,24.15,0,ATB_54_2026-08-05.csv
2026-07-05T04:30:04Z,55,OTICE_v5_LoRA,0,0,0,484.25,484.25,24.66,0,ATB_55_2026-08-05.csv
2026-07-05T04:30:39Z,59,OTICE_v5_LoRA,21,22.94,62.17,0,0,0,0,ATB_59_2026-08-05.csv
2026-07-05T04:30:40Z,47,OTICE_v5_LoRA,152,22.9,65.56,583.05,583.05,24.21,0,ATB_47_2026-08-05.csv
2026-07-05T04:30:53Z,54,OTICE_v5_LoRA,0,22.91,61.17,608.2,608.2,24.19,0,ATB_54_2026-08-05.csv
2026-07-05T04:31:04Z,55,OTICE_v5_LoRA,0,0,0,484.81,484.81,24.66,0,ATB_55_2026-08-05.csv
2026-07-05T04:31:39Z,59,OTICE_v5_LoRA,22,22.92,62.07,0,0,0,0,ATB_59_2026-08-05.csv
2026-07-05T04:31:40Z,47,OTICE_v5_LoRA,152,22.92,65.36,580.6,580.6,24.26,0,ATB_47_2026-08-05.csv
2026-07-05T04:31:53Z,54,OTICE_v5_LoRA,0,22.93,60.94,607.5,607.5,24.24,0,ATB_54_2026-08-05.csv
2026-07-05T04:32:04Z,55,OTICE_v5_LoRA,0,0,0,484.25,484.25,24.67,0,ATB_55_2026-08-05.csv
2026-07-05T04:32:39Z,59,OTICE_v5_LoRA,22,22.94,61.97,0,0,0,0,ATB_59_2026-08-05.csv
2026-07-05T04:32:40Z,47,OTICE_v5_LoRA,144,22.93,65.36,581.42,581.42,24.36,0,ATB_47_2026-08-05.csv
2026-07-05T04:32:53Z,54,OTICE_v5_LoRA,0,22.91,61.07,607.9,607.9,24.2,0,ATB_54_2026-08-05.csv
2026-07-05T04:33:04Z,55,OTICE_v5_LoRA,0,0,0,482.74,482.74,24.64,0,ATB_55_2026-08-05.csv
2026-07-05T04:33:39Z,59,OTICE_v5_LoRA,24,22.95,61.87,0,0,0,0,ATB_59_2026-08-05.csv
2026-07-05T04:33:40Z,47,OTICE_v5_LoRA,148,22.9,65.46,579.31,579.31,24.28,0,ATB_47_2026-08-05.csv
2026-07-05T04:33:53Z,54,OTICE_v5_LoRA,0,22.91,61.07,607.29,607.29,24.15,0,ATB_54_2026-08-05.csv
2026-07-05T04:34:04Z,55,OTICE_v5_LoRA,0,0,0,485.63,485.63,24.67,0,ATB_55_2026-08-05.csv
2026-07-05T04:34:39Z,59,OTICE_v5_LoRA,20,22.95,61.97,0,0,0,0,ATB_59_2026-08-05.csv
2026-07-05T04:34:40Z,47,OTICE_v5_LoRA,145,22.9,65.36,575.69,575.69,24.21,0,ATB_47_2026-08-05.csv
2026-07-05T04:34:53Z,54,OTICE_v5_LoRA,0,22.91,61.17,606.21,606.21,24.16,0,ATB_54_2026-08-05.csv
2026-07-05T04:35:04Z,55,OTICE_v5_LoRA,0,0,0,484.8,484.8,24.67,0,ATB_55_2026-08-05.csv
2026-07-05T04:35:39Z,59,OTICE_v5_LoRA,23,22.97,61.87,0,0,0,0,ATB_59_2026-08-05.csv
2026-07-05T04:35:40Z,47,OTICE_v5_LoRA,146,22.92,65.16,572.78,572.78,24.28,0,ATB_47_2026-08-05.csv
2026-07-05T04:35:53Z,54,OTICE_v5_LoRA,0,22.94,60.74,605.67,605.67,24.23,0,ATB_54_2026-08-05.csv
2026-07-05T04:36:04Z,55,OTICE_v5_LoRA,0,0,0,482.97,482.97,24.67,0,ATB_55_2026-08-05.csv
2026-07-05T04:36:39Z,59,OTICE_v5_LoRA,24,22.97,61.77,0,0,0,0,ATB_59_2026-08-05.csv
2026-07-05T04:36:41Z,47,OTICE_v5_LoRA,141,22.94,65.16,572.29,572.29,24.32,0,ATB_47_2026-08-05.csv
2026-07-05T04:36:53Z,54,OTICE_v5_LoRA,0,22.94,60.74,606.19,606.19,24.3,0,ATB_54_2026-08-05.csv
2026-07-05T04:37:04Z,55,OTICE_v5_LoRA,0,0,0,486.56,486.56,24.66,0,ATB_55_2026-08-05.csv
2026-07-05T04:37:39Z,59,OTICE_v5_LoRA,24,22.98,61.77,0,0,0,0,ATB_59_2026-08-05.csv
2026-07-05T04:37:41Z,47,OTICE_v5_LoRA,144,22.96,65.16,574.27,574.27,24.31,0,ATB_47_2026-08-05.csv
2026-07-05T04:37:53Z,54,OTICE_v5_LoRA,0,22.96,60.84,606.9,606.9,24.24,0,ATB_54_2026-08-05.csv
2026-07-05T04:38:04Z,55,OTICE_v5_LoRA,0,0,0,488.1,488.1,24.67,0,ATB_55_2026-08-05.csv
2026-07-05T04:38:40Z,59,OTICE_v5_LoRA,19,22.97,61.87,0,0,0,0,ATB_59_2026-08-05.csv
2026-07-05T04:38:41Z,47,OTICE_v5_LoRA,150,22.94,65.26,576.88,576.88,24.28,0,ATB_47_2026-08-05.csv
2026-07-05T04:38:54Z,54,OTICE_v5_LoRA,0,22.94,61.04,606.51,606.51,24.22,0,ATB_54_2026-08-05.csv
2026-07-05T04:39:04Z,55,OTICE_v5_LoRA,0,0,0,489.42,489.42,24.64,0,ATB_55_2026-08-05.csv
2026-07-05T04:39:40Z,59,OTICE_v5_LoRA,25,22.97,61.87,0,0,0,0,ATB_59_2026-08-05.csv
2026-07-05T04:39:41Z,47,OTICE_v5_LoRA,141,22.94,65.26,578.94,578.94,24.25,0,ATB_47_2026-08-05.csv
2026-07-05T04:39:54Z,54,OTICE_v5_LoRA,0,22.94,60.94,607.28,607.28,24.2,0,ATB_54_2026-08-05.csv
2026-07-05T04:40:04Z,55,OTICE_v5_LoRA,0,0,0,488.01,488.01,24.66,0,ATB_55_2026-08-05.csv
2026-07-05T04:40:40Z,59,OTICE_v5_LoRA,22,22.98,61.87,0,0,0,0,ATB_59_2026-08-05.csv
2026-07-05T04:40:41Z,47,OTICE_v5_LoRA,142,22.94,65.06,576.72,576.72,24.26,0,ATB_47_2026-08-05.csv
2026-07-05T04:40:54Z,54,OTICE_v5_LoRA,0,22.96,60.74,607.23,607.23,24.26,0,ATB_54_2026-08-05.csv
2026-07-05T04:41:04Z,55,OTICE_v5_LoRA,0,0,0,492.57,492.57,24.66,0,ATB_55_2026-08-05.csv
2026-07-05T04:41:40Z,59,OTICE_v5_LoRA,19,23.01,61.67,0,0,0,0,ATB_59_2026-08-05.csv
2026-07-05T04:41:41Z,47,OTICE_v5_LoRA,139,22.99,65.06,575.16,575.16,24.28,0,ATB_47_2026-08-05.csv
2026-07-05T04:41:54Z,54,OTICE_v5_LoRA,0,22.97,60.84,608.07,608.07,24.23,0,ATB_54_2026-08-05.csv
2026-07-05T04:42:04Z,55,OTICE_v5_LoRA,0,0,0,490.43,490.43,24.67,0,ATB_55_2026-08-05.csv
2026-07-05T04:42:40Z,59,OTICE_v5_LoRA,21,23,61.67,0,0,0,0,ATB_59_2026-08-05.csv
2026-07-05T04:42:41Z,47,OTICE_v5_LoRA,135,22.97,65.06,576.24,576.24,24.31,0,ATB_47_2026-08-05.csv
2026-07-05T04:42:54Z,54,OTICE_v5_LoRA,0,22.96,60.84,609.29,609.29,24.23,0,ATB_54_2026-08-05.csv
2026-07-05T04:43:04Z,55,OTICE_v5_LoRA,0,0,0,489.45,489.45,24.7,0,ATB_55_2026-08-05.csv
2026-07-05T04:43:40Z,59,OTICE_v5_LoRA,26,23.02,61.67,0,0,0,0,ATB_59_2026-08-05.csv
2026-07-05T04:43:41Z,47,OTICE_v5_LoRA,137,22.96,65.06,575.46,575.46,24.34,0,ATB_47_2026-08-05.csv
2026-07-05T04:43:54Z,54,OTICE_v5_LoRA,0,22.96,60.84,610.64,610.64,24.26,0,ATB_54_2026-08-05.csv
2026-07-05T04:44:04Z,55,OTICE_v5_LoRA,0,0,0,487.76,487.76,24.69,0,ATB_55_2026-08-05.csv
2026-07-05T04:44:40Z,59,OTICE_v5_LoRA,23,23.01,61.77,0,0,0,0,ATB_59_2026-08-05.csv
2026-07-05T04:44:41Z,47,OTICE_v5_LoRA,141,22.97,65.16,575.03,575.03,24.31,0,ATB_47_2026-08-05.csv
2026-07-05T04:44:54Z,54,OTICE_v5_LoRA,0,22.97,60.84,611.36,611.36,24.27,0,ATB_54_2026-08-05.csv
2026-07-05T04:45:05Z,55,OTICE_v5_LoRA,0,0,0,486.41,486.41,24.67,0,ATB_55_2026-08-05.csv
2026-07-05T04:45:40Z,59,OTICE_v5_LoRA,18,23.01,61.67,0,0,0,0,ATB_59_2026-08-05.csv
2026-07-05T04:45:42Z,47,OTICE_v5_LoRA,140,22.99,65.06,574.05,574.05,24.35,0,ATB_47_2026-08-05.csv
2026-07-05T04:45:54Z,54,OTICE_v5_LoRA,0,22.99,60.74,613.15,613.15,24.32,0,ATB_54_2026-08-05.csv
2026-07-05T04:46:05Z,55,OTICE_v5_LoRA,0,0,0,487.9,487.9,24.73,0,ATB_55_2026-08-05.csv
2026-07-05T04:46:40Z,59,OTICE_v5_LoRA,21,23.02,61.77,0,0,0,0,ATB_59_2026-08-05.csv
2026-07-05T04:46:42Z,47,OTICE_v5_LoRA,132,22.99,65.16,574.79,574.79,24.38,0,ATB_47_2026-08-05.csv
2026-07-05T04:46:54Z,54,OTICE_v5_LoRA,0,22.99,60.94,611.29,611.29,24.33,0,ATB_54_2026-08-05.csv
2026-07-05T04:47:05Z,55,OTICE_v5_LoRA,0,0,0,487.52,487.52,24.76,0,ATB_55_2026-08-05.csv
2026-07-05T04:47:40Z,59,OTICE_v5_LoRA,21,23.02,61.77,0,0,0,0,ATB_59_2026-08-05.csv
2026-07-05T04:47:42Z,47,OTICE_v5_LoRA,131,23.01,65.23,576.3,576.3,24.35,0,ATB_47_2026-08-05.csv
2026-07-05T04:47:54Z,54,OTICE_v5_LoRA,0,22.96,61.04,610.81,610.81,24.29,0,ATB_54_2026-08-05.csv
2026-07-05T04:48:05Z,55,OTICE_v5_LoRA,0,0,0,489.66,489.66,24.73,0,ATB_55_2026-08-05.csv
2026-07-05T04:48:40Z,59,OTICE_v5_LoRA,22,23.02,61.87,0,0,0,0,ATB_59_2026-08-05.csv
2026-07-05T04:48:42Z,47,OTICE_v5_LoRA,144,23.01,65.23,574.37,574.37,24.36,0,ATB_47_2026-08-05.csv
2026-07-05T04:48:54Z,54,OTICE_v5_LoRA,0,22.97,61.04,612.1,612.1,24.32,0,ATB_54_2026-08-05.csv
2026-07-05T04:49:05Z,55,OTICE_v5_LoRA,0,0,0,490.76,490.76,24.7,0,ATB_55_2026-08-05.csv
2026-07-05T04:49:41Z,59,OTICE_v5_LoRA,24,23.01,61.87,0,0,0,0,ATB_59_2026-08-05.csv
2026-07-05T04:49:42Z,47,OTICE_v5_LoRA,141,22.99,65.16,574.52,574.52,24.39,0,ATB_47_2026-08-05.csv
2026-07-05T04:49:54Z,54,OTICE_v5_LoRA,0,22.97,60.94,612.46,612.46,24.3,0,ATB_54_2026-08-05.csv
2026-07-05T04:50:05Z,55,OTICE_v5_LoRA,0,0,0,490.35,490.35,24.73,0,ATB_55_2026-08-05.csv
2026-07-05T04:50:41Z,59,OTICE_v5_LoRA,22,23.02,61.87,0,0,0,0,ATB_59_2026-08-05.csv
2026-07-05T04:50:42Z,47,OTICE_v5_LoRA,136,23.01,65.13,578.22,578.22,24.35,0,ATB_47_2026-08-05.csv
2026-07-05T04:50:54Z,54,OTICE_v5_LoRA,0,22.99,60.84,612.56,612.56,24.3,0,ATB_54_2026-08-05.csv
2026-07-05T04:51:05Z,55,OTICE_v5_LoRA,0,0,0,492.61,492.61,24.72,0,ATB_55_2026-08-05.csv
2026-07-05T04:51:41Z,59,OTICE_v5_LoRA,17,23.02,61.87,0,0,0,0,ATB_59_2026-08-05.csv
2026-07-05T04:51:42Z,47,OTICE_v5_LoRA,134,22.99,65.16,578.66,578.66,24.35,0,ATB_47_2026-08-05.csv
2026-07-05T04:51:54Z,54,OTICE_v5_LoRA,0,22.99,60.84,612.29,612.29,24.32,0,ATB_54_2026-08-05.csv
2026-07-05T04:52:05Z,55,OTICE_v5_LoRA,0,0,0,492.29,492.29,24.73,0,ATB_55_2026-08-05.csv
2026-07-05T04:52:41Z,59,OTICE_v5_LoRA,16,23.04,61.77,0,0,0,0,ATB_59_2026-08-05.csv
2026-07-05T04:52:42Z,47,OTICE_v5_LoRA,138,23.02,65.03,580.71,580.71,24.38,0,ATB_47_2026-08-05.csv
2026-07-05T04:52:55Z,54,OTICE_v5_LoRA,0,23,60.74,611.51,611.51,24.39,0,ATB_54_2026-08-05.csv
2026-07-05T04:53:05Z,55,OTICE_v5_LoRA,0,0,0,491.62,491.62,24.69,0,ATB_55_2026-08-05.csv
2026-07-05T04:53:41Z,59,OTICE_v5_LoRA,21,23.04,61.97,0,0,0,0,ATB_59_2026-08-05.csv
2026-07-05T04:53:42Z,47,OTICE_v5_LoRA,134,23.02,65.03,580.76,580.76,24.38,0,ATB_47_2026-08-05.csv
2026-07-05T04:53:54Z,54,OTICE_v5_LoRA,0,23.03,60.84,611.47,611.47,24.34,0,ATB_54_2026-08-05.csv
2026-07-05T04:54:05Z,55,OTICE_v5_LoRA,0,0,0,488.34,488.34,24.69,0,ATB_55_2026-08-05.csv
2026-07-05T04:54:41Z,59,OTICE_v5_LoRA,22,23.05,61.87,0,0,0,0,ATB_59_2026-08-05.csv
2026-07-05T04:54:42Z,47,OTICE_v5_LoRA,143,23.02,65.23,578.04,578.04,24.43,0,ATB_47_2026-08-05.csv
2026-07-05T04:55:41Z,59,OTICE_v5_LoRA,20,23.04,62.07,0,0,0,0,ATB_59_2026-08-05.csv
2026-07-05T04:55:42Z,47,OTICE_v5_LoRA,138,23.04,65.13,578.05,578.05,24.4,0,ATB_47_2026-08-05.csv
2026-07-05T04:55:54Z,54,OTICE_v5_LoRA,0,23.01,60.84,603.68,603.68,24.34,0,ATB_54_2026-08-05.csv
2026-07-05T04:56:05Z,55,OTICE_v5_LoRA,0,0,0,473.35,473.35,24.74,0,ATB_55_2026-08-05.csv
2026-07-05T04:56:41Z,59,OTICE_v5_LoRA,21,23.05,61.87,0,0,0,0,ATB_59_2026-08-05.csv
2026-07-05T04:56:42Z,47,OTICE_v5_LoRA,132,23.01,65.13,574.77,574.77,24.36,0,ATB_47_2026-08-05.csv
2026-07-05T04:56:54Z,54,OTICE_v5_LoRA,0,23.01,60.94,604.73,604.73,24.36,0,ATB_54_2026-08-05.csv
2026-07-05T04:57:06Z,55,OTICE_v5_LoRA,0,0,0,481.05,481.05,24.74,0,ATB_55_2026-08-05.csv
2026-07-05T04:57:41Z,59,OTICE_v5_LoRA,22,23.05,61.97,0,0,0,0,ATB_59_2026-08-05.csv
2026-07-05T04:57:43Z,47,OTICE_v5_LoRA,135,23.02,65.13,573.51,573.51,24.4,0,ATB_47_2026-08-05.csv
2026-07-05T04:57:54Z,54,OTICE_v5_LoRA,0,23.04,60.94,601.03,601.03,24.36,0,ATB_54_2026-08-05.csv
2026-07-05T04:58:06Z,55,OTICE_v5_LoRA,0,0,0,485.63,485.63,24.79,0,ATB_55_2026-08-05.csv
2026-07-05T04:58:42Z,59,OTICE_v5_LoRA,18,23.07,61.87,0,0,0,0,ATB_59_2026-08-05.csv
2026-07-05T04:58:43Z,47,OTICE_v5_LoRA,141,23.05,65.33,575.14,575.14,24.4,0,ATB_47_2026-08-05.csv
2026-07-05T04:58:54Z,54,OTICE_v5_LoRA,0,23.01,61.14,602.26,602.26,24.4,0,ATB_54_2026-08-05.csv
2026-07-05T04:59:06Z,55,OTICE_v5_LoRA,0,0,0,487.17,487.17,24.74,0,ATB_55_2026-08-05.csv
2026-07-05T04:59:42Z,59,OTICE_v5_LoRA,31,23.01,62.67,0,0,0,0,ATB_59_2026-08-05.csv
2026-07-05T04:59:43Z,47,OTICE_v5_LoRA,137,23.04,65.73,578.17,578.17,24.29,0,ATB_47_2026-08-05.csv
2026-07-05T04:59:54Z,54,OTICE_v5_LoRA,0,23,61.44,603.49,603.49,24.32,0,ATB_54_2026-08-05.csv
2026-07-05T05:00:06Z,55,OTICE_v5_LoRA,0,0,0,483.79,483.79,24.7,0,ATB_55_2026-08-05.csv
2026-07-05T05:00:42Z,59,OTICE_v5_LoRA,26,22.98,62.77,0,0,0,0,ATB_59_2026-08-05.csv
2026-07-05T05:00:43Z,47,OTICE_v5_LoRA,142,22.99,65.86,576.5,576.5,24.24,0,ATB_47_2026-08-05.csv
2026-07-05T05:00:54Z,54,OTICE_v5_LoRA,0,23.01,61.54,602.71,602.71,24.3,0,ATB_54_2026-08-05.csv
2026-07-05T05:01:06Z,55,OTICE_v5_LoRA,1,0,0,486.91,486.91,24.62,0,ATB_55_2026-08-05.csv
2026-07-05T05:01:42Z,59,OTICE_v5_LoRA,23,22.95,62.87,0,0,0,0,ATB_59_2026-08-05.csv
2026-07-05T05:01:43Z,47,OTICE_v5_LoRA,147,22.97,66.06,575.36,575.36,24.18,0,ATB_47_2026-08-05.csv
2026-07-05T05:01:54Z,54,OTICE_v5_LoRA,0,23.03,61.94,603.74,603.74,24.22,0,ATB_54_2026-08-05.csv
2026-07-05T05:02:06Z,55,OTICE_v5_LoRA,1,0,0,486.89,486.89,24.59,0,ATB_55_2026-08-05.csv
2026-07-05T05:02:42Z,59,OTICE_v5_LoRA,26,22.92,63.07,0,0,0,0,ATB_59_2026-08-05.csv
2026-07-05T05:02:43Z,47,OTICE_v5_LoRA,143,22.97,66.26,576.28,576.28,24.15,0,ATB_47_2026-08-05.csv
2026-07-05T05:02:54Z,54,OTICE_v5_LoRA,0,23,61.94,605.89,605.89,24.22,0,ATB_54_2026-08-05.csv
2026-07-05T05:03:06Z,55,OTICE_v5_LoRA,0,0,0,489.29,489.29,24.6,0,ATB_55_2026-08-05.csv
2026-07-05T05:03:42Z,59,OTICE_v5_LoRA,21,22.92,63.07,0,0,0,0,ATB_59_2026-08-05.csv
2026-07-05T05:03:43Z,47,OTICE_v5_LoRA,146,22.96,66.36,573.64,573.64,24.18,0,ATB_47_2026-08-05.csv
2026-07-05T05:03:54Z,54,OTICE_v5_LoRA,0,23.01,61.84,604.78,604.78,24.2,0,ATB_54_2026-08-05.csv
2026-07-05T05:04:06Z,55,OTICE_v5_LoRA,0,0,0,491.39,491.39,24.64,0,ATB_55_2026-08-05.csv
2026-07-05T05:04:42Z,59,OTICE_v5_LoRA,22,22.92,63.07,0,0,0,0,ATB_59_2026-08-05.csv
2026-07-05T05:04:43Z,47,OTICE_v5_LoRA,151,22.93,66.46,575.18,575.18,24.11,0,ATB_47_2026-08-05.csv
2026-07-05T05:04:55Z,54,OTICE_v5_LoRA,0,22.99,61.94,606.67,606.67,24.13,0,ATB_54_2026-08-05.csv
2026-07-05T05:05:06Z,55,OTICE_v5_LoRA,0,0,0,493.59,493.59,24.67,0,ATB_55_2026-08-05.csv
2026-07-05T05:05:42Z,59,OTICE_v5_LoRA,26,22.95,63.07,0,0,0,0,ATB_59_2026-08-05.csv
2026-07-05T05:05:43Z,47,OTICE_v5_LoRA,155,22.93,66.46,575.84,575.84,24.14,0,ATB_47_2026-08-05.csv
2026-07-05T05:05:55Z,54,OTICE_v5_LoRA,0,22.97,62.04,606.95,606.95,24.16,0,ATB_54_2026-08-05.csv
2026-07-05T05:06:06Z,55,OTICE_v5_LoRA,0,0,0,491.82,491.82,24.63,0,ATB_55_2026-08-05.csv
2026-07-05T05:06:43Z,47,OTICE_v5_LoRA,152,22.93,66.36,576.02,576.02,24.21,0,ATB_47_2026-08-05.csv
2026-07-05T05:06:43Z,59,OTICE_v5_LoRA,25,22.95,62.87,0,0,0,0,ATB_59_2026-08-05.csv
2026-07-05T05:06:55Z,54,OTICE_v5_LoRA,0,22.94,62.14,610.73,610.73,24.11,0,ATB_54_2026-08-05.csv
2026-07-05T05:07:06Z,55,OTICE_v5_LoRA,0,0,0,489.51,489.51,24.66,0,ATB_55_2026-08-05.csv
2026-07-05T05:07:42Z,59,OTICE_v5_LoRA,24,22.95,63.07,0,0,0,0,ATB_59_2026-08-05.csv
2026-07-05T05:07:43Z,47,OTICE_v5_LoRA,151,22.92,66.56,574.22,574.22,24.08,0,ATB_47_2026-08-05.csv
2026-07-05T05:07:55Z,54,OTICE_v5_LoRA,0,22.94,61.94,611.02,611.02,24.09,0,ATB_54_2026-08-05.csv
2026-07-05T05:08:06Z,55,OTICE_v5_LoRA,0,0,0,489.47,489.47,24.72,0,ATB_55_2026-08-05.csv
2026-07-05T05:08:43Z,47,OTICE_v5_LoRA,152,22.9,66.56,575.38,575.38,24.05,0,ATB_47_2026-08-05.csv
2026-07-05T05:08:43Z,59,OTICE_v5_LoRA,24,22.95,62.96,0,0,0,0,ATB_59_2026-08-05.csv
2026-07-05T05:08:55Z,54,OTICE_v5_LoRA,0,22.93,62.14,608.56,608.56,24.03,0,ATB_54_2026-08-05.csv
2026-07-05T05:09:06Z,55,OTICE_v5_LoRA,0,0,0,489.27,489.27,24.66,0,ATB_55_2026-08-05.csv
2026-07-05T05:09:43Z,47,OTICE_v5_LoRA,147,22.87,66.86,574.4,574.4,24.04,0,ATB_47_2026-08-05.csv
2026-07-05T05:09:43Z,59,OTICE_v5_LoRA,29,22.92,63.26,0,0,0,0,ATB_59_2026-08-05.csv
2026-07-05T05:09:55Z,54,OTICE_v5_LoRA,0,22.91,62.47,605.84,605.84,24.01,0,ATB_54_2026-08-05.csv
2026-07-05T05:10:06Z,55,OTICE_v5_LoRA,0,0,0,492.38,492.38,24.64,0,ATB_55_2026-08-05.csv
2026-07-05T05:10:43Z,47,OTICE_v5_LoRA,151,22.87,66.76,574.19,574.19,24.02,0,ATB_47_2026-08-05.csv
2026-07-05T05:10:43Z,59,OTICE_v5_LoRA,26,22.91,63.17,0,0,0,0,ATB_59_2026-08-05.csv
2026-07-05T05:10:55Z,54,OTICE_v5_LoRA,0,22.91,62.37,604.17,604.17,24.05,0,ATB_54_2026-08-05.csv
2026-07-05T05:11:06Z,55,OTICE_v5_LoRA,0,0,0,493.45,493.45,24.6,0,ATB_55_2026-08-05.csv
2026-07-05T05:11:43Z,47,OTICE_v5_LoRA,152,22.87,66.76,573.77,573.77,24.01,0,ATB_47_2026-08-05.csv
2026-07-05T05:11:43Z,59,OTICE_v5_LoRA,26,22.88,63.26,0,0,0,0,ATB_59_2026-08-05.csv
2026-07-05T05:11:55Z,54,OTICE_v5_LoRA,0,22.91,62.27,604.49,604.49,24.02,0,ATB_54_2026-08-05.csv
2026-07-05T05:12:06Z,55,OTICE_v5_LoRA,0,0,0,490.32,490.32,24.64,0,ATB_55_2026-08-05.csv
2026-07-05T05:12:43Z,47,OTICE_v5_LoRA,156,22.83,67.06,574.52,574.52,23.95,0,ATB_47_2026-08-05.csv
2026-07-05T05:12:43Z,59,OTICE_v5_LoRA,28,22.88,63.56,0,0,0,0,ATB_59_2026-08-05.csv
2026-07-05T05:12:55Z,54,OTICE_v5_LoRA,0,22.88,62.27,604.14,604.14,24.01,0,ATB_54_2026-08-05.csv
2026-07-05T05:13:06Z,55,OTICE_v5_LoRA,0,0,0,493.16,493.16,24.59,0,ATB_55_2026-08-05.csv
2026-07-05T05:13:43Z,59,OTICE_v5_LoRA,27,22.92,63.07,0,0,0,0,ATB_59_2026-08-05.csv
2026-07-05T05:13:44Z,47,OTICE_v5_LoRA,151,22.86,66.76,576.41,576.41,24.12,0,ATB_47_2026-08-05.csv
2026-07-05T05:13:55Z,54,OTICE_v5_LoRA,0,22.88,62.37,607.73,607.73,23.98,0,ATB_54_2026-08-05.csv
2026-07-05T05:14:06Z,55,OTICE_v5_LoRA,0,0,0,493.43,493.43,24.62,0,ATB_55_2026-08-05.csv
2026-07-05T05:14:43Z,59,OTICE_v5_LoRA,25,22.88,63.37,0,0,0,0,ATB_59_2026-08-05.csv
2026-07-05T05:14:44Z,47,OTICE_v5_LoRA,158,22.87,66.86,577.02,577.02,24.02,0,ATB_47_2026-08-05.csv
2026-07-05T05:14:55Z,54,OTICE_v5_LoRA,0,22.89,62.47,610.3,610.3,23.99,0,ATB_54_2026-08-05.csv
2026-07-05T05:15:07Z,55,OTICE_v5_LoRA,0,0,0,495.37,495.37,24.6,0,ATB_55_2026-08-05.csv
2026-07-05T05:15:43Z,59,OTICE_v5_LoRA,24,22.86,63.37,0,0,0,0,ATB_59_2026-08-05.csv
2026-07-05T05:15:44Z,47,OTICE_v5_LoRA,156,22.84,66.96,574.29,574.29,23.98,0,ATB_47_2026-08-05.csv
2026-07-05T05:15:55Z,54,OTICE_v5_LoRA,0,22.86,62.67,610.27,610.27,23.93,0,ATB_54_2026-08-05.csv
2026-07-05T05:16:07Z,55,OTICE_v5_LoRA,0,0,0,494.27,494.27,24.59,0,ATB_55_2026-08-05.csv
2026-07-05T05:16:44Z,47,OTICE_v5_LoRA,161,22.83,66.96,571.75,571.75,23.98,0,ATB_47_2026-08-05.csv
2026-07-05T05:16:56Z,54,OTICE_v5_LoRA,0,22.85,62.57,607.42,607.42,23.98,0,ATB_54_2026-08-05.csv
2026-07-05T05:17:07Z,55,OTICE_v5_LoRA,0,0,0,494.98,494.98,24.6,0,ATB_55_2026-08-05.csv
2026-07-05T05:17:41Z,59,OTICE_v5_LoRA,25,22.86,63.47,0,0,0,0,ATB_59_2026-08-05.csv
2026-07-05T05:17:44Z,47,OTICE_v5_LoRA,152,22.82,67.06,571.71,571.71,23.97,0,ATB_47_2026-08-05.csv
2026-07-05T05:17:56Z,54,OTICE_v5_LoRA,0,22.84,62.47,608.84,608.84,23.95,0,ATB_54_2026-08-05.csv
2026-07-05T05:18:07Z,55,OTICE_v5_LoRA,0,0,0,495.06,495.06,24.62,0,ATB_55_2026-08-05.csv
2026-07-05T05:18:41Z,59,OTICE_v5_LoRA,23,22.91,63.07,0,0,0,0,ATB_59_2026-08-05.csv
2026-07-05T05:18:44Z,47,OTICE_v5_LoRA,156,22.82,66.86,572.94,572.94,23.98,0,ATB_47_2026-08-05.csv
2026-07-05T05:18:56Z,54,OTICE_v5_LoRA,0,22.82,62.57,609.98,609.98,23.92,0,ATB_54_2026-08-05.csv
2026-07-05T05:19:07Z,55,OTICE_v5_LoRA,0,0,0,493.84,493.84,24.59,0,ATB_55_2026-08-05.csv
2026-07-05T05:19:42Z,59,OTICE_v5_LoRA,26,22.92,63.37,0,0,0,0,ATB_59_2026-08-05.csv
2026-07-05T05:19:44Z,47,OTICE_v5_LoRA,155,22.82,66.96,571.73,571.73,24.05,0,ATB_47_2026-08-05.csv
2026-07-05T05:19:56Z,54,OTICE_v5_LoRA,0,22.82,62.57,610.88,610.88,23.98,0,ATB_54_2026-08-05.csv
2026-07-05T05:20:07Z,55,OTICE_v5_LoRA,0,0,0,495.14,495.14,24.59,0,ATB_55_2026-08-05.csv
2026-07-05T05:20:42Z,59,OTICE_v5_LoRA,27,22.86,63.76,0,0,0,0,ATB_59_2026-08-05.csv
2026-07-05T05:20:45Z,47,OTICE_v5_LoRA,153,22.83,67.16,569.67,569.67,24,0,ATB_47_2026-08-05.csv
2026-07-05T05:20:56Z,54,OTICE_v5_LoRA,0,22.86,62.67,612.64,612.64,23.99,0,ATB_54_2026-08-05.csv
2026-07-05T05:21:07Z,55,OTICE_v5_LoRA,0,0,0,498,498,24.53,0,ATB_55_2026-08-05.csv
2026-07-05T05:21:42Z,59,OTICE_v5_LoRA,23,22.88,63.07,0,0,0,0,ATB_59_2026-08-05.csv
2026-07-05T05:21:45Z,47,OTICE_v5_LoRA,152,22.86,66.66,569.9,569.9,24.18,0,ATB_47_2026-08-05.csv
2026-07-05T05:21:56Z,54,OTICE_v5_LoRA,0,22.89,62.17,611.82,611.82,24.16,0,ATB_54_2026-08-05.csv
2026-07-05T05:22:07Z,55,OTICE_v5_LoRA,0,0,0,497.39,497.39,24.63,0,ATB_55_2026-08-05.csv
2026-07-05T05:22:42Z,59,OTICE_v5_LoRA,23,22.92,63.07,0,0,0,0,ATB_59_2026-08-05.csv
2026-07-05T05:22:45Z,47,OTICE_v5_LoRA,151,22.9,66.46,573.92,573.92,24.21,0,ATB_47_2026-08-05.csv
2026-07-05T05:22:56Z,54,OTICE_v5_LoRA,0,22.91,61.97,612.35,612.35,24.29,0,ATB_54_2026-08-05.csv
2026-07-05T05:23:07Z,55,OTICE_v5_LoRA,0,0,0,495.33,495.33,24.64,0,ATB_55_2026-08-05.csv
2026-07-05T05:23:42Z,59,OTICE_v5_LoRA,24,22.92,62.87,0,0,0,0,ATB_59_2026-08-05.csv
2026-07-05T05:23:45Z,47,OTICE_v5_LoRA,150,22.93,66.26,574.37,574.37,24.28,0,ATB_47_2026-08-05.csv
2026-07-05T05:23:56Z,54,OTICE_v5_LoRA,0,22.93,62.04,615.54,615.54,24.29,0,ATB_54_2026-08-05.csv
2026-07-05T05:24:07Z,55,OTICE_v5_LoRA,0,0,0,496.4,496.4,24.64,0,ATB_55_2026-08-05.csv
2026-07-05T05:24:42Z,59,OTICE_v5_LoRA,29,22.94,62.96,0,0,0,0,ATB_59_2026-08-05.csv
2026-07-05T05:24:45Z,47,OTICE_v5_LoRA,149,22.9,66.36,570.01,570.01,24.26,0,ATB_47_2026-08-05.csv
2026-07-05T05:24:56Z,54,OTICE_v5_LoRA,0,22.91,61.97,616.51,616.51,24.2,0,ATB_54_2026-08-05.csv
2026-07-05T05:25:07Z,55,OTICE_v5_LoRA,0,0,0,495.01,495.01,24.64,0,ATB_55_2026-08-05.csv
2026-07-05T05:25:42Z,59,OTICE_v5_LoRA,24,22.95,62.87,0,0,0,0,ATB_59_2026-08-05.csv
2026-07-05T05:25:56Z,54,OTICE_v5_LoRA,0,22.91,61.87,613.97,613.97,24.19,0,ATB_54_2026-08-05.csv
2026-07-05T05:26:07Z,55,OTICE_v5_LoRA,0,0,0,496.42,496.42,24.64,0,ATB_55_2026-08-05.csv
2026-07-05T05:26:42Z,59,OTICE_v5_LoRA,21,22.95,62.67,0,0,0,0,ATB_59_2026-08-05.csv
2026-07-05T05:26:43Z,47,OTICE_v5_LoRA,149,22.92,66.16,588.31,588.31,24.26,0,ATB_47_2026-08-05.csv
2026-07-05T05:26:56Z,54,OTICE_v5_LoRA,0,22.91,61.87,611.49,611.49,24.22,0,ATB_54_2026-08-05.csv
2026-07-05T05:27:07Z,55,OTICE_v5_LoRA,0,0,0,494.55,494.55,24.66,0,ATB_55_2026-08-05.csv
2026-07-05T05:27:42Z,59,OTICE_v5_LoRA,21,22.95,62.77,0,0,0,0,ATB_59_2026-08-05.csv
2026-07-05T05:27:43Z,47,OTICE_v5_LoRA,144,22.92,66.16,584.69,584.69,24.29,0,ATB_47_2026-08-05.csv
2026-07-05T05:27:56Z,54,OTICE_v5_LoRA,0,22.93,61.84,610.91,610.91,24.17,0,ATB_54_2026-08-05.csv
2026-07-05T05:28:07Z,55,OTICE_v5_LoRA,0,0,0,492.45,492.45,24.63,0,ATB_55_2026-08-05.csv
2026-07-05T05:28:42Z,59,OTICE_v5_LoRA,18,22.95,62.67,0,0,0,0,ATB_59_2026-08-05.csv
2026-07-05T05:28:43Z,47,OTICE_v5_LoRA,149,22.9,66.16,581.33,581.33,24.22,0,ATB_47_2026-08-05.csv
2026-07-05T05:28:56Z,54,OTICE_v5_LoRA,0,22.91,61.77,609.99,609.99,24.17,0,ATB_54_2026-08-05.csv
2026-07-05T05:29:07Z,55,OTICE_v5_LoRA,0,0,0,491.59,491.59,24.63,0,ATB_55_2026-08-05.csv
2026-07-05T05:29:42Z,59,OTICE_v5_LoRA,17,22.94,62.67,0,0,0,0,ATB_59_2026-08-05.csv
2026-07-05T05:29:44Z,47,OTICE_v5_LoRA,141,22.92,65.96,578.99,578.99,24.26,0,ATB_47_2026-08-05.csv
2026-07-05T05:29:56Z,54,OTICE_v5_LoRA,0,22.91,61.77,608.2,608.2,24.19,0,ATB_54_2026-08-05.csv
2026-07-05T05:30:07Z,55,OTICE_v5_LoRA,0,0,0,493.99,493.99,24.64,0,ATB_55_2026-08-05.csv
2026-07-05T05:30:42Z,59,OTICE_v5_LoRA,24,22.98,62.67,0,0,0,0,ATB_59_2026-08-05.csv
2026-07-05T05:30:44Z,47,OTICE_v5_LoRA,139,22.93,66.16,579.91,579.91,24.28,0,ATB_47_2026-08-05.csv
2026-07-05T05:30:56Z,54,OTICE_v5_LoRA,0,22.93,61.84,609.32,609.32,24.2,0,ATB_54_2026-08-05.csv
2026-07-05T05:31:07Z,55,OTICE_v5_LoRA,0,0,0,496.37,496.37,24.63,0,ATB_55_2026-08-05.csv
2026-07-05T05:31:42Z,59,OTICE_v5_LoRA,18,22.97,62.57,0,0,0,0,ATB_59_2026-08-05.csv
2026-07-05T05:31:44Z,47,OTICE_v5_LoRA,142,22.93,65.86,577.28,577.28,24.26,0,ATB_47_2026-08-05.csv
2026-07-05T05:31:57Z,54,OTICE_v5_LoRA,0,22.93,61.54,608.97,608.97,24.23,0,ATB_54_2026-08-05.csv
2026-07-05T05:32:07Z,55,OTICE_v5_LoRA,0,0,0,496.58,496.58,24.64,0,ATB_55_2026-08-05.csv
2026-07-05T05:32:42Z,59,OTICE_v5_LoRA,22,22.98,62.77,0,0,0,0,ATB_59_2026-08-05.csv
2026-07-05T05:32:44Z,47,OTICE_v5_LoRA,137,22.96,65.96,572.3,572.3,24.28,0,ATB_47_2026-08-05.csv
2026-07-05T05:32:57Z,54,OTICE_v5_LoRA,0,22.94,61.64,606.92,606.92,24.26,0,ATB_54_2026-08-05.csv
2026-07-05T05:33:07Z,55,OTICE_v5_LoRA,0,0,0,495.26,495.26,24.66,0,ATB_55_2026-08-05.csv
2026-07-05T05:33:42Z,59,OTICE_v5_LoRA,20,22.98,62.67,0,0,0,0,ATB_59_2026-08-05.csv
2026-07-05T05:33:44Z,47,OTICE_v5_LoRA,142,22.96,65.86,570.87,570.87,24.32,0,ATB_47_2026-08-05.csv
2026-07-05T05:33:57Z,54,OTICE_v5_LoRA,0,22.97,61.54,607.21,607.21,24.29,0,ATB_54_2026-08-05.csv
2026-07-05T05:34:07Z,55,OTICE_v5_LoRA,0,0,0,493.67,493.67,24.67,0,ATB_55_2026-08-05.csv
2026-07-05T05:34:43Z,59,OTICE_v5_LoRA,26,23.01,62.57,0,0,0,0,ATB_59_2026-08-05.csv
2026-07-05T05:34:44Z,47,OTICE_v5_LoRA,144,22.96,65.96,570.41,570.41,24.31,0,ATB_47_2026-08-05.csv
2026-07-05T05:34:57Z,54,OTICE_v5_LoRA,0,22.96,61.54,610.92,610.92,24.24,0,ATB_54_2026-08-05.csv
2026-07-05T05:35:07Z,55,OTICE_v5_LoRA,0,0,0,493.55,493.55,24.69,0,ATB_55_2026-08-05.csv
2026-07-05T05:35:43Z,59,OTICE_v5_LoRA,26,23,62.67,0,0,0,0,ATB_59_2026-08-05.csv
2026-07-05T05:35:44Z,47,OTICE_v5_LoRA,139,22.97,65.86,569.26,569.26,24.34,0,ATB_47_2026-08-05.csv
2026-07-05T05:35:57Z,54,OTICE_v5_LoRA,0,22.99,61.64,611.49,611.49,24.33,0,ATB_54_2026-08-05.csv
2026-07-05T05:36:08Z,55,OTICE_v5_LoRA,0,0,0,494,494,24.66,0,ATB_55_2026-08-05.csv
2026-07-05T05:36:43Z,59,OTICE_v5_LoRA,19,23.01,62.57,0,0,0,0,ATB_59_2026-08-05.csv
2026-07-05T05:36:44Z,47,OTICE_v5_LoRA,139,22.99,65.76,569.8,569.8,24.35,0,ATB_47_2026-08-05.csv
2026-07-05T05:36:57Z,54,OTICE_v5_LoRA,0,22.97,61.44,611.74,611.74,24.34,0,ATB_54_2026-08-05.csv
2026-07-05T05:37:08Z,55,OTICE_v5_LoRA,0,0,0,491.27,491.27,24.69,0,ATB_55_2026-08-05.csv
2026-07-05T05:37:43Z,59,OTICE_v5_LoRA,20,23.02,62.57,0,0,0,0,ATB_59_2026-08-05.csv
2026-07-05T05:37:45Z,47,OTICE_v5_LoRA,143,22.99,65.76,567.79,567.79,24.39,0,ATB_47_2026-08-05.csv
2026-07-05T05:37:57Z,54,OTICE_v5_LoRA,0,22.99,61.54,610.65,610.65,24.34,0,ATB_54_2026-08-05.csv
2026-07-05T05:38:08Z,55,OTICE_v5_LoRA,0,0,0,492.28,492.28,24.67,0,ATB_55_2026-08-05.csv
2026-07-05T05:38:43Z,59,OTICE_v5_LoRA,23,23,62.67,0,0,0,0,ATB_59_2026-08-05.csv
2026-07-05T05:38:45Z,47,OTICE_v5_LoRA,137,23.01,65.73,567.43,567.43,24.31,0,ATB_47_2026-08-05.csv
2026-07-05T05:38:58Z,54,OTICE_v5_LoRA,0,23.01,61.44,610.6,610.6,24.34,0,ATB_54_2026-08-05.csv
2026-07-05T05:39:08Z,55,OTICE_v5_LoRA,0,0,0,489.99,489.99,24.66,0,ATB_55_2026-08-05.csv
2026-07-05T05:39:43Z,59,OTICE_v5_LoRA,19,23,62.67,0,0,0,0,ATB_59_2026-08-05.csv
2026-07-05T05:39:45Z,47,OTICE_v5_LoRA,134,23.01,65.83,566.36,566.36,24.34,0,ATB_47_2026-08-05.csv
2026-07-05T05:39:57Z,54,OTICE_v5_LoRA,0,23,61.54,611.09,611.09,24.39,0,ATB_54_2026-08-05.csv
2026-07-05T05:40:08Z,55,OTICE_v5_LoRA,0,0,0,490.42,490.42,24.69,0,ATB_55_2026-08-05.csv
2026-07-05T05:40:43Z,59,OTICE_v5_LoRA,14,23.04,62.67,0,0,0,0,ATB_59_2026-08-05.csv
2026-07-05T05:40:45Z,47,OTICE_v5_LoRA,136,23.02,66.03,567.9,567.9,24.36,0,ATB_47_2026-08-05.csv
2026-07-05T05:40:58Z,54,OTICE_v5_LoRA,0,23.01,61.74,613.45,613.45,24.41,0,ATB_54_2026-08-05.csv
2026-07-05T05:41:08Z,55,OTICE_v5_LoRA,0,0,0,488.39,488.39,24.69,0,ATB_55_2026-08-05.csv
2026-07-05T05:41:43Z,59,OTICE_v5_LoRA,21,23.04,62.96,0,0,0,0,ATB_59_2026-08-05.csv
2026-07-05T05:41:45Z,47,OTICE_v5_LoRA,135,23.02,65.83,567.79,567.79,24.36,0,ATB_47_2026-08-05.csv
2026-07-05T05:41:57Z,54,OTICE_v5_LoRA,0,23.03,61.54,613.35,613.35,24.32,0,ATB_54_2026-08-05.csv
2026-07-05T05:42:08Z,55,OTICE_v5_LoRA,0,0,0,489.22,489.22,24.73,0,ATB_55_2026-08-05.csv
2026-07-05T05:42:43Z,59,OTICE_v5_LoRA,18,23.02,62.67,0,0,0,0,ATB_59_2026-08-05.csv
2026-07-05T05:42:45Z,47,OTICE_v5_LoRA,137,23.01,65.83,570.16,570.16,24.32,0,ATB_47_2026-08-05.csv
2026-07-05T05:42:57Z,54,OTICE_v5_LoRA,0,23,61.54,612.08,612.08,24.33,0,ATB_54_2026-08-05.csv
2026-07-05T05:43:08Z,55,OTICE_v5_LoRA,0,0,0,489.7,489.7,24.74,0,ATB_55_2026-08-05.csv
2026-07-05T05:43:43Z,59,OTICE_v5_LoRA,22,23.05,62.77,0,0,0,0,ATB_59_2026-08-05.csv
2026-07-05T05:43:45Z,47,OTICE_v5_LoRA,145,23.02,66.03,569.85,569.85,24.34,0,ATB_47_2026-08-05.csv
2026-07-05T05:43:58Z,54,OTICE_v5_LoRA,0,23.01,61.74,610.71,610.71,24.34,0,ATB_54_2026-08-05.csv
2026-07-05T05:44:08Z,55,OTICE_v5_LoRA,0,0,0,490.55,490.55,24.72,0,ATB_55_2026-08-05.csv
2026-07-05T05:44:44Z,59,OTICE_v5_LoRA,20,23.05,62.77,0,0,0,0,ATB_59_2026-08-05.csv
2026-07-05T05:44:45Z,47,OTICE_v5_LoRA,135,23.02,65.83,569.37,569.37,24.34,0,ATB_47_2026-08-05.csv
2026-07-05T05:44:58Z,54,OTICE_v5_LoRA,0,23,61.54,612.25,612.25,24.29,0,ATB_54_2026-08-05.csv
2026-07-05T05:45:08Z,55,OTICE_v5_LoRA,0,0,0,489.99,489.99,24.73,0,ATB_55_2026-08-05.csv
2026-07-05T05:45:44Z,59,OTICE_v5_LoRA,22,23.02,62.77,0,0,0,0,ATB_59_2026-08-05.csv
2026-07-05T05:45:45Z,47,OTICE_v5_LoRA,127,23.01,65.93,566.02,566.02,24.31,0,ATB_47_2026-08-05.csv
2026-07-05T05:45:58Z,54,OTICE_v5_LoRA,0,23,61.64,613.34,613.34,24.29,0,ATB_54_2026-08-05.csv
2026-07-05T05:46:08Z,55,OTICE_v5_LoRA,0,0,0,490.99,490.99,24.69,0,ATB_55_2026-08-05.csv
2026-07-05T05:46:44Z,59,OTICE_v5_LoRA,20,23.02,62.87,0,0,0,0,ATB_59_2026-08-05.csv
2026-07-05T05:46:45Z,47,OTICE_v5_LoRA,135,23.02,66.03,565.58,565.58,24.36,0,ATB_47_2026-08-05.csv
2026-07-05T05:46:58Z,54,OTICE_v5_LoRA,0,23.03,61.74,615.91,615.91,24.34,0,ATB_54_2026-08-05.csv
2026-07-05T05:47:09Z,55,OTICE_v5_LoRA,0,0,0,488.51,488.51,24.7,0,ATB_55_2026-08-05.csv
2026-07-05T05:47:44Z,59,OTICE_v5_LoRA,24,23.01,63.07,0,0,0,0,ATB_59_2026-08-05.csv
2026-07-05T05:47:45Z,47,OTICE_v5_LoRA,141,23.04,66.13,566.36,566.36,24.32,0,ATB_47_2026-08-05.csv
2026-07-05T05:47:58Z,54,OTICE_v5_LoRA,0,23.04,61.64,616.05,616.05,24.37,0,ATB_54_2026-08-05.csv
2026-07-05T05:48:08Z,55,OTICE_v5_LoRA,0,0,0,488.88,488.88,24.67,0,ATB_55_2026-08-05.csv
2026-07-05T05:48:44Z,59,OTICE_v5_LoRA,23,23.04,62.87,0,0,0,0,ATB_59_2026-08-05.csv
2026-07-05T05:48:45Z,47,OTICE_v5_LoRA,136,23.04,65.93,567.07,567.07,24.39,0,ATB_47_2026-08-05.csv
2026-07-05T05:48:58Z,54,OTICE_v5_LoRA,0,23.06,61.64,617.72,617.72,24.41,0,ATB_54_2026-08-05.csv
2026-07-05T05:49:08Z,55,OTICE_v5_LoRA,0,0,0,487.03,487.03,24.72,0,ATB_55_2026-08-05.csv
2026-07-05T05:49:44Z,59,OTICE_v5_LoRA,24,23.02,62.96,0,0,0,0,ATB_59_2026-08-05.csv
2026-07-05T05:49:45Z,47,OTICE_v5_LoRA,136,23.05,66.03,566.05,566.05,24.38,0,ATB_47_2026-08-05.csv
2026-07-05T05:49:58Z,54,OTICE_v5_LoRA,0,23.04,61.64,617.33,617.33,24.39,0,ATB_54_2026-08-05.csv
2026-07-05T05:50:08Z,55,OTICE_v5_LoRA,0,0,0,483.96,483.96,24.7,0,ATB_55_2026-08-05.csv
2026-07-05T05:50:44Z,59,OTICE_v5_LoRA,19,23.04,62.87,0,0,0,0,ATB_59_2026-08-05.csv
2026-07-05T05:50:46Z,47,OTICE_v5_LoRA,133,23.05,66.03,563.86,563.86,24.35,0,ATB_47_2026-08-05.csv
2026-07-05T05:50:58Z,54,OTICE_v5_LoRA,0,23.04,61.64,615.68,615.68,24.37,0,ATB_54_2026-08-05.csv
2026-07-05T05:51:08Z,55,OTICE_v5_LoRA,0,0,0,485.73,485.73,24.73,0,ATB_55_2026-08-05.csv
2026-07-05T05:51:44Z,59,OTICE_v5_LoRA,20,23.04,62.87,0,0,0,0,ATB_59_2026-08-05.csv
2026-07-05T05:51:46Z,47,OTICE_v5_LoRA,138,23.04,66.13,565.83,565.83,24.35,0,ATB_47_2026-08-05.csv
2026-07-05T05:51:58Z,54,OTICE_v5_LoRA,0,23.06,61.74,615.95,615.95,24.36,0,ATB_54_2026-08-05.csv
2026-07-05T05:52:09Z,55,OTICE_v5_LoRA,0,0,0,486.04,486.04,24.73,0,ATB_55_2026-08-05.csv
2026-07-05T05:52:44Z,59,OTICE_v5_LoRA,16,23.05,62.87,0,0,0,0,ATB_59_2026-08-05.csv
2026-07-05T05:52:46Z,47,OTICE_v5_LoRA,138,23.05,66.03,564.86,564.86,24.39,0,ATB_47_2026-08-05.csv
2026-07-05T05:52:58Z,54,OTICE_v5_LoRA,0,23.09,61.64,615.08,615.08,24.36,0,ATB_54_2026-08-05.csv
2026-07-05T05:53:09Z,55,OTICE_v5_LoRA,0,0,0,484.7,484.7,24.7,0,ATB_55_2026-08-05.csv
2026-07-05T05:53:44Z,59,OTICE_v5_LoRA,19,23.05,62.96,0,0,0,0,ATB_59_2026-08-05.csv
2026-07-05T05:53:46Z,47,OTICE_v5_LoRA,140,23.05,66.13,564.58,564.58,24.42,0,ATB_47_2026-08-05.csv
2026-07-05T05:53:58Z,54,OTICE_v5_LoRA,0,23.06,61.84,615.59,615.59,24.34,0,ATB_54_2026-08-05.csv
2026-07-05T05:54:09Z,55,OTICE_v5_LoRA,0,0,0,483.62,483.62,24.74,0,ATB_55_2026-08-05.csv
2026-07-05T05:54:44Z,59,OTICE_v5_LoRA,23,23.04,63.17,0,0,0,0,ATB_59_2026-08-05.csv
2026-07-05T05:54:46Z,47,OTICE_v5_LoRA,136,23.08,66.13,564.52,564.52,24.39,0,ATB_47_2026-08-05.csv
2026-07-05T05:55:09Z,55,OTICE_v5_LoRA,0,0,0,483.44,483.44,24.7,0,ATB_55_2026-08-05.csv
2026-07-05T05:55:45Z,59,OTICE_v5_LoRA,20,23.05,62.96,0,0,0,0,ATB_59_2026-08-05.csv
2026-07-05T05:55:46Z,47,OTICE_v5_LoRA,146,23.07,66.13,566.36,566.36,24.38,0,ATB_47_2026-08-05.csv
2026-07-05T05:55:57Z,54,OTICE_v5_LoRA,0,23.09,61.74,596.86,596.86,24.39,0,ATB_54_2026-08-05.csv
2026-07-05T05:56:14Z,55,OTICE_v5_LoRA,0,0,0,483.75,483.75,24.73,0,ATB_55_2026-08-05.csv
2026-07-05T05:56:45Z,59,OTICE_v5_LoRA,19,23.07,62.96,0,0,0,0,ATB_59_2026-08-05.csv
2026-07-05T05:56:46Z,47,OTICE_v5_LoRA,138,23.05,66.03,568.77,568.77,24.4,0,ATB_47_2026-08-05.csv
2026-07-05T05:56:58Z,54,OTICE_v5_LoRA,0,23.06,61.64,601.94,601.94,24.41,0,ATB_54_2026-08-05.csv
2026-07-05T05:57:14Z,55,OTICE_v5_LoRA,0,0,0,484.46,484.46,24.74,0,ATB_55_2026-08-05.csv
2026-07-05T05:57:45Z,59,OTICE_v5_LoRA,24,23.04,63.17,0,0,0,0,ATB_59_2026-08-05.csv
2026-07-05T05:57:46Z,47,OTICE_v5_LoRA,134,23.05,66.43,571.63,571.63,24.31,0,ATB_47_2026-08-05.csv
2026-07-05T05:57:58Z,54,OTICE_v5_LoRA,0,23.07,62.14,600.85,600.85,24.37,0,ATB_54_2026-08-05.csv
2026-07-05T05:58:14Z,55,OTICE_v5_LoRA,0,0,0,484.85,484.85,24.72,0,ATB_55_2026-08-05.csv
2026-07-05T05:58:45Z,59,OTICE_v5_LoRA,29,23.02,63.76,0,0,0,0,ATB_59_2026-08-05.csv
2026-07-05T05:58:46Z,47,OTICE_v5_LoRA,136,23.04,66.63,571.59,571.59,24.24,0,ATB_47_2026-08-05.csv
2026-07-05T05:58:58Z,54,OTICE_v5_LoRA,0,23.06,62.24,598.55,598.55,24.32,0,ATB_54_2026-08-05.csv
2026-07-05T05:59:14Z,55,OTICE_v5_LoRA,0,0,0,484.8,484.8,24.67,0,ATB_55_2026-08-05.csv
2026-07-05T05:59:45Z,59,OTICE_v5_LoRA,23,23,63.67,0,0,0,0,ATB_59_2026-08-05.csv
2026-07-05T05:59:46Z,47,OTICE_v5_LoRA,148,23.04,66.72,571.79,571.79,24.22,0,ATB_47_2026-08-05.csv
2026-07-05T05:59:58Z,54,OTICE_v5_LoRA,0,23.07,62.24,599.41,599.41,24.3,0,ATB_54_2026-08-05.csv
2026-07-05T06:00:14Z,55,OTICE_v5_LoRA,0,0,0,483.46,483.46,24.63,0,ATB_55_2026-08-05.csv
2026-07-05T06:00:45Z,59,OTICE_v5_LoRA,22,23,63.87,0,0,0,0,ATB_59_2026-08-05.csv
2026-07-05T06:00:46Z,47,OTICE_v5_LoRA,143,23.02,66.83,571.13,571.13,24.22,0,ATB_47_2026-08-05.csv
2026-07-05T06:00:58Z,54,OTICE_v5_LoRA,0,23.07,62.34,601.23,601.23,24.3,0,ATB_54_2026-08-05.csv
2026-07-05T06:01:14Z,55,OTICE_v5_LoRA,0,0,0,484.55,484.55,24.67,0,ATB_55_2026-08-05.csv
2026-07-05T06:01:45Z,59,OTICE_v5_LoRA,30,22.97,64.06,0,0,0,0,ATB_59_2026-08-05.csv
2026-07-05T06:01:47Z,47,OTICE_v5_LoRA,147,23.02,66.93,570.51,570.51,24.22,0,ATB_47_2026-08-05.csv
2026-07-05T06:01:58Z,54,OTICE_v5_LoRA,0,23.09,62.54,600.15,600.15,24.29,0,ATB_54_2026-08-05.csv
2026-07-05T06:02:14Z,55,OTICE_v5_LoRA,16387,0,0,482.2,482.2,24.6,0,ATB_55_2026-08-05.csv
2026-07-05T06:02:45Z,59,OTICE_v5_LoRA,27,22.92,64.47,0,0,0,0,ATB_59_2026-08-05.csv
2026-07-05T06:02:47Z,47,OTICE_v5_LoRA,148,22.99,67.66,570.29,570.29,24.08,0,ATB_47_2026-08-05.csv
2026-07-05T06:02:58Z,54,OTICE_v5_LoRA,0,23.07,62.93,599.01,599.01,24.24,0,ATB_54_2026-08-05.csv
2026-07-05T06:03:14Z,55,OTICE_v5_LoRA,16387,0,0,477.12,477.12,24.56,0,ATB_55_2026-08-05.csv
2026-07-05T06:03:45Z,59,OTICE_v5_LoRA,27,22.91,64.36,0,0,0,0,ATB_59_2026-08-05.csv
2026-07-05T06:03:47Z,47,OTICE_v5_LoRA,151,22.97,67.26,570.19,570.19,24.12,0,ATB_47_2026-08-05.csv
2026-07-05T06:03:58Z,54,OTICE_v5_LoRA,0,23.14,62.54,602.42,602.42,24.3,0,ATB_54_2026-08-05.csv
2026-07-05T06:04:14Z,55,OTICE_v5_LoRA,16387,0,0,478.75,478.75,24.52,0,ATB_55_2026-08-05.csv
2026-07-05T06:04:45Z,59,OTICE_v5_LoRA,23,22.88,64.36,0,0,0,0,ATB_59_2026-08-05.csv
2026-07-05T06:04:47Z,47,OTICE_v5_LoRA,156,22.97,67.46,569.31,569.31,24.12,0,ATB_47_2026-08-05.csv
2026-07-05T06:04:58Z,54,OTICE_v5_LoRA,0,23.14,62.64,604.97,604.97,24.29,0,ATB_54_2026-08-05.csv
2026-07-05T06:05:14Z,55,OTICE_v5_LoRA,64513,0,0,478.56,478.56,24.49,0,ATB_55_2026-08-05.csv
2026-07-05T06:05:45Z,59,OTICE_v5_LoRA,32,22.91,64.47,0,0,0,0,ATB_59_2026-08-05.csv
2026-07-05T06:05:47Z,47,OTICE_v5_LoRA,154,22.99,67.36,568.75,568.75,24.15,0,ATB_47_2026-08-05.csv
2026-07-05T06:05:58Z,54,OTICE_v5_LoRA,0,23.09,62.64,601.22,601.22,24.24,0,ATB_54_2026-08-05.csv
2026-07-05T06:06:14Z,55,OTICE_v5_LoRA,64513,0,0,476.77,476.77,24.58,0,ATB_55_2026-08-05.csv
2026-07-05T06:06:45Z,59,OTICE_v5_LoRA,25,22.91,64.36,0,0,0,0,ATB_59_2026-08-05.csv
2026-07-05T06:06:47Z,47,OTICE_v5_LoRA,152,22.94,67.66,567.9,567.9,24.09,0,ATB_47_2026-08-05.csv
2026-07-05T06:06:59Z,54,OTICE_v5_LoRA,0,23.01,62.84,602.41,602.41,24.19,0,ATB_54_2026-08-05.csv
2026-07-05T06:07:14Z,55,OTICE_v5_LoRA,64513,0,0,479.27,479.27,24.56,0,ATB_55_2026-08-05.csv
2026-07-05T06:07:46Z,59,OTICE_v5_LoRA,28,22.91,64.47,0,0,0,0,ATB_59_2026-08-05.csv
2026-07-05T06:07:47Z,47,OTICE_v5_LoRA,156,22.96,67.66,569.54,569.54,24.09,0,ATB_47_2026-08-05.csv
2026-07-05T06:07:59Z,54,OTICE_v5_LoRA,0,23.01,63.04,605.01,605.01,24.13,0,ATB_54_2026-08-05.csv
2026-07-05T06:08:15Z,55,OTICE_v5_LoRA,64513,0,0,479.36,479.36,24.59,0,ATB_55_2026-08-05.csv
2026-07-05T06:08:45Z,59,OTICE_v5_LoRA,25,22.91,64.36,0,0,0,0,ATB_59_2026-08-05.csv
2026-07-05T06:08:47Z,47,OTICE_v5_LoRA,155,22.96,67.46,570.31,570.31,24.15,0,ATB_47_2026-08-05.csv
2026-07-05T06:08:59Z,54,OTICE_v5_LoRA,0,23.06,62.84,605.26,605.26,24.17,0,ATB_54_2026-08-05.csv
2026-07-05T06:09:14Z,55,OTICE_v5_LoRA,0,0,0.05,479.11,479.11,24.56,0,ATB_55_2026-08-05.csv
2026-07-05T06:09:46Z,59,OTICE_v5_LoRA,25,22.91,64.06,0,0,0,0,ATB_59_2026-08-05.csv
2026-07-05T06:09:47Z,47,OTICE_v5_LoRA,153,22.97,67.36,573.65,573.65,24.14,0,ATB_47_2026-08-05.csv
2026-07-05T06:09:59Z,54,OTICE_v5_LoRA,0,23.06,62.84,606.08,606.08,24.2,0,ATB_54_2026-08-05.csv
2026-07-05T06:10:14Z,55,OTICE_v5_LoRA,0,0,0.05,478.35,478.35,24.6,0,ATB_55_2026-08-05.csv
2026-07-05T06:10:46Z,59,OTICE_v5_LoRA,26,22.88,64.36,0,0,0,0,ATB_59_2026-08-05.csv
2026-07-05T06:10:47Z,47,OTICE_v5_LoRA,159,22.97,67.36,572.99,572.99,24.18,0,ATB_47_2026-08-05.csv
2026-07-05T06:10:59Z,54,OTICE_v5_LoRA,0,23.06,62.54,606.5,606.5,24.23,0,ATB_54_2026-08-05.csv
2026-07-05T06:11:15Z,55,OTICE_v5_LoRA,0,0,0.05,478.92,478.92,24.6,0,ATB_55_2026-08-05.csv
2026-07-05T06:11:46Z,59,OTICE_v5_LoRA,34,22.88,64.66,0,0,0,0,ATB_59_2026-08-05.csv
2026-07-05T06:11:47Z,47,OTICE_v5_LoRA,156,22.97,67.76,575.72,575.72,24.11,0,ATB_47_2026-08-05.csv
2026-07-05T06:11:59Z,54,OTICE_v5_LoRA,0,23.03,63.14,606.54,606.54,24.13,0,ATB_54_2026-08-05.csv
2026-07-05T06:12:15Z,55,OTICE_v5_LoRA,0,0,0.05,478.87,478.87,24.64,0,ATB_55_2026-08-05.csv
2026-07-05T06:12:46Z,59,OTICE_v5_LoRA,31,22.88,64.66,0,0,0,0,ATB_59_2026-08-05.csv
2026-07-05T06:12:47Z,47,OTICE_v5_LoRA,161,22.93,67.76,573.9,573.9,24.05,0,ATB_47_2026-08-05.csv
2026-07-05T06:12:59Z,54,OTICE_v5_LoRA,0,23.01,63.23,605.53,605.53,24.11,0,ATB_54_2026-08-05.csv
2026-07-05T06:13:15Z,55,OTICE_v5_LoRA,0,0,0.05,479.29,479.29,24.63,0,ATB_55_2026-08-05.csv
2026-07-05T06:13:46Z,59,OTICE_v5_LoRA,24,22.88,64.47,0,0,0,0,ATB_59_2026-08-05.csv
2026-07-05T06:13:48Z,47,OTICE_v5_LoRA,159,22.92,67.86,575.75,575.75,24.02,0,ATB_47_2026-08-05.csv
2026-07-05T06:13:59Z,54,OTICE_v5_LoRA,0,23,63.34,608.12,608.12,24.11,0,ATB_54_2026-08-05.csv
2026-07-05T06:14:15Z,55,OTICE_v5_LoRA,0,0,0.05,478.04,478.04,24.6,0,ATB_55_2026-08-05.csv
2026-07-05T06:14:46Z,59,OTICE_v5_LoRA,30,22.88,64.66,0,0,0,0,ATB_59_2026-08-05.csv
2026-07-05T06:14:48Z,47,OTICE_v5_LoRA,160,22.93,67.76,574.12,574.12,24.02,0,ATB_47_2026-08-05.csv
2026-07-05T06:14:59Z,54,OTICE_v5_LoRA,0,23.04,63.04,606.51,606.51,24.17,0,ATB_54_2026-08-05.csv
2026-07-05T06:15:15Z,55,OTICE_v5_LoRA,0,0,0.05,477.26,477.26,24.59,0,ATB_55_2026-08-05.csv
2026-07-05T06:15:46Z,59,OTICE_v5_LoRA,26,22.88,64.56,0,0,0,0,ATB_59_2026-08-05.csv
2026-07-05T06:15:48Z,47,OTICE_v5_LoRA,155,22.93,67.76,571.37,571.37,24.09,0,ATB_47_2026-08-05.csv
2026-07-05T06:15:59Z,54,OTICE_v5_LoRA,0,23,63.23,607.6,607.6,24.12,0,ATB_54_2026-08-05.csv
2026-07-05T06:16:15Z,55,OTICE_v5_LoRA,63488,0,0.16,480.67,480.67,24.63,0,ATB_55_2026-08-05.csv
2026-07-05T06:16:48Z,47,OTICE_v5_LoRA,157,22.94,67.46,568.44,568.44,24.19,0,ATB_47_2026-08-05.csv
2026-07-05T06:17:00Z,54,OTICE_v5_LoRA,0,22.99,63.14,608.22,608.22,24.12,0,ATB_54_2026-08-05.csv
2026-07-05T06:17:15Z,55,OTICE_v5_LoRA,63488,0,0.16,481.14,481.14,24.64,0,ATB_55_2026-08-05.csv
2026-07-05T06:17:45Z,59,OTICE_v5_LoRA,27,22.91,64.56,0,0,0,0,ATB_59_2026-08-05.csv
2026-07-05T06:17:48Z,47,OTICE_v5_LoRA,157,22.94,67.76,570.85,570.85,24.18,0,ATB_47_2026-08-05.csv
2026-07-05T06:18:00Z,54,OTICE_v5_LoRA,0,23,63.23,608.45,608.45,24.11,0,ATB_54_2026-08-05.csv
2026-07-05T06:18:15Z,55,OTICE_v5_LoRA,63488,0,0.16,481.19,481.19,24.64,0,ATB_55_2026-08-05.csv
2026-07-05T06:18:45Z,59,OTICE_v5_LoRA,26,22.91,64.66,0,0,0,0,ATB_59_2026-08-05.csv
2026-07-05T06:18:48Z,47,OTICE_v5_LoRA,154,22.93,67.86,572.5,572.5,24.12,0,ATB_47_2026-08-05.csv
2026-07-05T06:19:00Z,54,OTICE_v5_LoRA,0,22.99,63.34,609.56,609.56,24.12,0,ATB_54_2026-08-05.csv
2026-07-05T06:19:15Z,55,OTICE_v5_LoRA,63488,0,0.16,482.05,482.05,24.63,0,ATB_55_2026-08-05.csv
2026-07-05T06:19:45Z,59,OTICE_v5_LoRA,23,22.9,64.56,0,0,0,0,ATB_59_2026-08-05.csv
2026-07-05T06:19:48Z,47,OTICE_v5_LoRA,157,22.93,68.06,572.16,572.16,24.08,0,ATB_47_2026-08-05.csv
2026-07-05T06:20:00Z,54,OTICE_v5_LoRA,0,22.97,63.43,607.56,607.56,24.13,0,ATB_54_2026-08-05.csv
2026-07-05T06:20:15Z,55,OTICE_v5_LoRA,63488,0,0.16,484.87,484.87,24.66,0,ATB_55_2026-08-05.csv
2026-07-05T06:20:45Z,59,OTICE_v5_LoRA,26,22.91,64.77,0,0,0,0,ATB_59_2026-08-05.csv
2026-07-05T06:20:48Z,47,OTICE_v5_LoRA,155,22.92,68.06,571.23,571.23,24.07,0,ATB_47_2026-08-05.csv
2026-07-05T06:21:00Z,54,OTICE_v5_LoRA,0,22.97,63.53,603.44,603.44,24.09,0,ATB_54_2026-08-05.csv
2026-07-05T06:21:15Z,55,OTICE_v5_LoRA,63488,0,0.16,483.87,483.87,24.6,0,ATB_55_2026-08-05.csv
2026-07-05T06:21:45Z,59,OTICE_v5_LoRA,24,22.91,64.56,0,0,0,0,ATB_59_2026-08-05.csv
2026-07-05T06:21:48Z,47,OTICE_v5_LoRA,153,22.94,67.76,569.59,569.59,24.14,0,ATB_47_2026-08-05.csv
2026-07-05T06:22:00Z,54,OTICE_v5_LoRA,0,23,63.14,601.98,601.98,24.24,0,ATB_54_2026-08-05.csv
2026-07-05T06:22:15Z,55,OTICE_v5_LoRA,63488,0,0.16,479.58,479.58,24.66,0,ATB_55_2026-08-05.csv
2026-07-05T06:22:45Z,59,OTICE_v5_LoRA,17,22.94,63.97,0,0,0,0,ATB_59_2026-08-05.csv
2026-07-05T06:22:48Z,47,OTICE_v5_LoRA,154,22.97,67.36,573.55,573.55,24.29,0,ATB_47_2026-08-05.csv
2026-07-05T06:23:00Z,54,OTICE_v5_LoRA,0,23.03,62.74,603.93,603.93,24.32,0,ATB_54_2026-08-05.csv
2026-07-05T06:23:15Z,55,OTICE_v5_LoRA,63488,0,0.16,479.74,479.74,24.72,0,ATB_55_2026-08-05.csv
2026-07-05T06:23:45Z,59,OTICE_v5_LoRA,22,22.98,63.97,0,0,0,0,ATB_59_2026-08-05.csv
2026-07-05T06:23:48Z,47,OTICE_v5_LoRA,147,22.99,67.26,576.22,576.22,24.34,0,ATB_47_2026-08-05.csv
2026-07-05T06:24:00Z,54,OTICE_v5_LoRA,0,23,62.84,602.08,602.08,24.3,0,ATB_54_2026-08-05.csv
2026-07-05T06:24:15Z,55,OTICE_v5_LoRA,63488,0,0.16,482.47,482.47,24.73,0,ATB_55_2026-08-05.csv
2026-07-05T06:24:45Z,59,OTICE_v5_LoRA,20,23,63.87,0,0,0,0,ATB_59_2026-08-05.csv
2026-07-05T06:24:48Z,47,OTICE_v5_LoRA,143,23.01,67.13,578.66,578.66,24.38,0,ATB_47_2026-08-05.csv
2026-07-05T06:25:01Z,54,OTICE_v5_LoRA,0,23.03,62.74,601.36,601.36,24.33,0,ATB_54_2026-08-05.csv
2026-07-05T06:25:15Z,55,OTICE_v5_LoRA,65024,0,0,483.58,483.58,24.72,0,ATB_55_2026-08-05.csv
2026-07-05T06:25:45Z,59,OTICE_v5_LoRA,22,23.02,63.76,0,0,0,0,ATB_59_2026-08-05.csv
2026-07-05T06:26:01Z,54,OTICE_v5_LoRA,0,23.03,62.74,600.49,600.49,24.29,0,ATB_54_2026-08-05.csv
2026-07-05T06:26:15Z,55,OTICE_v5_LoRA,0,0,1.28,486.78,486.78,24.74,0,ATB_55_2026-08-05.csv
2026-07-05T06:26:45Z,59,OTICE_v5_LoRA,18,23.02,63.56,0,0,0,0,ATB_59_2026-08-05.csv
2026-07-05T06:26:47Z,47,OTICE_v5_LoRA,141,23.02,66.93,589.68,589.68,24.35,0,ATB_47_2026-08-05.csv
2026-07-05T06:27:01Z,54,OTICE_v5_LoRA,0,23.03,62.44,602.43,602.43,24.32,0,ATB_54_2026-08-05.csv
2026-07-05T06:27:15Z,55,OTICE_v5_LoRA,0,0,1.28,487.79,487.79,24.73,0,ATB_55_2026-08-05.csv
2026-07-05T06:27:45Z,59,OTICE_v5_LoRA,18,23,63.67,0,0,0,0,ATB_59_2026-08-05.csv
2026-07-05T06:27:47Z,47,OTICE_v5_LoRA,138,23.04,66.72,579.86,579.86,24.36,0,ATB_47_2026-08-05.csv
2026-07-05T06:28:01Z,54,OTICE_v5_LoRA,0,23.04,62.44,605.35,605.35,24.33,0,ATB_54_2026-08-05.csv
2026-07-05T06:28:16Z,55,OTICE_v5_LoRA,0,0,1.28,487.33,487.33,24.72,0,ATB_55_2026-08-05.csv
2026-07-05T06:28:46Z,59,OTICE_v5_LoRA,25,23.02,63.87,0,0,0,0,ATB_59_2026-08-05.csv
2026-07-05T06:28:47Z,47,OTICE_v5_LoRA,142,23.04,66.93,575.15,575.15,24.36,0,ATB_47_2026-08-05.csv
2026-07-05T06:29:01Z,54,OTICE_v5_LoRA,0,23.04,62.54,607.11,607.11,24.34,0,ATB_54_2026-08-05.csv
2026-07-05T06:29:16Z,55,OTICE_v5_LoRA,57344,0,0,485.28,485.28,24.74,0,ATB_55_2026-08-05.csv
2026-07-05T06:29:46Z,59,OTICE_v5_LoRA,19,23.05,63.56,0,0,0,0,ATB_59_2026-08-05.csv
2026-07-05T06:29:47Z,47,OTICE_v5_LoRA,146,23.05,66.63,574.05,574.05,24.38,0,ATB_47_2026-08-05.csv
2026-07-05T06:30:01Z,54,OTICE_v5_LoRA,0,23.06,62.24,608.85,608.85,24.39,0,ATB_54_2026-08-05.csv
2026-07-05T06:30:16Z,55,OTICE_v5_LoRA,65024,0,0,480.93,480.93,24.74,0,ATB_55_2026-08-05.csv
2026-07-05T06:30:46Z,59,OTICE_v5_LoRA,16,23.04,63.47,0,0,0,0,ATB_59_2026-08-05.csv
2026-07-05T06:30:47Z,47,OTICE_v5_LoRA,144,23.05,66.72,574.01,574.01,24.38,0,ATB_47_2026-08-05.csv
2026-07-05T06:31:01Z,54,OTICE_v5_LoRA,0,23.06,62.34,611.57,611.57,24.36,0,ATB_54_2026-08-05.csv
2026-07-05T06:31:16Z,55,OTICE_v5_LoRA,65024,0,0,478.36,478.36,24.79,0,ATB_55_2026-08-05.csv
2026-07-05T06:31:46Z,59,OTICE_v5_LoRA,14,23.05,63.47,0,0,0,0,ATB_59_2026-08-05.csv
2026-07-05T06:31:48Z,47,OTICE_v5_LoRA,137,23.05,66.72,576.41,576.41,24.39,0,ATB_47_2026-08-05.csv
2026-07-05T06:32:01Z,54,OTICE_v5_LoRA,0,23.06,62.44,611.23,611.23,24.33,0,ATB_54_2026-08-05.csv
2026-07-05T06:32:16Z,55,OTICE_v5_LoRA,65024,0,0,478.24,478.24,24.77,0,ATB_55_2026-08-05.csv
2026-07-05T06:32:46Z,59,OTICE_v5_LoRA,18,23.05,63.47,0,0,0,0,ATB_59_2026-08-05.csv
2026-07-05T06:32:48Z,47,OTICE_v5_LoRA,143,23.05,66.72,573.55,573.55,24.4,0,ATB_47_2026-08-05.csv
2026-07-05T06:33:01Z,54,OTICE_v5_LoRA,0,23.06,62.34,609.55,609.55,24.34,0,ATB_54_2026-08-05.csv
2026-07-05T06:33:16Z,55,OTICE_v5_LoRA,65024,0,0,478.68,478.68,24.76,0,ATB_55_2026-08-05.csv
2026-07-05T06:33:46Z,59,OTICE_v5_LoRA,15,23.04,63.56,0,0,0,0,ATB_59_2026-08-05.csv
2026-07-05T06:33:48Z,47,OTICE_v5_LoRA,139,23.04,66.72,575.24,575.24,24.34,0,ATB_47_2026-08-05.csv
2026-07-05T06:34:01Z,54,OTICE_v5_LoRA,0,23.06,62.34,611.42,611.42,24.36,0,ATB_54_2026-08-05.csv
2026-07-05T06:34:16Z,55,OTICE_v5_LoRA,65024,0,0,478.07,478.07,24.74,0,ATB_55_2026-08-05.csv
2026-07-05T06:34:46Z,59,OTICE_v5_LoRA,17,23.09,63.23,0,0,0,0,ATB_59_2026-08-05.csv
2026-07-05T06:34:48Z,47,OTICE_v5_LoRA,139,23.07,66.83,574.55,574.55,24.36,0,ATB_47_2026-08-05.csv
2026-07-05T06:35:01Z,54,OTICE_v5_LoRA,0,23.06,62.44,612.64,612.64,24.34,0,ATB_54_2026-08-05.csv
2026-07-05T06:35:16Z,55,OTICE_v5_LoRA,65024,0,0,475.02,475.02,24.77,0,ATB_55_2026-08-05.csv
2026-07-05T06:35:46Z,59,OTICE_v5_LoRA,25,23.07,63.67,0,0,0,0,ATB_59_2026-08-05.csv
2026-07-05T06:35:48Z,47,OTICE_v5_LoRA,138,23.05,66.93,573.89,573.89,24.36,0,ATB_47_2026-08-05.csv
2026-07-05T06:36:01Z,54,OTICE_v5_LoRA,0,23.07,62.64,611.38,611.38,24.37,0,ATB_54_2026-08-05.csv
2026-07-05T06:36:16Z,55,OTICE_v5_LoRA,65024,0,0,476.08,476.08,24.77,0,ATB_55_2026-08-05.csv
2026-07-05T06:36:46Z,59,OTICE_v5_LoRA,23,23.09,63.64,0,0,0,0,ATB_59_2026-08-05.csv
2026-07-05T06:36:48Z,47,OTICE_v5_LoRA,143,23.05,66.93,571.82,571.82,24.39,0,ATB_47_2026-08-05.csv
2026-07-05T06:37:01Z,54,OTICE_v5_LoRA,0,23.06,62.64,612.26,612.26,24.36,0,ATB_54_2026-08-05.csv
2026-07-05T06:37:16Z,55,OTICE_v5_LoRA,65024,0,0,479.72,479.72,24.79,0,ATB_55_2026-08-05.csv
2026-07-05T06:37:46Z,59,OTICE_v5_LoRA,18,23.1,63.34,0,0,0,0,ATB_59_2026-08-05.csv
2026-07-05T06:37:48Z,47,OTICE_v5_LoRA,140,23.08,66.83,570.43,570.43,24.43,0,ATB_47_2026-08-05.csv
2026-07-05T06:38:01Z,54,OTICE_v5_LoRA,0,23.06,62.54,610.67,610.67,24.39,0,ATB_54_2026-08-05.csv
2026-07-05T06:38:16Z,55,OTICE_v5_LoRA,65024,0,0,477.5,477.5,24.8,0,ATB_55_2026-08-05.csv
2026-07-05T06:38:47Z,59,OTICE_v5_LoRA,16,23.12,63.34,0,0,0,0,ATB_59_2026-08-05.csv
2026-07-05T06:38:48Z,47,OTICE_v5_LoRA,137,23.09,66.83,568.99,568.99,24.4,0,ATB_47_2026-08-05.csv
2026-07-05T06:39:02Z,54,OTICE_v5_LoRA,0,23.06,62.64,610.49,610.49,24.4,0,ATB_54_2026-08-05.csv
2026-07-05T06:39:16Z,55,OTICE_v5_LoRA,65024,0,0,478.1,478.1,24.83,0,ATB_55_2026-08-05.csv
2026-07-05T06:39:19Z,46_out,OTICE_v5_LoRA,0,23.16,54.46,0,0,0,0,ATB_46_2026-08-05.csv
2026-07-05T06:39:47Z,59,OTICE_v5_LoRA,20,23.13,63.34,0,0,0,0,ATB_59_2026-08-05.csv
2026-07-05T06:39:48Z,47,OTICE_v5_LoRA,136,23.09,66.93,565.58,565.58,24.43,0,ATB_47_2026-08-05.csv
2026-07-05T06:39:49Z,46_out,OTICE_v5_LoRA,0,23.16,54.36,0,0,0,0,ATB_46_2026-08-05.csv
2026-07-05T06:40:02Z,54,OTICE_v5_LoRA,0,23.09,62.64,609.82,609.82,24.49,0,ATB_54_2026-08-05.csv
2026-07-05T06:40:16Z,55,OTICE_v5_LoRA,65024,0,0,479.06,479.06,24.8,0,ATB_55_2026-08-05.csv
2026-07-05T06:40:19Z,46_out,OTICE_v5_LoRA,0,23.16,54.46,0,0,0,0,ATB_46_2026-08-05.csv
2026-07-05T06:40:47Z,59,OTICE_v5_LoRA,18,23.13,63.43,0,0,0,0,ATB_59_2026-08-05.csv
2026-07-05T06:40:49Z,46_out,OTICE_v5_LoRA,0,23.15,54.56,0,0,0,0,ATB_46_2026-08-05.csv
2026-07-05T06:40:49Z,47,OTICE_v5_LoRA,138,23.09,67.03,563.82,563.82,24.43,0,ATB_47_2026-08-05.csv
2026-07-05T06:41:02Z,54,OTICE_v5_LoRA,0,23.09,62.74,609.7,609.7,24.46,0,ATB_54_2026-08-05.csv
2026-07-05T06:41:16Z,55,OTICE_v5_LoRA,65024,0,0,476.67,476.67,24.8,0,ATB_55_2026-08-05.csv
2026-07-05T06:41:19Z,46_out,OTICE_v5_LoRA,0,23.16,54.46,0,0,0,0,ATB_46_2026-08-05.csv
2026-07-05T06:41:47Z,59,OTICE_v5_LoRA,18,23.15,63.34,0,0,0,0,ATB_59_2026-08-05.csv
2026-07-05T06:41:48Z,47,OTICE_v5_LoRA,139,23.09,67.03,564.53,564.53,24.49,0,ATB_47_2026-08-05.csv
2026-07-05T06:41:49Z,46_out,OTICE_v5_LoRA,0,23.16,54.46,0,0,0,0,ATB_46_2026-08-05.csv
2026-07-05T06:42:02Z,54,OTICE_v5_LoRA,0,23.11,62.64,610.49,610.49,24.5,0,ATB_54_2026-08-05.csv
2026-07-05T06:42:16Z,55,OTICE_v5_LoRA,65024,0,0,480.1,480.1,24.83,0,ATB_55_2026-08-05.csv
2026-07-05T06:42:19Z,46_out,OTICE_v5_LoRA,0,23.19,54.46,0,0,0,0,ATB_46_2026-08-05.csv
2026-07-05T06:42:47Z,59,OTICE_v5_LoRA,20,23.13,63.53,0,0,0,0,ATB_59_2026-08-05.csv
2026-07-05T06:42:49Z,46_out,OTICE_v5_LoRA,0,23.17,54.56,0,0,0,0,ATB_46_2026-08-05.csv
2026-07-05T06:42:49Z,47,OTICE_v5_LoRA,128,23.09,67.13,565.42,565.42,24.43,0,ATB_47_2026-08-05.csv
2026-07-05T06:43:02Z,54,OTICE_v5_LoRA,0,23.09,62.84,611.1,611.1,24.44,0,ATB_54_2026-08-05.csv
2026-07-05T06:43:16Z,55,OTICE_v5_LoRA,65024,0,0,482.11,482.11,24.83,0,ATB_55_2026-08-05.csv
2026-07-05T06:43:19Z,46_out,OTICE_v5_LoRA,0,23.17,54.56,0,0,0,0,ATB_46_2026-08-05.csv
2026-07-05T06:43:47Z,59,OTICE_v5_LoRA,23,23.16,63.64,0,0,0,0,ATB_59_2026-08-05.csv
2026-07-05T06:43:49Z,46_out,OTICE_v5_LoRA,0,23.17,54.56,0,0,0,0,ATB_46_2026-08-05.csv
2026-07-05T06:43:49Z,47,OTICE_v5_LoRA,142,23.12,67.13,565.8,565.8,24.46,0,ATB_47_2026-08-05.csv
2026-07-05T06:44:02Z,54,OTICE_v5_LoRA,0,23.12,62.93,609.43,609.43,24.44,0,ATB_54_2026-08-05.csv
2026-07-05T06:44:16Z,55,OTICE_v5_LoRA,65024,0,0,479.89,479.89,24.82,0,ATB_55_2026-08-05.csv
2026-07-05T06:44:19Z,46_out,OTICE_v5_LoRA,0,23.17,54.66,0,0,0,0,ATB_46_2026-08-05.csv
2026-07-05T06:44:47Z,59,OTICE_v5_LoRA,20,23.16,63.53,0,0,0,0,ATB_59_2026-08-05.csv
2026-07-05T06:44:49Z,47,OTICE_v5_LoRA,140,23.11,67.23,566.89,566.89,24.46,0,ATB_47_2026-08-05.csv
2026-07-05T06:44:50Z,46_out,OTICE_v5_LoRA,0,23.16,54.76,0,0,0,0,ATB_46_2026-08-05.csv
2026-07-05T06:45:02Z,54,OTICE_v5_LoRA,0,23.11,62.93,610.41,610.41,24.47,0,ATB_54_2026-08-05.csv
2026-07-05T06:45:16Z,55,OTICE_v5_LoRA,65024,0,0,480.46,480.46,24.84,0,ATB_55_2026-08-05.csv
2026-07-05T06:45:20Z,46_out,OTICE_v5_LoRA,0,23.17,54.76,0,0,0,0,ATB_46_2026-08-05.csv
2026-07-05T06:45:47Z,59,OTICE_v5_LoRA,15,23.16,63.34,0,0,0,0,ATB_59_2026-08-05.csv
2026-07-05T06:45:49Z,47,OTICE_v5_LoRA,143,23.12,67.23,567.98,567.98,24.51,0,ATB_47_2026-08-05.csv
2026-07-05T06:45:50Z,46_out,OTICE_v5_LoRA,0,23.19,54.66,0,0,0,0,ATB_46_2026-08-05.csv
2026-07-05T06:46:02Z,54,OTICE_v5_LoRA,0,23.11,62.93,607.41,607.41,24.51,0,ATB_54_2026-08-05.csv
2026-07-05T06:46:17Z,55,OTICE_v5_LoRA,65024,0,0,483.47,483.47,24.83,0,ATB_55_2026-08-05.csv
2026-07-05T06:46:20Z,46_out,OTICE_v5_LoRA,0,23.19,54.56,0,0,0,0,ATB_46_2026-08-05.csv
2026-07-05T06:46:47Z,59,OTICE_v5_LoRA,17,23.17,63.73,0,0,0,0,ATB_59_2026-08-05.csv
2026-07-05T06:46:49Z,47,OTICE_v5_LoRA,139,23.12,67.13,566.89,566.89,24.52,0,ATB_47_2026-08-05.csv
2026-07-05T06:46:50Z,46_out,OTICE_v5_LoRA,0,23.19,54.56,0,0,0,0,ATB_46_2026-08-05.csv
2026-07-05T06:47:02Z,54,OTICE_v5_LoRA,0,23.12,62.84,607.78,607.78,24.5,0,ATB_54_2026-08-05.csv
2026-07-05T06:47:16Z,55,OTICE_v5_LoRA,65024,0,0,485.76,485.76,24.82,0,ATB_55_2026-08-05.csv
2026-07-05T06:47:20Z,46_out,OTICE_v5_LoRA,0,23.19,54.76,0,0,0,0,ATB_46_2026-08-05.csv
2026-07-05T06:47:48Z,59,OTICE_v5_LoRA,23,23.16,63.53,0,0,0,0,ATB_59_2026-08-05.csv
2026-07-05T06:47:49Z,47,OTICE_v5_LoRA,140,23.14,67.23,569.02,569.02,24.54,0,ATB_47_2026-08-05.csv
2026-07-05T06:47:50Z,46_out,OTICE_v5_LoRA,0,23.17,54.66,0,0,0,0,ATB_46_2026-08-05.csv
2026-07-05T06:48:02Z,54,OTICE_v5_LoRA,0,23.14,62.93,607.52,607.52,24.53,0,ATB_54_2026-08-05.csv
2026-07-05T06:48:17Z,55,OTICE_v5_LoRA,65024,0,0,486.33,486.33,24.82,0,ATB_55_2026-08-05.csv
2026-07-05T06:48:20Z,46_out,OTICE_v5_LoRA,0,23.19,54.56,0,0,0,0,ATB_46_2026-08-05.csv
2026-07-05T06:48:48Z,59,OTICE_v5_LoRA,17,23.17,63.64,0,0,0,0,ATB_59_2026-08-05.csv
2026-07-05T06:48:49Z,47,OTICE_v5_LoRA,139,23.14,67.23,567.91,567.91,24.55,0,ATB_47_2026-08-05.csv
2026-07-05T06:48:50Z,46_out,OTICE_v5_LoRA,0,23.17,54.36,0,0,0,0,ATB_46_2026-08-05.csv
2026-07-05T06:49:02Z,54,OTICE_v5_LoRA,0,23.11,62.93,607.85,607.85,24.53,0,ATB_54_2026-08-05.csv
2026-07-05T06:49:17Z,55,OTICE_v5_LoRA,65024,0,0,483.89,483.89,24.82,0,ATB_55_2026-08-05.csv
2026-07-05T06:49:20Z,46_out,OTICE_v5_LoRA,0,23.17,54.46,0,0,0,0,ATB_46_2026-08-05.csv
2026-07-05T06:49:48Z,59,OTICE_v5_LoRA,21,23.16,63.73,0,0,0,0,ATB_59_2026-08-05.csv
2026-07-05T06:49:49Z,47,OTICE_v5_LoRA,138,23.14,67.23,565.87,565.87,24.52,0,ATB_47_2026-08-05.csv
2026-07-05T06:49:50Z,46_out,OTICE_v5_LoRA,0,23.17,54.36,0,0,0,0,ATB_46_2026-08-05.csv
2026-07-05T06:50:04Z,54,OTICE_v5_LoRA,0,23.14,62.93,609.02,609.02,24.5,0,ATB_54_2026-08-05.csv
2026-07-05T06:50:16Z,55,OTICE_v5_LoRA,63495,0,0,483.9,483.9,24.84,0,ATB_55_2026-08-05.csv
2026-07-05T06:50:21Z,46_out,OTICE_v5_LoRA,0,23.19,54.76,0,0,0,0,ATB_46_2026-08-05.csv
2026-07-05T06:50:48Z,59,OTICE_v5_LoRA,20,23.17,63.64,0,0,0,0,ATB_59_2026-08-05.csv
2026-07-05T06:50:49Z,47,OTICE_v5_LoRA,138,23.14,67.23,566.96,566.96,24.51,0,ATB_47_2026-08-05.csv
2026-07-05T06:50:51Z,46_out,OTICE_v5_LoRA,0,23.19,54.76,0,0,0,0,ATB_46_2026-08-05.csv
2026-07-05T06:51:03Z,54,OTICE_v5_LoRA,0,23.12,63.04,610.17,610.17,24.49,0,ATB_54_2026-08-05.csv
2026-07-05T06:51:17Z,55,OTICE_v5_LoRA,63495,0,0,486.68,486.68,24.8,0,ATB_55_2026-08-05.csv
2026-07-05T06:51:21Z,46_out,OTICE_v5_LoRA,0,23.19,54.66,0,0,0,0,ATB_46_2026-08-05.csv
2026-07-05T06:51:48Z,59,OTICE_v5_LoRA,16,23.17,63.73,0,0,0,0,ATB_59_2026-08-05.csv
2026-07-05T06:51:50Z,47,OTICE_v5_LoRA,145,23.14,67.23,566.22,566.22,24.49,0,ATB_47_2026-08-05.csv
2026-07-05T06:51:51Z,46_out,OTICE_v5_LoRA,0,23.19,54.66,0,0,0,0,ATB_46_2026-08-05.csv
2026-07-05T06:52:03Z,54,OTICE_v5_LoRA,0,23.12,63.04,610.25,610.25,24.49,0,ATB_54_2026-08-05.csv
2026-07-05T06:52:17Z,55,OTICE_v5_LoRA,63495,0,0,485.57,485.57,24.8,0,ATB_55_2026-08-05.csv
2026-07-05T06:52:21Z,46_out,OTICE_v5_LoRA,0,23.19,54.46,0,0,0,0,ATB_46_2026-08-05.csv
2026-07-05T06:52:48Z,59,OTICE_v5_LoRA,16,23.17,63.53,0,0,0,0,ATB_59_2026-08-05.csv
2026-07-05T06:52:50Z,47,OTICE_v5_LoRA,142,23.14,67.23,568.3,568.3,24.46,0,ATB_47_2026-08-05.csv
2026-07-05T06:52:51Z,46_out,OTICE_v5_LoRA,0,23.17,54.56,0,0,0,0,ATB_46_2026-08-05.csv
2026-07-05T06:53:03Z,54,OTICE_v5_LoRA,0,23.14,62.93,611.16,611.16,24.47,0,ATB_54_2026-08-05.csv
2026-07-05T06:53:17Z,55,OTICE_v5_LoRA,63495,0,0,487.49,487.49,24.83,0,ATB_55_2026-08-05.csv
2026-07-05T06:53:21Z,46_out,OTICE_v5_LoRA,0,23.19,54.56,0,0,0,0,ATB_46_2026-08-05.csv
2026-07-05T06:53:48Z,59,OTICE_v5_LoRA,24,23.17,63.94,0,0,0,0,ATB_59_2026-08-05.csv
2026-07-05T06:53:50Z,47,OTICE_v5_LoRA,144,23.12,67.33,568.66,568.66,24.45,0,ATB_47_2026-08-05.csv
2026-07-05T06:53:51Z,46_out,OTICE_v5_LoRA,0,23.19,54.76,0,0,0,0,ATB_46_2026-08-05.csv
2026-07-05T06:54:03Z,54,OTICE_v5_LoRA,0,23.14,63.04,607.99,607.99,24.41,0,ATB_54_2026-08-05.csv
2026-07-05T06:54:17Z,55,OTICE_v5_LoRA,63495,0,0,486.54,486.54,24.79,0,ATB_55_2026-08-05.csv
2026-07-05T06:54:21Z,46_out,OTICE_v5_LoRA,0,23.19,54.86,0,0,0,0,ATB_46_2026-08-05.csv
2026-07-05T06:54:48Z,59,OTICE_v5_LoRA,20,23.17,63.94,0,0,0,0,ATB_59_2026-08-05.csv
2026-07-05T06:54:50Z,47,OTICE_v5_LoRA,138,23.14,67.23,569.17,569.17,24.46,0,ATB_47_2026-08-05.csv
2026-07-05T06:54:51Z,46_out,OTICE_v5_LoRA,0,23.2,54.76,0,0,0,0,ATB_46_2026-08-05.csv
2026-07-05T06:55:17Z,55,OTICE_v5_LoRA,63495,0,0,483.87,483.87,24.8,0,ATB_55_2026-08-05.csv
2026-07-05T06:55:21Z,46_out,OTICE_v5_LoRA,0,23.2,54.76,0,0,0,0,ATB_46_2026-08-05.csv
2026-07-05T06:55:48Z,59,OTICE_v5_LoRA,20,23.17,63.73,0,0,0,0,ATB_59_2026-08-05.csv
2026-07-05T06:55:50Z,47,OTICE_v5_LoRA,142,23.14,67.33,568.94,568.94,24.42,0,ATB_47_2026-08-05.csv
2026-07-05T06:55:51Z,46_out,OTICE_v5_LoRA,0,23.19,54.86,0,0,0,0,ATB_46_2026-08-05.csv
2026-07-05T06:56:01Z,54,OTICE_v5_LoRA,0,23.12,63.14,603.49,603.49,24.4,0,ATB_54_2026-08-05.csv
2026-07-05T06:56:22Z,46_out,OTICE_v5_LoRA,0,23.19,54.56,0,0,0,0,ATB_46_2026-08-05.csv
2026-07-05T06:56:22Z,55,OTICE_v5_LoRA,0,0,0,473.07,473.07,24.8,0,ATB_55_2026-08-05.csv
2026-07-05T06:56:48Z,59,OTICE_v5_LoRA,18,23.17,63.94,0,0,0,0,ATB_59_2026-08-05.csv
2026-07-05T06:56:50Z,47,OTICE_v5_LoRA,143,23.14,67.33,568.56,568.56,24.45,0,ATB_47_2026-08-05.csv
2026-07-05T06:56:52Z,46_out,OTICE_v5_LoRA,0,23.2,54.46,0,0,0,0,ATB_46_2026-08-05.csv
2026-07-05T06:57:01Z,54,OTICE_v5_LoRA,0,23.14,63.04,604.89,604.89,24.5,0,ATB_54_2026-08-05.csv
2026-07-05T06:57:22Z,46_out,OTICE_v5_LoRA,0,23.19,54.66,0,0,0,0,ATB_46_2026-08-05.csv
2026-07-05T06:57:22Z,55,OTICE_v5_LoRA,0,0,0,469.48,469.48,24.8,0,ATB_55_2026-08-05.csv
2026-07-05T06:57:48Z,59,OTICE_v5_LoRA,15,23.17,63.64,0,0,0,0,ATB_59_2026-08-05.csv
2026-07-05T06:57:50Z,47,OTICE_v5_LoRA,141,23.15,67.33,568.79,568.79,24.49,0,ATB_47_2026-08-05.csv
2026-07-05T06:57:52Z,46_out,OTICE_v5_LoRA,0,23.19,54.66,0,0,0,0,ATB_46_2026-08-05.csv
2026-07-05T06:58:01Z,54,OTICE_v5_LoRA,0,23.15,63.04,604.71,604.71,24.5,0,ATB_54_2026-08-05.csv
2026-07-05T06:58:22Z,46_out,OTICE_v5_LoRA,0,23.19,54.46,0,0,0,0,ATB_46_2026-08-05.csv
2026-07-05T06:58:22Z,55,OTICE_v5_LoRA,0,0,0,474.29,474.29,24.83,0,ATB_55_2026-08-05.csv
2026-07-05T06:58:48Z,59,OTICE_v5_LoRA,18,23.19,63.94,0,0,0,0,ATB_59_2026-08-05.csv
2026-07-05T06:58:50Z,47,OTICE_v5_LoRA,143,23.12,67.33,569.49,569.49,24.45,0,ATB_47_2026-08-05.csv
2026-07-05T06:58:52Z,46_out,OTICE_v5_LoRA,0,23.19,54.96,0,0,0,0,ATB_46_2026-08-05.csv
2026-07-05T06:59:01Z,54,OTICE_v5_LoRA,0,23.14,63.14,604.37,604.37,24.49,0,ATB_54_2026-08-05.csv
2026-07-05T06:59:22Z,46_out,OTICE_v5_LoRA,0,23.17,54.96,0,0,0,0,ATB_46_2026-08-05.csv
2026-07-05T06:59:22Z,55,OTICE_v5_LoRA,0,2.4,0,481.78,481.78,24.74,0,ATB_55_2026-08-05.csv
2026-07-05T06:59:48Z,59,OTICE_v5_LoRA,27,23.12,64.33,0,0,0,0,ATB_59_2026-08-05.csv
2026-07-05T06:59:50Z,47,OTICE_v5_LoRA,140,23.12,67.63,569.07,569.07,24.32,0,ATB_47_2026-08-05.csv
2026-07-05T06:59:52Z,46_out,OTICE_v5_LoRA,0,23.19,54.96,0,0,0,0,ATB_46_2026-08-05.csv
2026-07-05T07:00:03Z,54,OTICE_v5_LoRA,0,23.15,63.34,605.41,605.41,24.46,0,ATB_54_2026-08-05.csv
2026-07-05T07:00:22Z,46_out,OTICE_v5_LoRA,0,23.17,55.16,0,0,0,0,ATB_46_2026-08-05.csv
2026-07-05T07:00:22Z,55,OTICE_v5_LoRA,32768,0,0,484.19,484.19,24.69,0,ATB_55_2026-08-05.csv
2026-07-05T07:00:48Z,59,OTICE_v5_LoRA,21,23.09,64.53,0,0,0,0,ATB_59_2026-08-05.csv
2026-07-05T07:00:50Z,47,OTICE_v5_LoRA,144,23.11,67.73,570.05,570.05,24.31,0,ATB_47_2026-08-05.csv
2026-07-05T07:00:52Z,46_out,OTICE_v5_LoRA,0,23.16,55.26,0,0,0,0,ATB_46_2026-08-05.csv
2026-07-05T07:01:01Z,54,OTICE_v5_LoRA,0,23.16,63.31,606.27,606.27,24.5,0,ATB_54_2026-08-05.csv
2026-07-05T07:01:22Z,46_out,OTICE_v5_LoRA,0,23.17,55.35,0,0,0,0,ATB_46_2026-08-05.csv
2026-07-05T07:01:22Z,55,OTICE_v5_LoRA,32768,0,0,481.93,481.93,24.69,0,ATB_55_2026-08-05.csv
2026-07-05T07:01:48Z,59,OTICE_v5_LoRA,26,23.07,64.86,0,0,0,0,ATB_59_2026-08-05.csv
2026-07-05T07:01:50Z,47,OTICE_v5_LoRA,148,23.11,68.02,571.54,571.54,24.28,0,ATB_47_2026-08-05.csv
2026-07-05T07:01:52Z,46_out,OTICE_v5_LoRA,0,23.16,55.35,0,0,0,0,ATB_46_2026-08-05.csv
2026-07-05T07:02:01Z,54,OTICE_v5_LoRA,0,23.16,63.5,605.29,605.29,24.37,0,ATB_54_2026-08-05.csv
2026-07-05T07:02:22Z,55,OTICE_v5_LoRA,252,0,0,488.22,488.22,24.64,0,ATB_55_2026-08-05.csv
2026-07-05T07:02:23Z,46_out,OTICE_v5_LoRA,0,23.16,55.26,0,0,0,0,ATB_46_2026-08-05.csv
2026-07-05T07:02:49Z,59,OTICE_v5_LoRA,24,23.02,64.86,0,0,0,0,ATB_59_2026-08-05.csv
2026-07-05T07:02:50Z,47,OTICE_v5_LoRA,144,23.08,67.93,571.36,571.36,24.21,0,ATB_47_2026-08-05.csv
2026-07-05T07:02:53Z,46_out,OTICE_v5_LoRA,0,23.17,54.96,0,0,0,0,ATB_46_2026-08-05.csv
2026-07-05T07:03:02Z,54,OTICE_v5_LoRA,0,23.16,63.5,604.26,604.26,24.33,0,ATB_54_2026-08-05.csv
2026-07-05T07:03:22Z,55,OTICE_v5_LoRA,252,0,0,490.09,490.09,24.55,0,ATB_55_2026-08-05.csv
2026-07-05T07:03:23Z,46_out,OTICE_v5_LoRA,0,23.17,55.26,0,0,0,0,ATB_46_2026-08-05.csv
2026-07-05T07:03:49Z,59,OTICE_v5_LoRA,24,22.98,64.86,0,0,0,0,ATB_59_2026-08-05.csv
2026-07-05T07:03:51Z,47,OTICE_v5_LoRA,148,23.07,67.73,569.97,569.97,24.15,0,ATB_47_2026-08-05.csv
2026-07-05T07:03:53Z,46_out,OTICE_v5_LoRA,0,23.17,55.26,0,0,0,0,ATB_46_2026-08-05.csv
2026-07-05T07:04:01Z,54,OTICE_v5_LoRA,0,23.15,63.34,605.25,605.25,24.3,0,ATB_54_2026-08-05.csv
2026-07-05T07:04:22Z,55,OTICE_v5_LoRA,252,0,0,490.69,490.69,24.52,0,ATB_55_2026-08-05.csv
2026-07-05T07:04:23Z,46_out,OTICE_v5_LoRA,0,23.17,55.26,0,0,0,0,ATB_46_2026-08-05.csv
2026-07-05T07:04:49Z,59,OTICE_v5_LoRA,31,22.95,65.26,0,0,0,0,ATB_59_2026-08-05.csv
2026-07-05T07:04:50Z,47,OTICE_v5_LoRA,144,23.07,68.02,568.56,568.56,24.15,0,ATB_47_2026-08-05.csv
2026-07-05T07:04:53Z,46_out,OTICE_v5_LoRA,0,23.17,55.16,0,0,0,0,ATB_46_2026-08-05.csv
2026-07-05T07:05:02Z,54,OTICE_v5_LoRA,0,23.16,63.4,605.09,605.09,24.3,0,ATB_54_2026-08-05.csv
2026-07-05T07:05:23Z,46_out,OTICE_v5_LoRA,0,23.17,55.16,0,0,0,0,ATB_46_2026-08-05.csv
2026-07-05T07:05:23Z,55,OTICE_v5_LoRA,252,0,0,490.57,490.57,24.5,0,ATB_55_2026-08-05.csv
2026-07-05T07:05:49Z,59,OTICE_v5_LoRA,28,22.92,65.26,0,0,0,0,ATB_59_2026-08-05.csv
2026-07-05T07:05:51Z,47,OTICE_v5_LoRA,149,23.02,68.23,569.78,569.78,24.08,0,ATB_47_2026-08-05.csv
2026-07-05T07:05:53Z,46_out,OTICE_v5_LoRA,0,23.16,55.16,0,0,0,0,ATB_46_2026-08-05.csv
2026-07-05T07:06:02Z,54,OTICE_v5_LoRA,0,23.12,63.53,604.29,604.29,24.22,0,ATB_54_2026-08-05.csv
2026-07-05T07:06:22Z,55,OTICE_v5_LoRA,252,0,0,488.99,488.99,24.53,0,ATB_55_2026-08-05.csv
2026-07-05T07:06:23Z,46_out,OTICE_v5_LoRA,0,23.17,55.26,0,0,0,0,ATB_46_2026-08-05.csv
2026-07-05T07:06:49Z,59,OTICE_v5_LoRA,25,22.91,65.36,0,0,0,0,ATB_59_2026-08-05.csv
2026-07-05T07:06:51Z,47,OTICE_v5_LoRA,151,22.99,68.35,570.02,570.02,24.04,0,ATB_47_2026-08-05.csv
2026-07-05T07:06:53Z,46_out,OTICE_v5_LoRA,0,23.17,55.26,0,0,0,0,ATB_46_2026-08-05.csv
2026-07-05T07:07:02Z,54,OTICE_v5_LoRA,0,23.11,63.84,605.34,605.34,24.16,0,ATB_54_2026-08-05.csv
2026-07-05T07:07:23Z,46_out,OTICE_v5_LoRA,0,23.17,55.16,0,0,0,0,ATB_46_2026-08-05.csv
2026-07-05T07:07:23Z,55,OTICE_v5_LoRA,252,0,0,489.03,489.03,24.49,0,ATB_55_2026-08-05.csv
2026-07-05T07:07:49Z,59,OTICE_v5_LoRA,28,22.91,65.36,0,0,0,0,ATB_59_2026-08-05.csv
2026-07-05T07:07:51Z,47,OTICE_v5_LoRA,153,22.96,68.46,568.79,568.79,23.95,0,ATB_47_2026-08-05.csv
2026-07-05T07:07:53Z,46_out,OTICE_v5_LoRA,0,23.17,55.26,0,0,0,0,ATB_46_2026-08-05.csv
2026-07-05T07:08:02Z,54,OTICE_v5_LoRA,0,23.03,63.73,604.66,604.66,24.12,0,ATB_54_2026-08-05.csv
2026-07-05T07:08:23Z,55,OTICE_v5_LoRA,252,0,0,489.31,489.31,24.5,0,ATB_55_2026-08-05.csv
2026-07-05T07:08:24Z,46_out,OTICE_v5_LoRA,0,23.16,55.26,0,0,0,0,ATB_46_2026-08-05.csv
2026-07-05T07:08:49Z,59,OTICE_v5_LoRA,28,22.88,65.46,0,0,0,0,ATB_59_2026-08-05.csv
2026-07-05T07:08:51Z,47,OTICE_v5_LoRA,156,22.96,68.46,570.84,570.84,23.98,0,ATB_47_2026-08-05.csv
2026-07-05T07:08:54Z,46_out,OTICE_v5_LoRA,0,23.17,55.26,0,0,0,0,ATB_46_2026-08-05.csv
2026-07-05T07:09:02Z,54,OTICE_v5_LoRA,0,23.04,63.73,605.76,605.76,24.06,0,ATB_54_2026-08-05.csv
2026-07-05T07:09:23Z,55,OTICE_v5_LoRA,49408,0,5.12,488.55,488.55,24.56,0,ATB_55_2026-08-05.csv
2026-07-05T07:09:24Z,46_out,OTICE_v5_LoRA,0,23.16,55.26,0,0,0,0,ATB_46_2026-08-05.csv
2026-07-05T07:09:49Z,59,OTICE_v5_LoRA,26,22.9,65.16,0,0,0,0,ATB_59_2026-08-05.csv
2026-07-05T07:09:51Z,47,OTICE_v5_LoRA,155,22.92,68.46,572.22,572.22,23.98,0,ATB_47_2026-08-05.csv
2026-07-05T07:09:54Z,46_out,OTICE_v5_LoRA,0,23.16,55.26,0,0,0,0,ATB_46_2026-08-05.csv
2026-07-05T07:10:02Z,54,OTICE_v5_LoRA,0,22.97,64.03,604.63,604.63,23.98,0,ATB_54_2026-08-05.csv
2026-07-05T07:10:23Z,55,OTICE_v5_LoRA,49408,0,5.12,488.06,488.06,24.56,0,ATB_55_2026-08-05.csv
2026-07-05T07:10:24Z,46_out,OTICE_v5_LoRA,0,23.17,55.26,0,0,0,0,ATB_46_2026-08-05.csv
2026-07-05T07:10:49Z,59,OTICE_v5_LoRA,20,22.91,64.96,0,0,0,0,ATB_59_2026-08-05.csv
2026-07-05T07:10:51Z,47,OTICE_v5_LoRA,156,22.9,68.46,569.87,569.87,23.92,0,ATB_47_2026-08-05.csv
2026-07-05T07:10:54Z,46_out,OTICE_v5_LoRA,0,23.16,55.26,0,0,0,0,ATB_46_2026-08-05.csv
2026-07-05T07:11:02Z,54,OTICE_v5_LoRA,0,22.96,63.94,607.73,607.73,24.01,0,ATB_54_2026-08-05.csv
2026-07-05T07:11:23Z,55,OTICE_v5_LoRA,49408,0,5.12,487.91,487.91,24.56,0,ATB_55_2026-08-05.csv
2026-07-05T07:11:24Z,46_out,OTICE_v5_LoRA,0,23.15,55.26,0,0,0,0,ATB_46_2026-08-05.csv
2026-07-05T07:11:50Z,59,OTICE_v5_LoRA,21,22.92,64.86,0,0,0,0,ATB_59_2026-08-05.csv
2026-07-05T07:11:51Z,47,OTICE_v5_LoRA,153,22.9,68.56,573.86,573.86,23.95,0,ATB_47_2026-08-05.csv
2026-07-05T07:11:54Z,46_out,OTICE_v5_LoRA,0,23.15,55.26,0,0,0,0,ATB_46_2026-08-05.csv
2026-07-05T07:12:02Z,54,OTICE_v5_LoRA,0,22.91,64.36,607.55,607.55,23.95,0,ATB_54_2026-08-05.csv
2026-07-05T07:12:23Z,55,OTICE_v5_LoRA,61952,0,2.56,487.12,487.12,24.6,0,ATB_55_2026-08-05.csv
2026-07-05T07:12:24Z,46_out,OTICE_v5_LoRA,0,23.16,55.16,0,0,0,0,ATB_46_2026-08-05.csv
2026-07-05T07:12:50Z,59,OTICE_v5_LoRA,30,22.9,65.36,0,0,0,0,ATB_59_2026-08-05.csv
2026-07-05T07:12:51Z,47,OTICE_v5_LoRA,162,22.86,68.76,574.29,574.29,23.92,0,ATB_47_2026-08-05.csv
2026-07-05T07:12:54Z,46_out,OTICE_v5_LoRA,0,23.15,55.26,0,0,0,0,ATB_46_2026-08-05.csv
2026-07-05T07:13:02Z,54,OTICE_v5_LoRA,0,22.91,64.36,606.79,606.79,23.91,0,ATB_54_2026-08-05.csv
2026-07-05T07:13:23Z,55,OTICE_v5_LoRA,61952,0,2.56,489.64,489.64,24.5,0,ATB_55_2026-08-05.csv
2026-07-05T07:13:24Z,46_out,OTICE_v5_LoRA,0,23.15,55.26,0,0,0,0,ATB_46_2026-08-05.csv
2026-07-05T07:13:50Z,59,OTICE_v5_LoRA,25,22.9,65.26,0,0,0,0,ATB_59_2026-08-05.csv
2026-07-05T07:13:51Z,47,OTICE_v5_LoRA,155,22.86,68.65,573.24,573.24,23.89,0,ATB_47_2026-08-05.csv
2026-07-05T07:13:54Z,46_out,OTICE_v5_LoRA,0,23.15,55.26,0,0,0,0,ATB_46_2026-08-05.csv
2026-07-05T07:14:02Z,54,OTICE_v5_LoRA,0,22.88,64.17,608.16,608.16,23.96,0,ATB_54_2026-08-05.csv
2026-07-05T07:14:23Z,55,OTICE_v5_LoRA,61952,0,2.56,487.25,487.25,24.56,0,ATB_55_2026-08-05.csv
2026-07-05T07:14:25Z,46_out,OTICE_v5_LoRA,0,23.13,55.26,0,0,0,0,ATB_46_2026-08-05.csv
2026-07-05T07:14:50Z,59,OTICE_v5_LoRA,25,22.88,65.26,0,0,0,0,ATB_59_2026-08-05.csv
2026-07-05T07:14:51Z,47,OTICE_v5_LoRA,150,22.86,68.65,574.41,574.41,23.94,0,ATB_47_2026-08-05.csv
2026-07-05T07:14:55Z,46_out,OTICE_v5_LoRA,0,23.16,55.26,0,0,0,0,ATB_46_2026-08-05.csv
2026-07-05T07:15:02Z,54,OTICE_v5_LoRA,0,22.93,64.03,609.54,609.54,23.98,0,ATB_54_2026-08-05.csv
2026-07-05T07:15:23Z,55,OTICE_v5_LoRA,64512,0,0.66,487.69,487.69,24.6,0,ATB_55_2026-08-05.csv
2026-07-05T07:15:25Z,46_out,OTICE_v5_LoRA,0,23.15,55.26,0,0,0,0,ATB_46_2026-08-05.csv
2026-07-05T07:15:50Z,59,OTICE_v5_LoRA,25,22.9,65.16,0,0,0,0,ATB_59_2026-08-05.csv
2026-07-05T07:15:51Z,47,OTICE_v5_LoRA,156,22.84,68.76,580.2,580.2,23.91,0,ATB_47_2026-08-05.csv
2026-07-05T07:15:55Z,46_out,OTICE_v5_LoRA,0,23.15,55.26,0,0,0,0,ATB_46_2026-08-05.csv
2026-07-05T07:16:03Z,54,OTICE_v5_LoRA,0,22.89,64.27,608.51,608.51,23.89,0,ATB_54_2026-08-05.csv
2026-07-05T07:16:23Z,55,OTICE_v5_LoRA,64512,0,0.66,489.42,489.42,24.59,0,ATB_55_2026-08-05.csv
2026-07-05T07:16:25Z,46_out,OTICE_v5_LoRA,0,23.15,55.26,0,0,0,0,ATB_46_2026-08-05.csv
2026-07-05T07:16:51Z,47,OTICE_v5_LoRA,155,22.84,68.76,579.04,579.04,23.88,0,ATB_47_2026-08-05.csv
2026-07-05T07:17:03Z,54,OTICE_v5_LoRA,0,22.91,64.27,608.11,608.11,23.92,0,ATB_54_2026-08-05.csv
2026-07-05T07:17:18Z,46_out,OTICE_v5_LoRA,0,23.15,55.26,0,0,0,0,ATB_46_2026-08-05.csv
2026-07-05T07:17:23Z,55,OTICE_v5_LoRA,32768,0,0,489.49,489.49,24.59,0,ATB_55_2026-08-05.csv
2026-07-05T07:17:48Z,59,OTICE_v5_LoRA,25,22.88,65.26,0,0,0,0,ATB_59_2026-08-05.csv
2026-07-05T07:17:49Z,46_out,OTICE_v5_LoRA,0,23.15,55.16,0,0,0,0,ATB_46_2026-08-05.csv
2026-07-05T07:17:51Z,47,OTICE_v5_LoRA,160,22.82,68.95,577.02,577.02,23.85,0,ATB_47_2026-08-05.csv
2026-07-05T07:18:03Z,54,OTICE_v5_LoRA,0,22.89,64.47,608.28,608.28,23.91,0,ATB_54_2026-08-05.csv
2026-07-05T07:18:19Z,46_out,OTICE_v5_LoRA,0,23.13,55.26,0,0,0,0,ATB_46_2026-08-05.csv
2026-07-05T07:18:23Z,55,OTICE_v5_LoRA,32768,0,0,488.7,488.7,24.58,0,ATB_55_2026-08-05.csv
2026-07-05T07:18:48Z,59,OTICE_v5_LoRA,25,22.85,65.46,0,0,0,0,ATB_59_2026-08-05.csv
2026-07-05T07:18:49Z,46_out,OTICE_v5_LoRA,0,23.15,55.16,0,0,0,0,ATB_46_2026-08-05.csv
2026-07-05T07:18:52Z,47,OTICE_v5_LoRA,161,22.83,68.95,577.79,577.79,23.92,0,ATB_47_2026-08-05.csv
2026-07-05T07:19:03Z,54,OTICE_v5_LoRA,0,22.91,64.47,611.47,611.47,23.89,0,ATB_54_2026-08-05.csv
2026-07-05T07:19:19Z,46_out,OTICE_v5_LoRA,0,23.13,55.26,0,0,0,0,ATB_46_2026-08-05.csv
2026-07-05T07:19:23Z,55,OTICE_v5_LoRA,32768,0,0,485.52,485.52,24.55,0,ATB_55_2026-08-05.csv
2026-07-05T07:19:48Z,59,OTICE_v5_LoRA,21,22.85,65.36,0,0,0,0,ATB_59_2026-08-05.csv
2026-07-05T07:19:49Z,46_out,OTICE_v5_LoRA,0,23.12,55.26,0,0,0,0,ATB_46_2026-08-05.csv
2026-07-05T07:19:52Z,47,OTICE_v5_LoRA,158,22.84,68.85,578.77,578.77,23.88,0,ATB_47_2026-08-05.csv
2026-07-05T07:20:03Z,54,OTICE_v5_LoRA,0,22.86,64.36,609.16,609.16,23.93,0,ATB_54_2026-08-05.csv
2026-07-05T07:20:19Z,46_out,OTICE_v5_LoRA,0,23.12,55.26,0,0,0,0,ATB_46_2026-08-05.csv
2026-07-05T07:20:24Z,55,OTICE_v5_LoRA,32768,0,0,483.57,483.57,24.58,0,ATB_55_2026-08-05.csv
2026-07-05T07:20:49Z,46_out,OTICE_v5_LoRA,0,23.12,55.26,0,0,0,0,ATB_46_2026-08-05.csv
2026-07-05T07:20:49Z,59,OTICE_v5_LoRA,27,22.85,65.56,0,0,0,0,ATB_59_2026-08-05.csv
2026-07-05T07:20:52Z,47,OTICE_v5_LoRA,157,22.83,68.95,577.02,577.02,23.88,0,ATB_47_2026-08-05.csv
2026-07-05T07:21:03Z,54,OTICE_v5_LoRA,0,22.86,64.36,606.73,606.73,23.95,0,ATB_54_2026-08-05.csv
2026-07-05T07:21:19Z,46_out,OTICE_v5_LoRA,0,23.12,55.46,0,0,0,0,ATB_46_2026-08-05.csv
2026-07-05T07:21:24Z,55,OTICE_v5_LoRA,32768,0,0,482.25,482.25,24.6,0,ATB_55_2026-08-05.csv
2026-07-05T07:21:49Z,46_out,OTICE_v5_LoRA,0,23.12,55.26,0,0,0,0,ATB_46_2026-08-05.csv
2026-07-05T07:21:49Z,59,OTICE_v5_LoRA,26,22.88,65.36,0,0,0,0,ATB_59_2026-08-05.csv
2026-07-05T07:21:52Z,47,OTICE_v5_LoRA,155,22.82,68.95,577.71,577.71,23.92,0,ATB_47_2026-08-05.csv
2026-07-05T07:22:03Z,54,OTICE_v5_LoRA,0,22.84,64.56,604.93,604.93,23.86,0,ATB_54_2026-08-05.csv
2026-07-05T07:22:19Z,46_out,OTICE_v5_LoRA,0,23.13,55.35,0,0,0,0,ATB_46_2026-08-05.csv
2026-07-05T07:22:24Z,55,OTICE_v5_LoRA,65024,0,0,481.5,481.5,24.53,0,ATB_55_2026-08-05.csv
2026-07-05T07:22:49Z,46_out,OTICE_v5_LoRA,0,23.1,55.35,0,0,0,0,ATB_46_2026-08-05.csv
2026-07-05T07:22:49Z,59,OTICE_v5_LoRA,28,22.85,65.56,0,0,0,0,ATB_59_2026-08-05.csv
2026-07-05T07:22:52Z,47,OTICE_v5_LoRA,163,22.83,68.95,578.03,578.03,23.98,0,ATB_47_2026-08-05.csv
2026-07-05T07:23:03Z,54,OTICE_v5_LoRA,0,22.91,64.56,602.3,602.3,23.96,0,ATB_54_2026-08-05.csv
2026-07-05T07:23:19Z,46_out,OTICE_v5_LoRA,0,23.1,55.35,0,0,0,0,ATB_46_2026-08-05.csv
2026-07-05T07:23:24Z,55,OTICE_v5_LoRA,65024,0,0,481.16,481.16,24.49,0,ATB_55_2026-08-05.csv
2026-07-05T07:23:49Z,59,OTICE_v5_LoRA,20,22.9,65.36,0,0,0,0,ATB_59_2026-08-05.csv
2026-07-05T07:23:50Z,46_out,OTICE_v5_LoRA,0,23.1,55.46,0,0,0,0,ATB_46_2026-08-05.csv
2026-07-05T07:23:52Z,47,OTICE_v5_LoRA,156,22.84,68.65,578.32,578.32,23.98,0,ATB_47_2026-08-05.csv
2026-07-05T07:24:03Z,54,OTICE_v5_LoRA,0,22.91,63.87,599.45,599.45,24.08,0,ATB_54_2026-08-05.csv
2026-07-05T07:24:20Z,46_out,OTICE_v5_LoRA,0,23.09,55.46,0,0,0,0,ATB_46_2026-08-05.csv
2026-07-05T07:24:24Z,55,OTICE_v5_LoRA,65024,0,0,477.84,477.84,24.58,0,ATB_55_2026-08-05.csv
2026-07-05T07:24:49Z,59,OTICE_v5_LoRA,14,22.94,64.96,0,0,0,0,ATB_59_2026-08-05.csv
2026-07-05T07:24:50Z,46_out,OTICE_v5_LoRA,0,23.09,55.46,0,0,0,0,ATB_46_2026-08-05.csv
2026-07-05T07:24:52Z,47,OTICE_v5_LoRA,147,22.92,68.35,578.44,578.44,24.14,0,ATB_47_2026-08-05.csv
2026-07-05T07:25:03Z,54,OTICE_v5_LoRA,0,22.96,63.84,601.91,601.91,24.19,0,ATB_54_2026-08-05.csv
2026-07-05T07:25:20Z,46_out,OTICE_v5_LoRA,0,23.1,55.35,0,0,0,0,ATB_46_2026-08-05.csv
2026-07-05T07:25:24Z,55,OTICE_v5_LoRA,65024,0,0,474.87,474.87,24.66,0,ATB_55_2026-08-05.csv
2026-07-05T07:25:49Z,59,OTICE_v5_LoRA,20,22.98,64.77,0,0,0,0,ATB_59_2026-08-05.csv
2026-07-05T07:25:50Z,46_out,OTICE_v5_LoRA,0,23.13,55.46,0,0,0,0,ATB_46_2026-08-05.csv
2026-07-05T07:26:03Z,54,OTICE_v5_LoRA,0,22.96,63.84,602.05,602.05,24.19,0,ATB_54_2026-08-05.csv
2026-07-05T07:26:20Z,46_out,OTICE_v5_LoRA,0,23.13,55.35,0,0,0,0,ATB_46_2026-08-05.csv
2026-07-05T07:26:24Z,55,OTICE_v5_LoRA,65024,0,0,477.66,477.66,24.69,0,ATB_55_2026-08-05.csv
2026-07-05T07:26:49Z,59,OTICE_v5_LoRA,15,23.01,64.56,0,0,0,0,ATB_59_2026-08-05.csv
2026-07-05T07:26:50Z,46_out,OTICE_v5_LoRA,0,23.13,55.35,0,0,0,0,ATB_46_2026-08-05.csv
2026-07-05T07:26:51Z,47,OTICE_v5_LoRA,147,22.97,68.06,580.29,580.29,24.35,0,ATB_47_2026-08-05.csv
2026-07-05T07:27:03Z,54,OTICE_v5_LoRA,0,22.99,63.73,604.61,604.61,24.27,0,ATB_54_2026-08-05.csv
2026-07-05T07:27:20Z,46_out,OTICE_v5_LoRA,0,23.15,55.35,0,0,0,0,ATB_46_2026-08-05.csv
2026-07-05T07:27:24Z,55,OTICE_v5_LoRA,65024,0,0,477.87,477.87,24.67,0,ATB_55_2026-08-05.csv
2026-07-05T07:27:49Z,59,OTICE_v5_LoRA,16,23.02,64.56,0,0,0,0,ATB_59_2026-08-05.csv
2026-07-05T07:27:50Z,46_out,OTICE_v5_LoRA,0,23.15,55.35,0,0,0,0,ATB_46_2026-08-05.csv
2026-07-05T07:27:51Z,47,OTICE_v5_LoRA,148,22.99,68.06,577.92,577.92,24.29,0,ATB_47_2026-08-05.csv
2026-07-05T07:28:04Z,54,OTICE_v5_LoRA,0,23.01,63.64,603.46,603.46,24.32,0,ATB_54_2026-08-05.csv
2026-07-05T07:28:20Z,46_out,OTICE_v5_LoRA,0,23.15,55.35,0,0,0,0,ATB_46_2026-08-05.csv
2026-07-05T07:28:24Z,55,OTICE_v5_LoRA,254,79.36,0,478.1,478.1,24.64,0,ATB_55_2026-08-05.csv
2026-07-05T07:28:49Z,59,OTICE_v5_LoRA,16,23.02,64.77,0,0,0,0,ATB_59_2026-08-05.csv
2026-07-05T07:28:50Z,46_out,OTICE_v5_LoRA,0,23.16,55.35,0,0,0,0,ATB_46_2026-08-05.csv
2026-07-05T07:28:51Z,47,OTICE_v5_LoRA,145,22.99,67.96,578.19,578.19,24.34,0,ATB_47_2026-08-05.csv
2026-07-05T07:29:04Z,54,OTICE_v5_LoRA,0,23,63.53,601.69,601.69,24.34,0,ATB_54_2026-08-05.csv
2026-07-05T07:29:20Z,46_out,OTICE_v5_LoRA,0,23.16,55.46,0,0,0,0,ATB_46_2026-08-05.csv
2026-07-05T07:29:24Z,55,OTICE_v5_LoRA,0,0,0,476.83,476.83,24.64,0,ATB_55_2026-08-05.csv
2026-07-05T07:29:49Z,59,OTICE_v5_LoRA,22,23.01,64.96,0,0,0,0,ATB_59_2026-08-05.csv
2026-07-05T07:29:51Z,46_out,OTICE_v5_LoRA,0,23.16,55.46,0,0,0,0,ATB_46_2026-08-05.csv
2026-07-05T07:29:51Z,47,OTICE_v5_LoRA,150,23.02,67.82,579.14,579.14,24.36,0,ATB_47_2026-08-05.csv
2026-07-05T07:30:04Z,54,OTICE_v5_LoRA,0,23.03,63.43,601.58,601.58,24.34,0,ATB_54_2026-08-05.csv
2026-07-05T07:30:21Z,46_out,OTICE_v5_LoRA,0,23.15,55.46,0,0,0,0,ATB_46_2026-08-05.csv
2026-07-05T07:30:24Z,55,OTICE_v5_LoRA,0,0,0,474.02,474.02,24.66,0,ATB_55_2026-08-05.csv
2026-07-05T07:30:49Z,59,OTICE_v5_LoRA,21,23.01,64.86,0,0,0,0,ATB_59_2026-08-05.csv
2026-07-05T07:30:51Z,46_out,OTICE_v5_LoRA,0,23.15,55.35,0,0,0,0,ATB_46_2026-08-05.csv
2026-07-05T07:30:51Z,47,OTICE_v5_LoRA,145,23.02,67.93,575.96,575.96,24.35,0,ATB_47_2026-08-05.csv
2026-07-05T07:31:04Z,54,OTICE_v5_LoRA,0,23.03,63.64,598.86,598.86,24.32,0,ATB_54_2026-08-05.csv
2026-07-05T07:31:21Z,46_out,OTICE_v5_LoRA,0,23.16,55.35,0,0,0,0,ATB_46_2026-08-05.csv
2026-07-05T07:31:24Z,55,OTICE_v5_LoRA,0,0,0,474.07,474.07,24.67,0,ATB_55_2026-08-05.csv
2026-07-05T07:31:50Z,59,OTICE_v5_LoRA,20,23.04,64.77,0,0,0,0,ATB_59_2026-08-05.csv
2026-07-05T07:31:51Z,46_out,OTICE_v5_LoRA,0,23.15,55.46,0,0,0,0,ATB_46_2026-08-05.csv
2026-07-05T07:31:51Z,47,OTICE_v5_LoRA,151,23.02,67.93,575.68,575.68,24.31,0,ATB_47_2026-08-05.csv
2026-07-05T07:32:04Z,54,OTICE_v5_LoRA,0,23.04,63.64,596.67,596.67,24.34,0,ATB_54_2026-08-05.csv
2026-07-05T07:32:21Z,46_out,OTICE_v5_LoRA,0,23.15,55.56,0,0,0,0,ATB_46_2026-08-05.csv
2026-07-05T07:32:24Z,55,OTICE_v5_LoRA,0,0,0,475.26,475.26,24.7,0,ATB_55_2026-08-05.csv
2026-07-05T07:32:50Z,59,OTICE_v5_LoRA,20,23.02,64.86,0,0,0,0,ATB_59_2026-08-05.csv
2026-07-05T07:32:51Z,46_out,OTICE_v5_LoRA,0,23.15,55.56,0,0,0,0,ATB_46_2026-08-05.csv
2026-07-05T07:32:51Z,47,OTICE_v5_LoRA,147,23.02,67.82,576.16,576.16,24.36,0,ATB_47_2026-08-05.csv
2026-07-05T07:33:04Z,54,OTICE_v5_LoRA,0,23.04,63.43,594.9,594.9,24.39,0,ATB_54_2026-08-05.csv
2026-07-05T07:33:21Z,46_out,OTICE_v5_LoRA,0,23.15,55.46,0,0,0,0,ATB_46_2026-08-05.csv
2026-07-05T07:33:24Z,55,OTICE_v5_LoRA,0,0,0,475.6,475.6,24.72,0,ATB_55_2026-08-05.csv
2026-07-05T07:33:50Z,59,OTICE_v5_LoRA,18,23.04,64.56,0,0,0,0,ATB_59_2026-08-05.csv
2026-07-05T07:33:51Z,46_out,OTICE_v5_LoRA,0,23.13,55.46,0,0,0,0,ATB_46_2026-08-05.csv
2026-07-05T07:33:52Z,47,OTICE_v5_LoRA,139,23.04,67.73,572.15,572.15,24.39,0,ATB_47_2026-08-05.csv
2026-07-05T07:34:04Z,54,OTICE_v5_LoRA,0,23.03,63.43,594.3,594.3,24.37,0,ATB_54_2026-08-05.csv
2026-07-05T07:34:21Z,46_out,OTICE_v5_LoRA,0,23.15,55.46,0,0,0,0,ATB_46_2026-08-05.csv
2026-07-05T07:34:24Z,55,OTICE_v5_LoRA,0,0,0,477.58,477.58,24.73,0,ATB_55_2026-08-05.csv
2026-07-05T07:34:50Z,59,OTICE_v5_LoRA,14,23.07,64.36,0,0,0,0,ATB_59_2026-08-05.csv
2026-07-05T07:34:51Z,46_out,OTICE_v5_LoRA,0,23.15,55.35,0,0,0,0,ATB_46_2026-08-05.csv
2026-07-05T07:34:52Z,47,OTICE_v5_LoRA,138,23.04,67.63,572.22,572.22,24.39,0,ATB_47_2026-08-05.csv
2026-07-05T07:35:04Z,54,OTICE_v5_LoRA,0,23.07,63.23,594.16,594.16,24.43,0,ATB_54_2026-08-05.csv
2026-07-05T07:35:21Z,46_out,OTICE_v5_LoRA,0,23.15,55.26,0,0,0,0,ATB_46_2026-08-05.csv
2026-07-05T07:35:24Z,55,OTICE_v5_LoRA,0,0,0,477.58,477.58,24.72,0,ATB_55_2026-08-05.csv
2026-07-05T07:35:50Z,59,OTICE_v5_LoRA,18,23.09,64.44,0,0,0,0,ATB_59_2026-08-05.csv
2026-07-05T07:35:52Z,46_out,OTICE_v5_LoRA,0,23.15,55.35,0,0,0,0,ATB_46_2026-08-05.csv
2026-07-05T07:35:52Z,47,OTICE_v5_LoRA,140,23.05,67.63,572.58,572.58,24.42,0,ATB_47_2026-08-05.csv
2026-07-05T07:36:04Z,54,OTICE_v5_LoRA,0,23.07,63.23,595.11,595.11,24.39,0,ATB_54_2026-08-05.csv
2026-07-05T07:36:22Z,46_out,OTICE_v5_LoRA,0,23.13,55.46,0,0,0,0,ATB_46_2026-08-05.csv
2026-07-05T07:36:24Z,55,OTICE_v5_LoRA,57599,0,0,476.63,476.63,24.7,0,ATB_55_2026-08-05.csv
2026-07-05T07:36:50Z,59,OTICE_v5_LoRA,17,23.04,64.47,0,0,0,0,ATB_59_2026-08-05.csv
2026-07-05T07:36:52Z,46_out,OTICE_v5_LoRA,0,23.16,55.46,0,0,0,0,ATB_46_2026-08-05.csv
2026-07-05T07:36:52Z,47,OTICE_v5_LoRA,142,23.04,67.52,572.65,572.65,24.38,0,ATB_47_2026-08-05.csv
2026-07-05T07:37:04Z,54,OTICE_v5_LoRA,0,23.06,63.23,595.34,595.34,24.39,0,ATB_54_2026-08-05.csv
2026-07-05T07:37:22Z,46_out,OTICE_v5_LoRA,0,23.13,55.46,0,0,0,0,ATB_46_2026-08-05.csv
2026-07-05T07:37:24Z,55,OTICE_v5_LoRA,57599,0,0,477.12,477.12,24.69,0,ATB_55_2026-08-05.csv
2026-07-05T07:37:50Z,59,OTICE_v5_LoRA,19,23.07,64.47,0,0,0,0,ATB_59_2026-08-05.csv
2026-07-05T07:37:52Z,46_out,OTICE_v5_LoRA,0,23.15,55.26,0,0,0,0,ATB_46_2026-08-05.csv
2026-07-05T07:37:52Z,47,OTICE_v5_LoRA,135,23.04,67.52,573.37,573.37,24.38,0,ATB_47_2026-08-05.csv
2026-07-05T07:38:04Z,54,OTICE_v5_LoRA,0,23.07,63.14,596.64,596.64,24.37,0,ATB_54_2026-08-05.csv
2026-07-05T07:38:22Z,46_out,OTICE_v5_LoRA,0,23.16,55.26,0,0,0,0,ATB_46_2026-08-05.csv
2026-07-05T07:38:24Z,55,OTICE_v5_LoRA,48128,0,0,477.53,477.53,24.7,0,ATB_55_2026-08-05.csv
2026-07-05T07:38:50Z,59,OTICE_v5_LoRA,18,23.04,64.56,0,0,0,0,ATB_59_2026-08-05.csv
2026-07-05T07:38:52Z,46_out,OTICE_v5_LoRA,0,23.15,55.46,0,0,0,0,ATB_46_2026-08-05.csv
2026-07-05T07:38:52Z,47,OTICE_v5_LoRA,136,23.04,67.63,572.04,572.04,24.35,0,ATB_47_2026-08-05.csv
2026-07-05T07:39:05Z,54,OTICE_v5_LoRA,0,23.06,63.34,595.71,595.71,24.36,0,ATB_54_2026-08-05.csv
2026-07-05T07:39:22Z,46_out,OTICE_v5_LoRA,0,23.13,55.35,0,0,0,0,ATB_46_2026-08-05.csv
2026-07-05T07:39:24Z,55,OTICE_v5_LoRA,48128,0,0,480.32,480.32,24.69,0,ATB_55_2026-08-05.csv
2026-07-05T07:39:50Z,59,OTICE_v5_LoRA,18,23.07,64.56,0,0,0,0,ATB_59_2026-08-05.csv
2026-07-05T07:39:52Z,46_out,OTICE_v5_LoRA,0,23.13,55.46,0,0,0,0,ATB_46_2026-08-05.csv
2026-07-05T07:39:52Z,47,OTICE_v5_LoRA,138,23.05,67.63,573.17,573.17,24.36,0,ATB_47_2026-08-05.csv
2026-07-05T07:40:06Z,54,OTICE_v5_LoRA,0,23.06,63.34,596.25,596.25,24.4,0,ATB_54_2026-08-05.csv
2026-07-05T07:40:22Z,46_out,OTICE_v5_LoRA,0,23.16,55.26,0,0,0,0,ATB_46_2026-08-05.csv
2026-07-05T07:40:25Z,55,OTICE_v5_LoRA,48128,0,0,475.69,475.69,24.73,0,ATB_55_2026-08-05.csv
2026-07-05T07:40:50Z,59,OTICE_v5_LoRA,16,23.07,64.56,0,0,0,0,ATB_59_2026-08-05.csv
2026-07-05T07:40:52Z,46_out,OTICE_v5_LoRA,0,23.16,55.46,0,0,0,0,ATB_46_2026-08-05.csv
2026-07-05T07:40:52Z,47,OTICE_v5_LoRA,145,23.07,67.73,573.22,573.22,24.38,0,ATB_47_2026-08-05.csv
2026-07-05T07:41:05Z,54,OTICE_v5_LoRA,0,23.07,63.43,596.2,596.2,24.37,0,ATB_54_2026-08-05.csv
2026-07-05T07:41:23Z,46_out,OTICE_v5_LoRA,0,23.16,55.46,0,0,0,0,ATB_46_2026-08-05.csv
2026-07-05T07:41:25Z,55,OTICE_v5_LoRA,48128,0,0,474.78,474.78,24.74,0,ATB_55_2026-08-05.csv
2026-07-05T07:41:50Z,59,OTICE_v5_LoRA,16,23.1,64.33,0,0,0,0,ATB_59_2026-08-05.csv
2026-07-05T07:41:52Z,47,OTICE_v5_LoRA,142,23.07,67.63,574.42,574.42,24.42,0,ATB_47_2026-08-05.csv
2026-07-05T07:41:53Z,46_out,OTICE_v5_LoRA,0,23.17,55.26,0,0,0,0,ATB_46_2026-08-05.csv
2026-07-05T07:42:05Z,54,OTICE_v5_LoRA,0,23.09,63.34,596.2,596.2,24.4,0,ATB_54_2026-08-05.csv
2026-07-05T07:42:23Z,46_out,OTICE_v5_LoRA,0,23.17,55.26,0,0,0,0,ATB_46_2026-08-05.csv
2026-07-05T07:42:25Z,55,OTICE_v5_LoRA,48128,0,0,476.62,476.62,24.8,0,ATB_55_2026-08-05.csv
2026-07-05T07:42:50Z,59,OTICE_v5_LoRA,13,23.15,64.23,0,0,0,0,ATB_59_2026-08-05.csv
2026-07-05T07:42:52Z,47,OTICE_v5_LoRA,133,23.08,67.73,573.88,573.88,24.36,0,ATB_47_2026-08-05.csv
2026-07-05T07:42:53Z,46_out,OTICE_v5_LoRA,0,23.17,55.26,0,0,0,0,ATB_46_2026-08-05.csv
2026-07-05T07:43:05Z,54,OTICE_v5_LoRA,0,23.09,63.43,596.03,596.03,24.36,0,ATB_54_2026-08-05.csv
2026-07-05T07:43:23Z,46_out,OTICE_v5_LoRA,0,23.17,55.26,0,0,0,0,ATB_46_2026-08-05.csv
2026-07-05T07:43:25Z,55,OTICE_v5_LoRA,236,0,0,477.11,477.11,24.74,0,ATB_55_2026-08-05.csv
2026-07-05T07:43:51Z,59,OTICE_v5_LoRA,18,23.09,64.44,0,0,0,0,ATB_59_2026-08-05.csv
2026-07-05T07:43:52Z,47,OTICE_v5_LoRA,141,23.08,67.73,572.79,572.79,24.36,0,ATB_47_2026-08-05.csv
2026-07-05T07:43:53Z,46_out,OTICE_v5_LoRA,0,23.17,55.16,0,0,0,0,ATB_46_2026-08-05.csv
2026-07-05T07:44:05Z,54,OTICE_v5_LoRA,0,23.11,63.34,599.32,599.32,24.43,0,ATB_54_2026-08-05.csv
2026-07-05T07:44:23Z,46_out,OTICE_v5_LoRA,0,23.17,55.16,0,0,0,0,ATB_46_2026-08-05.csv
2026-07-05T07:44:25Z,55,OTICE_v5_LoRA,236,0,0,478.21,478.21,24.72,0,ATB_55_2026-08-05.csv
2026-07-05T07:44:51Z,59,OTICE_v5_LoRA,20,23.12,64.44,0,0,0,0,ATB_59_2026-08-05.csv
2026-07-05T07:44:52Z,47,OTICE_v5_LoRA,140,23.09,67.82,572.97,572.97,24.4,0,ATB_47_2026-08-05.csv
2026-07-05T07:44:53Z,46_out,OTICE_v5_LoRA,0,23.19,55.35,0,0,0,0,ATB_46_2026-08-05.csv
2026-07-05T07:45:05Z,54,OTICE_v5_LoRA,0,23.09,63.43,599.7,599.7,24.43,0,ATB_54_2026-08-05.csv
2026-07-05T07:45:23Z,46_out,OTICE_v5_LoRA,0,23.16,55.46,0,0,0,0,ATB_46_2026-08-05.csv
2026-07-05T07:45:25Z,55,OTICE_v5_LoRA,236,0,0,478.86,478.86,24.76,0,ATB_55_2026-08-05.csv
2026-07-05T07:45:51Z,59,OTICE_v5_LoRA,20,23.12,64.44,0,0,0,0,ATB_59_2026-08-05.csv
2026-07-05T07:45:52Z,47,OTICE_v5_LoRA,141,23.08,67.82,574.65,574.65,24.39,0,ATB_47_2026-08-05.csv
2026-07-05T07:45:53Z,46_out,OTICE_v5_LoRA,0,23.17,55.46,0,0,0,0,ATB_46_2026-08-05.csv
2026-07-05T07:46:05Z,54,OTICE_v5_LoRA,0,23.09,63.43,600.79,600.79,24.41,0,ATB_54_2026-08-05.csv
2026-07-05T07:46:23Z,46_out,OTICE_v5_LoRA,0,23.17,55.35,0,0,0,0,ATB_46_2026-08-05.csv
2026-07-05T07:46:25Z,55,OTICE_v5_LoRA,236,0,0,481.4,481.4,24.74,0,ATB_55_2026-08-05.csv
2026-07-05T07:46:51Z,59,OTICE_v5_LoRA,16,23.13,64.33,0,0,0,0,ATB_59_2026-08-05.csv
2026-07-05T07:46:52Z,47,OTICE_v5_LoRA,146,23.09,67.73,572.12,572.12,24.52,0,ATB_47_2026-08-05.csv
2026-07-05T07:46:53Z,46_out,OTICE_v5_LoRA,0,23.17,55.26,0,0,0,0,ATB_46_2026-08-05.csv
2026-07-05T07:47:06Z,54,OTICE_v5_LoRA,0,23.12,63.43,602.01,602.01,24.47,0,ATB_54_2026-08-05.csv
2026-07-05T07:47:24Z,46_out,OTICE_v5_LoRA,0,23.17,55.35,0,0,0,0,ATB_46_2026-08-05.csv
2026-07-05T07:47:25Z,55,OTICE_v5_LoRA,236,0,0,480.95,480.95,24.8,0,ATB_55_2026-08-05.csv
2026-07-05T07:47:51Z,59,OTICE_v5_LoRA,18,23.16,64.03,0,0,0,0,ATB_59_2026-08-05.csv
2026-07-05T07:47:52Z,47,OTICE_v5_LoRA,128,23.12,67.73,572.79,572.79,24.48,0,ATB_47_2026-08-05.csv
2026-07-05T07:47:54Z,46_out,OTICE_v5_LoRA,0,23.19,55.35,0,0,0,0,ATB_46_2026-08-05.csv
2026-07-05T07:48:06Z,54,OTICE_v5_LoRA,0,23.11,63.43,603,603,24.47,0,ATB_54_2026-08-05.csv
2026-07-05T07:48:24Z,46_out,OTICE_v5_LoRA,0,23.19,55.35,0,0,0,0,ATB_46_2026-08-05.csv
2026-07-05T07:48:25Z,55,OTICE_v5_LoRA,236,0,0,481.67,481.67,24.8,0,ATB_55_2026-08-05.csv
2026-07-05T07:48:51Z,59,OTICE_v5_LoRA,15,23.16,64.14,0,0,0,0,ATB_59_2026-08-05.csv
2026-07-05T07:48:53Z,47,OTICE_v5_LoRA,139,23.11,67.82,574.46,574.46,24.48,0,ATB_47_2026-08-05.csv
2026-07-05T07:48:54Z,46_out,OTICE_v5_LoRA,0,23.17,55.46,0,0,0,0,ATB_46_2026-08-05.csv
2026-07-05T07:49:06Z,54,OTICE_v5_LoRA,0,23.11,63.43,602.4,602.4,24.5,0,ATB_54_2026-08-05.csv
2026-07-05T07:49:24Z,46_out,OTICE_v5_LoRA,0,23.17,55.46,0,0,0,0,ATB_46_2026-08-05.csv
2026-07-05T07:49:25Z,55,OTICE_v5_LoRA,236,0,0,484.62,484.62,24.82,0,ATB_55_2026-08-05.csv
2026-07-05T07:49:51Z,59,OTICE_v5_LoRA,13,23.15,64.33,0,0,0,0,ATB_59_2026-08-05.csv
2026-07-05T07:49:53Z,47,OTICE_v5_LoRA,139,23.09,67.73,572.13,572.13,24.48,0,ATB_47_2026-08-05.csv
2026-07-05T07:49:54Z,46_out,OTICE_v5_LoRA,0,23.17,55.35,0,0,0,0,ATB_46_2026-08-05.csv
2026-07-05T07:50:06Z,54,OTICE_v5_LoRA,0,23.12,63.34,602.82,602.82,24.49,0,ATB_54_2026-08-05.csv
2026-07-05T07:50:24Z,46_out,OTICE_v5_LoRA,0,23.17,55.35,0,0,0,0,ATB_46_2026-08-05.csv
2026-07-05T07:50:25Z,55,OTICE_v5_LoRA,236,0,0,486.4,486.4,24.84,0,ATB_55_2026-08-05.csv
2026-07-05T07:50:51Z,59,OTICE_v5_LoRA,14,23.17,64.23,0,0,0,0,ATB_59_2026-08-05.csv
2026-07-05T07:50:53Z,47,OTICE_v5_LoRA,139,23.12,67.73,573.35,573.35,24.51,0,ATB_47_2026-08-05.csv
2026-07-05T07:50:54Z,46_out,OTICE_v5_LoRA,0,23.17,55.35,0,0,0,0,ATB_46_2026-08-05.csv
2026-07-05T07:51:06Z,54,OTICE_v5_LoRA,0,23.12,63.43,604.95,604.95,24.53,0,ATB_54_2026-08-05.csv
2026-07-05T07:51:24Z,46_out,OTICE_v5_LoRA,0,23.19,55.46,0,0,0,0,ATB_46_2026-08-05.csv
2026-07-05T07:51:25Z,55,OTICE_v5_LoRA,236,0,0,486.82,486.82,24.86,0,ATB_55_2026-08-05.csv
2026-07-05T07:51:51Z,59,OTICE_v5_LoRA,16,23.19,64.03,0,0,0,0,ATB_59_2026-08-05.csv
2026-07-05T07:51:53Z,47,OTICE_v5_LoRA,135,23.14,67.73,571.98,571.98,24.54,0,ATB_47_2026-08-05.csv
2026-07-05T07:51:54Z,46_out,OTICE_v5_LoRA,0,23.17,55.56,0,0,0,0,ATB_46_2026-08-05.csv
2026-07-05T07:52:06Z,54,OTICE_v5_LoRA,0,23.12,63.43,603.91,603.91,24.54,0,ATB_54_2026-08-05.csv
2026-07-05T07:52:24Z,46_out,OTICE_v5_LoRA,0,23.17,55.56,0,0,0,0,ATB_46_2026-08-05.csv
2026-07-05T07:52:26Z,55,OTICE_v5_LoRA,236,0,0,486.05,486.05,24.86,0,ATB_55_2026-08-05.csv
2026-07-05T07:52:51Z,59,OTICE_v5_LoRA,14,23.17,64.14,0,0,0,0,ATB_59_2026-08-05.csv
2026-07-05T07:52:53Z,47,OTICE_v5_LoRA,136,23.14,67.73,572.13,572.13,24.49,0,ATB_47_2026-08-05.csv
2026-07-05T07:52:55Z,46_out,OTICE_v5_LoRA,0,23.19,55.35,0,0,0,0,ATB_46_2026-08-05.csv
2026-07-05T07:53:06Z,54,OTICE_v5_LoRA,0,23.14,63.43,607.63,607.63,24.54,0,ATB_54_2026-08-05.csv
2026-07-05T07:53:25Z,46_out,OTICE_v5_LoRA,0,23.19,55.46,0,0,0,0,ATB_46_2026-08-05.csv
2026-07-05T07:53:25Z,55,OTICE_v5_LoRA,236,0,0,483.2,483.2,24.87,0,ATB_55_2026-08-05.csv
2026-07-05T07:53:51Z,59,OTICE_v5_LoRA,19,23.17,64.33,0,0,0,0,ATB_59_2026-08-05.csv
2026-07-05T07:53:53Z,47,OTICE_v5_LoRA,132,23.14,67.82,569.3,569.3,24.48,0,ATB_47_2026-08-05.csv
2026-07-05T07:53:55Z,46_out,OTICE_v5_LoRA,0,23.17,55.35,0,0,0,0,ATB_46_2026-08-05.csv
2026-07-05T07:54:06Z,54,OTICE_v5_LoRA,0,23.14,63.43,609.04,609.04,24.5,0,ATB_54_2026-08-05.csv
2026-07-05T07:54:25Z,46_out,OTICE_v5_LoRA,0,23.19,55.35,0,0,0,0,ATB_46_2026-08-05.csv
2026-07-05T07:54:25Z,55,OTICE_v5_LoRA,236,0,0,486.51,486.51,24.8,0,ATB_55_2026-08-05.csv
2026-07-05T07:54:51Z,59,OTICE_v5_LoRA,19,23.16,64.53,0,0,0,0,ATB_59_2026-08-05.csv
2026-07-05T07:54:53Z,47,OTICE_v5_LoRA,138,23.14,67.82,572.39,572.39,24.45,0,ATB_47_2026-08-05.csv
2026-07-05T07:54:55Z,46_out,OTICE_v5_LoRA,0,23.19,55.26,0,0,0,0,ATB_46_2026-08-05.csv
2026-07-05T07:55:25Z,46_out,OTICE_v5_LoRA,0,23.2,55.46,0,0,0,0,ATB_46_2026-08-05.csv
2026-07-05T07:55:52Z,59,OTICE_v5_LoRA,21,23.15,64.63,0,0,0,0,ATB_59_2026-08-05.csv
2026-07-05T07:55:53Z,47,OTICE_v5_LoRA,147,23.12,67.82,574.35,574.35,24.48,0,ATB_47_2026-08-05.csv
2026-07-05T07:55:55Z,46_out,OTICE_v5_LoRA,0,23.22,55.35,0,0,0,0,ATB_46_2026-08-05.csv
2026-07-05T07:56:05Z,54,OTICE_v5_LoRA,0,23.16,63.4,606.27,606.27,24.53,0,ATB_54_2026-08-05.csv
2026-07-05T07:56:25Z,46_out,OTICE_v5_LoRA,0,23.22,55.35,0,0,0,0,ATB_46_2026-08-05.csv
2026-07-05T07:56:26Z,55,OTICE_v5_LoRA,0,0,0,481.63,481.63,24.74,0,ATB_55_2026-08-05.csv
2026-07-05T07:56:52Z,59,OTICE_v5_LoRA,18,23.13,64.53,0,0,0,0,ATB_59_2026-08-05.csv
2026-07-05T07:56:53Z,47,OTICE_v5_LoRA,136,23.14,67.82,574.36,574.36,24.51,0,ATB_47_2026-08-05.csv
2026-07-05T07:56:55Z,46_out,OTICE_v5_LoRA,0,23.2,55.56,0,0,0,0,ATB_46_2026-08-05.csv
2026-07-05T07:57:05Z,54,OTICE_v5_LoRA,0,23.16,63.4,605.84,605.84,24.47,0,ATB_54_2026-08-05.csv
2026-07-05T07:57:25Z,46_out,OTICE_v5_LoRA,0,23.2,55.56,0,0,0,0,ATB_46_2026-08-05.csv
2026-07-05T07:57:26Z,55,OTICE_v5_LoRA,0,0,0,480.52,480.52,24.77,0,ATB_55_2026-08-05.csv
2026-07-05T07:57:52Z,59,OTICE_v5_LoRA,23,23.15,64.53,0,0,0,0,ATB_59_2026-08-05.csv
2026-07-05T07:57:53Z,47,OTICE_v5_LoRA,139,23.11,67.82,573.89,573.89,24.4,0,ATB_47_2026-08-05.csv
2026-07-05T07:57:56Z,46_out,OTICE_v5_LoRA,0,23.19,55.65,0,0,0,0,ATB_46_2026-08-05.csv
2026-07-05T07:58:05Z,54,OTICE_v5_LoRA,0,23.16,63.4,603.75,603.75,24.51,0,ATB_54_2026-08-05.csv
2026-07-05T07:58:26Z,46_out,OTICE_v5_LoRA,0,23.19,55.65,0,0,0,0,ATB_46_2026-08-05.csv
2026-07-05T07:58:26Z,55,OTICE_v5_LoRA,0,0,0,486.65,486.65,24.7,0,ATB_55_2026-08-05.csv
2026-07-05T07:58:52Z,59,OTICE_v5_LoRA,25,23.1,64.93,0,0,0,0,ATB_59_2026-08-05.csv
2026-07-05T07:58:53Z,47,OTICE_v5_LoRA,135,23.14,67.93,570.83,570.83,24.48,0,ATB_47_2026-08-05.csv
2026-07-05T07:58:56Z,46_out,OTICE_v5_LoRA,0,23.16,55.56,0,0,0,0,ATB_46_2026-08-05.csv
2026-07-05T07:59:05Z,54,OTICE_v5_LoRA,0,23.21,63.5,607.14,607.14,24.49,0,ATB_54_2026-08-05.csv
2026-07-05T07:59:26Z,46_out,OTICE_v5_LoRA,0,23.17,55.76,0,0,0,0,ATB_46_2026-08-05.csv
2026-07-05T07:59:26Z,55,OTICE_v5_LoRA,0,0,0,486.88,486.88,24.62,0,ATB_55_2026-08-05.csv
2026-07-05T07:59:52Z,59,OTICE_v5_LoRA,29,23.02,65.46,0,0,0,0,ATB_59_2026-08-05.csv
2026-07-05T07:59:54Z,47,OTICE_v5_LoRA,141,23.12,68.32,568.84,568.84,24.29,0,ATB_47_2026-08-05.csv
2026-07-05T07:59:56Z,46_out,OTICE_v5_LoRA,0,23.17,55.85,0,0,0,0,ATB_46_2026-08-05.csv
2026-07-05T08:00:05Z,54,OTICE_v5_LoRA,0,23.18,63.81,606.21,606.21,24.36,0,ATB_54_2026-08-05.csv
2026-07-05T08:00:26Z,46_out,OTICE_v5_LoRA,0,23.17,55.95,0,0,0,0,ATB_46_2026-08-05.csv
2026-07-05T08:00:26Z,55,OTICE_v5_LoRA,0,0,0,490.8,490.8,24.6,0,ATB_55_2026-08-05.csv
2026-07-05T08:00:52Z,59,OTICE_v5_LoRA,19,23.01,65.36,0,0,0,0,ATB_59_2026-08-05.csv
2026-07-05T08:00:53Z,47,OTICE_v5_LoRA,143,23.09,68.32,566.52,566.52,24.28,0,ATB_47_2026-08-05.csv
2026-07-05T08:00:56Z,46_out,OTICE_v5_LoRA,0,23.17,55.85,0,0,0,0,ATB_46_2026-08-05.csv
2026-07-05T08:01:05Z,54,OTICE_v5_LoRA,0,23.19,63.7,606.2,606.2,24.39,0,ATB_54_2026-08-05.csv
2026-07-05T08:01:26Z,46_out,OTICE_v5_LoRA,0,23.16,55.95,0,0,0,0,ATB_46_2026-08-05.csv
2026-07-05T08:01:26Z,55,OTICE_v5_LoRA,0,0,0,491.15,491.15,24.59,0,ATB_55_2026-08-05.csv
2026-07-05T08:01:52Z,59,OTICE_v5_LoRA,22,23.01,65.46,0,0,0,0,ATB_59_2026-08-05.csv
2026-07-05T08:01:54Z,47,OTICE_v5_LoRA,141,23.07,68.53,564.48,564.48,24.16,0,ATB_47_2026-08-05.csv
2026-07-05T08:01:56Z,46_out,OTICE_v5_LoRA,0,23.17,55.85,0,0,0,0,ATB_46_2026-08-05.csv
2026-07-05T08:02:05Z,54,OTICE_v5_LoRA,0,23.16,63.9,603.84,603.84,24.32,0,ATB_54_2026-08-05.csv
2026-07-05T08:02:26Z,46_out,OTICE_v5_LoRA,0,23.16,55.85,0,0,0,0,ATB_46_2026-08-05.csv
2026-07-05T08:02:26Z,55,OTICE_v5_LoRA,0,0,0,494.73,494.73,24.62,0,ATB_55_2026-08-05.csv
2026-07-05T08:02:52Z,59,OTICE_v5_LoRA,19,23,65.56,0,0,0,0,ATB_59_2026-08-05.csv
2026-07-05T08:02:54Z,47,OTICE_v5_LoRA,142,23.05,68.53,566.06,566.06,24.18,0,ATB_47_2026-08-05.csv
2026-07-05T08:02:56Z,46_out,OTICE_v5_LoRA,0,23.17,55.76,0,0,0,0,ATB_46_2026-08-05.csv
2026-07-05T08:03:05Z,54,OTICE_v5_LoRA,0,23.18,63.9,601.66,601.66,24.36,0,ATB_54_2026-08-05.csv
2026-07-05T08:03:26Z,46_out,OTICE_v5_LoRA,0,23.17,55.76,0,0,0,0,ATB_46_2026-08-05.csv
2026-07-05T08:03:26Z,55,OTICE_v5_LoRA,0,0,0,493.66,493.66,24.59,0,ATB_55_2026-08-05.csv
2026-07-05T08:03:52Z,59,OTICE_v5_LoRA,30,22.97,65.86,0,0,0,0,ATB_59_2026-08-05.csv
2026-07-05T08:03:54Z,47,OTICE_v5_LoRA,144,23.07,68.82,564.34,564.34,24.15,0,ATB_47_2026-08-05.csv
2026-07-05T08:03:57Z,46_out,OTICE_v5_LoRA,0,23.16,55.95,0,0,0,0,ATB_46_2026-08-05.csv
2026-07-05T08:04:05Z,54,OTICE_v5_LoRA,0,23.19,63.9,600.38,600.38,24.33,0,ATB_54_2026-08-05.csv
2026-07-05T08:04:26Z,55,OTICE_v5_LoRA,0,0,0,492.02,492.02,24.53,0,ATB_55_2026-08-05.csv
2026-07-05T08:04:27Z,46_out,OTICE_v5_LoRA,0,23.17,55.85,0,0,0,0,ATB_46_2026-08-05.csv
2026-07-05T08:04:52Z,59,OTICE_v5_LoRA,25,22.94,65.76,0,0,0,0,ATB_59_2026-08-05.csv
2026-07-05T08:04:54Z,47,OTICE_v5_LoRA,151,23.08,68.62,566.12,566.12,24.18,0,ATB_47_2026-08-05.csv
2026-07-05T08:04:57Z,46_out,OTICE_v5_LoRA,0,23.17,55.85,0,0,0,0,ATB_46_2026-08-05.csv
2026-07-05T08:05:05Z,54,OTICE_v5_LoRA,0,23.22,63.81,598.53,598.53,24.37,0,ATB_54_2026-08-05.csv
2026-07-05T08:05:26Z,55,OTICE_v5_LoRA,0,0,0,491.88,491.88,24.52,0,ATB_55_2026-08-05.csv
2026-07-05T08:05:27Z,46_out,OTICE_v5_LoRA,0,23.19,55.85,0,0,0,0,ATB_46_2026-08-05.csv
2026-07-05T08:05:52Z,59,OTICE_v5_LoRA,22,22.97,65.56,0,0,0,0,ATB_59_2026-08-05.csv
2026-07-05T08:05:54Z,47,OTICE_v5_LoRA,147,23.05,68.62,568.95,568.95,24.12,0,ATB_47_2026-08-05.csv
2026-07-05T08:05:57Z,46_out,OTICE_v5_LoRA,0,23.2,55.76,0,0,0,0,ATB_46_2026-08-05.csv
2026-07-05T08:06:06Z,54,OTICE_v5_LoRA,0,23.19,63.81,598.61,598.61,24.33,0,ATB_54_2026-08-05.csv
2026-07-05T08:06:26Z,55,OTICE_v5_LoRA,0,0,0,489.52,489.52,24.5,0,ATB_55_2026-08-05.csv
2026-07-05T08:06:27Z,46_out,OTICE_v5_LoRA,0,23.19,55.76,0,0,0,0,ATB_46_2026-08-05.csv
2026-07-05T08:06:53Z,59,OTICE_v5_LoRA,24,22.97,65.86,0,0,0,0,ATB_59_2026-08-05.csv
2026-07-05T08:06:54Z,47,OTICE_v5_LoRA,154,23.08,68.82,569.76,569.76,24.16,0,ATB_47_2026-08-05.csv
2026-07-05T08:06:57Z,46_out,OTICE_v5_LoRA,0,23.19,55.65,0,0,0,0,ATB_46_2026-08-05.csv
2026-07-05T08:07:06Z,54,OTICE_v5_LoRA,0,23.18,64,598.46,598.46,24.32,0,ATB_54_2026-08-05.csv
2026-07-05T08:07:26Z,55,OTICE_v5_LoRA,0,0,0,488.36,488.36,24.6,0,ATB_55_2026-08-05.csv
2026-07-05T08:07:27Z,46_out,OTICE_v5_LoRA,0,23.2,55.56,0,0,0,0,ATB_46_2026-08-05.csv
2026-07-05T08:07:53Z,59,OTICE_v5_LoRA,26,22.98,65.76,0,0,0,0,ATB_59_2026-08-05.csv
2026-07-05T08:07:54Z,47,OTICE_v5_LoRA,147,23.07,68.92,570.7,570.7,24.14,0,ATB_47_2026-08-05.csv
2026-07-05T08:07:57Z,46_out,OTICE_v5_LoRA,0,23.23,55.56,0,0,0,0,ATB_46_2026-08-05.csv
2026-07-05T08:08:06Z,54,OTICE_v5_LoRA,0,23.14,64.44,600.82,600.82,24.22,0,ATB_54_2026-08-05.csv
2026-07-05T08:08:26Z,55,OTICE_v5_LoRA,0,0,0,490.94,490.94,24.6,0,ATB_55_2026-08-05.csv
2026-07-05T08:08:27Z,46_out,OTICE_v5_LoRA,0,23.23,55.56,0,0,0,0,ATB_46_2026-08-05.csv
2026-07-05T08:08:53Z,59,OTICE_v5_LoRA,24,23,65.56,0,0,0,0,ATB_59_2026-08-05.csv
2026-07-05T08:08:54Z,47,OTICE_v5_LoRA,148,23.05,68.82,567.87,567.87,24.18,0,ATB_47_2026-08-05.csv
2026-07-05T08:08:57Z,46_out,OTICE_v5_LoRA,0,23.22,55.65,0,0,0,0,ATB_46_2026-08-05.csv
2026-07-05T08:09:06Z,54,OTICE_v5_LoRA,0,23.14,64.03,601.38,601.38,24.3,0,ATB_54_2026-08-05.csv
2026-07-05T08:09:26Z,55,OTICE_v5_LoRA,0,0,0,492.17,492.17,24.62,0,ATB_55_2026-08-05.csv
2026-07-05T08:09:28Z,46_out,OTICE_v5_LoRA,0,23.23,55.65,0,0,0,0,ATB_46_2026-08-05.csv
2026-07-05T08:09:53Z,59,OTICE_v5_LoRA,21,23.01,65.46,0,0,0,0,ATB_59_2026-08-05.csv
2026-07-05T08:09:54Z,47,OTICE_v5_LoRA,151,23.04,68.82,570.56,570.56,24.15,0,ATB_47_2026-08-05.csv
2026-07-05T08:09:58Z,46_out,OTICE_v5_LoRA,0,23.2,55.56,0,0,0,0,ATB_46_2026-08-05.csv
2026-07-05T08:10:06Z,54,OTICE_v5_LoRA,0,23.12,64.33,599.34,599.34,24.22,0,ATB_54_2026-08-05.csv
2026-07-05T08:10:26Z,55,OTICE_v5_LoRA,0,0,0,491.21,491.21,24.63,0,ATB_55_2026-08-05.csv
2026-07-05T08:10:28Z,46_out,OTICE_v5_LoRA,0,23.2,55.65,0,0,0,0,ATB_46_2026-08-05.csv
2026-07-05T08:10:53Z,59,OTICE_v5_LoRA,26,23,65.66,0,0,0,0,ATB_59_2026-08-05.csv
2026-07-05T08:10:54Z,47,OTICE_v5_LoRA,151,23.04,68.82,569.71,569.71,24.12,0,ATB_47_2026-08-05.csv
2026-07-05T08:10:58Z,46_out,OTICE_v5_LoRA,0,23.2,55.65,0,0,0,0,ATB_46_2026-08-05.csv
2026-07-05T08:11:06Z,54,OTICE_v5_LoRA,0,23.11,64.14,597.34,597.34,24.23,0,ATB_54_2026-08-05.csv
2026-07-05T08:11:26Z,55,OTICE_v5_LoRA,0,0,0,493.05,493.05,24.62,0,ATB_55_2026-08-05.csv
2026-07-05T08:11:28Z,46_out,OTICE_v5_LoRA,0,23.2,55.65,0,0,0,0,ATB_46_2026-08-05.csv
2026-07-05T08:11:53Z,59,OTICE_v5_LoRA,21,23,65.56,0,0,0,0,ATB_59_2026-08-05.csv
2026-07-05T08:11:54Z,47,OTICE_v5_LoRA,151,23.05,68.92,565.82,565.82,24.18,0,ATB_47_2026-08-05.csv
2026-07-05T08:11:58Z,46_out,OTICE_v5_LoRA,0,23.19,55.65,0,0,0,0,ATB_46_2026-08-05.csv
2026-07-05T08:12:06Z,54,OTICE_v5_LoRA,0,23.14,64.33,596.43,596.43,24.26,0,ATB_54_2026-08-05.csv
2026-07-05T08:12:26Z,55,OTICE_v5_LoRA,0,0,0,491.61,491.61,24.62,0,ATB_55_2026-08-05.csv
2026-07-05T08:12:28Z,46_out,OTICE_v5_LoRA,0,23.19,55.65,0,0,0,0,ATB_46_2026-08-05.csv
2026-07-05T08:12:53Z,59,OTICE_v5_LoRA,22,23,65.86,0,0,0,0,ATB_59_2026-08-05.csv
2026-07-05T08:12:55Z,47,OTICE_v5_LoRA,146,23.05,69.02,565.92,565.92,24.14,0,ATB_47_2026-08-05.csv
2026-07-05T08:12:58Z,46_out,OTICE_v5_LoRA,0,23.17,55.76,0,0,0,0,ATB_46_2026-08-05.csv
2026-07-05T08:13:06Z,54,OTICE_v5_LoRA,0,23.15,64.44,597.68,597.68,24.24,0,ATB_54_2026-08-05.csv
2026-07-05T08:13:26Z,55,OTICE_v5_LoRA,0,0,0,489.7,489.7,24.6,0,ATB_55_2026-08-05.csv
2026-07-05T08:13:28Z,46_out,OTICE_v5_LoRA,0,23.19,55.65,0,0,0,0,ATB_46_2026-08-05.csv
2026-07-05T08:13:53Z,59,OTICE_v5_LoRA,22,23.01,65.56,0,0,0,0,ATB_59_2026-08-05.csv
2026-07-05T08:13:55Z,47,OTICE_v5_LoRA,150,23.04,68.82,564.56,564.56,24.19,0,ATB_47_2026-08-05.csv
2026-07-05T08:13:58Z,46_out,OTICE_v5_LoRA,0,23.19,55.76,0,0,0,0,ATB_46_2026-08-05.csv
2026-07-05T08:14:06Z,54,OTICE_v5_LoRA,0,23.14,64.03,597.38,597.38,24.27,0,ATB_54_2026-08-05.csv
2026-07-05T08:14:26Z,55,OTICE_v5_LoRA,0,0,0,488.57,488.57,24.63,0,ATB_55_2026-08-05.csv
2026-07-05T08:14:28Z,46_out,OTICE_v5_LoRA,0,23.17,55.76,0,0,0,0,ATB_46_2026-08-05.csv
2026-07-05T08:14:54Z,59,OTICE_v5_LoRA,26,23.01,65.86,0,0,0,0,ATB_59_2026-08-05.csv
2026-07-05T08:14:55Z,47,OTICE_v5_LoRA,152,23.02,69.02,566.01,566.01,24.09,0,ATB_47_2026-08-05.csv
2026-07-05T08:14:58Z,46_out,OTICE_v5_LoRA,0,23.17,55.76,0,0,0,0,ATB_46_2026-08-05.csv
2026-07-05T08:15:06Z,54,OTICE_v5_LoRA,0,23.09,64.53,599.19,599.19,24.22,0,ATB_54_2026-08-05.csv
2026-07-05T08:15:27Z,55,OTICE_v5_LoRA,0,0,0,487.09,487.09,24.62,0,ATB_55_2026-08-05.csv
2026-07-05T08:15:29Z,46_out,OTICE_v5_LoRA,0,23.16,55.76,0,0,0,0,ATB_46_2026-08-05.csv
2026-07-05T08:15:53Z,59,OTICE_v5_LoRA,22,22.98,65.66,0,0,0,0,ATB_59_2026-08-05.csv
2026-07-05T08:15:55Z,47,OTICE_v5_LoRA,146,23.02,68.82,566.64,566.64,24.18,0,ATB_47_2026-08-05.csv
2026-07-05T08:15:59Z,46_out,OTICE_v5_LoRA,0,23.16,55.76,0,0,0,0,ATB_46_2026-08-05.csv
2026-07-05T08:16:06Z,54,OTICE_v5_LoRA,0,23.11,64.33,598.82,598.82,24.22,0,ATB_54_2026-08-05.csv
2026-07-05T08:16:27Z,55,OTICE_v5_LoRA,0,0,0,487.95,487.95,24.63,0,ATB_55_2026-08-05.csv
2026-07-05T08:16:29Z,46_out,OTICE_v5_LoRA,0,23.16,55.76,0,0,0,0,ATB_46_2026-08-05.csv
2026-07-05T08:16:55Z,47,OTICE_v5_LoRA,151,23.01,68.92,567.75,567.75,24.14,0,ATB_47_2026-08-05.csv
2026-07-05T08:17:06Z,54,OTICE_v5_LoRA,0,23.09,64.44,597.25,597.25,24.22,0,ATB_54_2026-08-05.csv
2026-07-05T08:17:22Z,46_out,OTICE_v5_LoRA,0,23.16,55.85,0,0,0,0,ATB_46_2026-08-05.csv
2026-07-05T08:17:27Z,55,OTICE_v5_LoRA,0,0,0,487.48,487.48,24.63,0,ATB_55_2026-08-05.csv
2026-07-05T08:17:52Z,46_out,OTICE_v5_LoRA,0,23.13,55.85,0,0,0,0,ATB_46_2026-08-05.csv
2026-07-05T08:17:52Z,59,OTICE_v5_LoRA,17,23,65.56,0,0,0,0,ATB_59_2026-08-05.csv
2026-07-05T08:17:55Z,47,OTICE_v5_LoRA,151,23.02,68.92,568.14,568.14,24.14,0,ATB_47_2026-08-05.csv
2026-07-05T08:18:06Z,54,OTICE_v5_LoRA,0,23.11,64.44,598.67,598.67,24.22,0,ATB_54_2026-08-05.csv
2026-07-05T08:18:22Z,46_out,OTICE_v5_LoRA,0,23.15,55.85,0,0,0,0,ATB_46_2026-08-05.csv
2026-07-05T08:18:27Z,55,OTICE_v5_LoRA,0,0,0,484.84,484.84,24.64,0,ATB_55_2026-08-05.csv
2026-07-05T08:18:52Z,46_out,OTICE_v5_LoRA,0,23.13,55.85,0,0,0,0,ATB_46_2026-08-05.csv
2026-07-05T08:18:52Z,59,OTICE_v5_LoRA,20,23.01,65.56,0,0,0,0,ATB_59_2026-08-05.csv
2026-07-05T08:18:55Z,47,OTICE_v5_LoRA,148,23.04,68.92,566.39,566.39,24.16,0,ATB_47_2026-08-05.csv
2026-07-05T08:19:07Z,54,OTICE_v5_LoRA,0,23.12,64.23,598.03,598.03,24.26,0,ATB_54_2026-08-05.csv
2026-07-05T08:19:22Z,46_out,OTICE_v5_LoRA,0,23.15,55.85,0,0,0,0,ATB_46_2026-08-05.csv
2026-07-05T08:19:27Z,55,OTICE_v5_LoRA,0,0,0,487.05,487.05,24.63,0,ATB_55_2026-08-05.csv
2026-07-05T08:19:52Z,46_out,OTICE_v5_LoRA,0,23.15,55.85,0,0,0,0,ATB_46_2026-08-05.csv
2026-07-05T08:19:52Z,59,OTICE_v5_LoRA,20,23.01,65.66,0,0,0,0,ATB_59_2026-08-05.csv
2026-07-05T08:19:55Z,47,OTICE_v5_LoRA,145,23.02,68.92,566.79,566.79,24.14,0,ATB_47_2026-08-05.csv
2026-07-05T08:20:07Z,54,OTICE_v5_LoRA,0,23.09,64.44,599.13,599.13,24.23,0,ATB_54_2026-08-05.csv
2026-07-05T08:20:22Z,46_out,OTICE_v5_LoRA,0,23.15,55.85,0,0,0,0,ATB_46_2026-08-05.csv
2026-07-05T08:20:27Z,55,OTICE_v5_LoRA,0,0,0,490.9,490.9,24.69,0,ATB_55_2026-08-05.csv
2026-07-05T08:20:52Z,59,OTICE_v5_LoRA,24,22.98,65.76,0,0,0,0,ATB_59_2026-08-05.csv
2026-07-05T08:20:53Z,46_out,OTICE_v5_LoRA,0,23.15,55.85,0,0,0,0,ATB_46_2026-08-05.csv
2026-07-05T08:20:56Z,47,OTICE_v5_LoRA,150,23.04,69.12,566.61,566.61,24.12,0,ATB_47_2026-08-05.csv
2026-07-05T08:21:07Z,54,OTICE_v5_LoRA,0,23.11,64.44,597.74,597.74,24.23,0,ATB_54_2026-08-05.csv
2026-07-05T08:21:23Z,46_out,OTICE_v5_LoRA,0,23.13,55.85,0,0,0,0,ATB_46_2026-08-05.csv
2026-07-05T08:21:27Z,55,OTICE_v5_LoRA,0,0,0,490.22,490.22,24.63,0,ATB_55_2026-08-05.csv
2026-07-05T08:21:52Z,59,OTICE_v5_LoRA,22,23.01,65.56,0,0,0,0,ATB_59_2026-08-05.csv
2026-07-05T08:21:53Z,46_out,OTICE_v5_LoRA,0,23.15,55.85,0,0,0,0,ATB_46_2026-08-05.csv
2026-07-05T08:21:56Z,47,OTICE_v5_LoRA,151,23.04,69.02,568.39,568.39,24.19,0,ATB_47_2026-08-05.csv
2026-07-05T08:22:07Z,54,OTICE_v5_LoRA,0,23.12,64.33,600.39,600.39,24.24,0,ATB_54_2026-08-05.csv
2026-07-05T08:22:23Z,46_out,OTICE_v5_LoRA,0,23.15,55.85,0,0,0,0,ATB_46_2026-08-05.csv
2026-07-05T08:22:27Z,55,OTICE_v5_LoRA,0,0,0,486.55,486.55,24.66,0,ATB_55_2026-08-05.csv
2026-07-05T08:22:52Z,59,OTICE_v5_LoRA,19,23.04,65.46,0,0,0,0,ATB_59_2026-08-05.csv
2026-07-05T08:22:53Z,46_out,OTICE_v5_LoRA,0,23.15,55.85,0,0,0,0,ATB_46_2026-08-05.csv
2026-07-05T08:22:56Z,47,OTICE_v5_LoRA,151,23.04,68.82,563.23,563.23,24.22,0,ATB_47_2026-08-05.csv
2026-07-05T08:23:07Z,54,OTICE_v5_LoRA,0,23.12,64.14,600.69,600.69,24.3,0,ATB_54_2026-08-05.csv
2026-07-05T08:23:23Z,46_out,OTICE_v5_LoRA,0,23.15,55.85,0,0,0,0,ATB_46_2026-08-05.csv
2026-07-05T08:23:27Z,55,OTICE_v5_LoRA,0,0,0,482.25,482.25,24.73,0,ATB_55_2026-08-05.csv
2026-07-05T08:23:53Z,46_out,OTICE_v5_LoRA,0,23.16,55.95,0,0,0,0,ATB_46_2026-08-05.csv
2026-07-05T08:23:53Z,59,OTICE_v5_LoRA,15,23.12,64.83,0,0,0,0,ATB_59_2026-08-05.csv
2026-07-05T08:23:56Z,47,OTICE_v5_LoRA,150,23.09,68.32,563.54,563.54,24.38,0,ATB_47_2026-08-05.csv
2026-07-05T08:24:07Z,54,OTICE_v5_LoRA,0,23.16,63.81,600.07,600.07,24.39,0,ATB_54_2026-08-05.csv
2026-07-05T08:24:23Z,46_out,OTICE_v5_LoRA,0,23.16,56.06,0,0,0,0,ATB_46_2026-08-05.csv
2026-07-05T08:24:27Z,55,OTICE_v5_LoRA,65280,0,0,481.09,481.09,24.83,0,ATB_55_2026-08-05.csv
2026-07-05T08:24:53Z,46_out,OTICE_v5_LoRA,0,23.16,55.95,0,0,0,0,ATB_46_2026-08-05.csv
2026-07-05T08:24:53Z,59,OTICE_v5_LoRA,16,23.13,64.93,0,0,0,0,ATB_59_2026-08-05.csv
2026-07-05T08:24:56Z,47,OTICE_v5_LoRA,139,23.12,68.32,566.04,566.04,24.51,0,ATB_47_2026-08-05.csv
2026-07-05T08:25:07Z,54,OTICE_v5_LoRA,0,23.18,63.7,598.65,598.65,24.54,0,ATB_54_2026-08-05.csv
2026-07-05T08:25:23Z,46_out,OTICE_v5_LoRA,0,23.17,55.85,0,0,0,0,ATB_46_2026-08-05.csv
2026-07-05T08:25:27Z,55,OTICE_v5_LoRA,0,0,0,480.7,480.7,24.82,0,ATB_55_2026-08-05.csv
2026-07-05T08:25:53Z,46_out,OTICE_v5_LoRA,0,23.19,55.85,0,0,0,0,ATB_46_2026-08-05.csv
2026-07-05T08:25:53Z,59,OTICE_v5_LoRA,16,23.15,64.83,0,0,0,0,ATB_59_2026-08-05.csv
2026-07-05T08:26:07Z,54,OTICE_v5_LoRA,0,23.18,63.81,599.66,599.66,24.5,0,ATB_54_2026-08-05.csv
2026-07-05T08:26:24Z,46_out,OTICE_v5_LoRA,0,23.2,55.76,0,0,0,0,ATB_46_2026-08-05.csv
2026-07-05T08:26:27Z,55,OTICE_v5_LoRA,0,0,0,478.23,478.23,24.86,0,ATB_55_2026-08-05.csv
2026-07-05T08:26:53Z,59,OTICE_v5_LoRA,23,23.17,64.83,0,0,0,0,ATB_59_2026-08-05.csv
2026-07-05T08:26:54Z,46_out,OTICE_v5_LoRA,0,23.2,55.65,0,0,0,0,ATB_46_2026-08-05.csv
2026-07-05T08:26:54Z,47,OTICE_v5_LoRA,147,23.14,68.23,571.92,571.92,24.48,0,ATB_47_2026-08-05.csv
2026-07-05T08:27:07Z,54,OTICE_v5_LoRA,0,23.19,63.7,598.73,598.73,24.47,0,ATB_54_2026-08-05.csv
2026-07-05T08:27:24Z,46_out,OTICE_v5_LoRA,0,23.2,55.56,0,0,0,0,ATB_46_2026-08-05.csv
2026-07-05T08:27:27Z,55,OTICE_v5_LoRA,0,0,0,479.2,479.2,24.84,0,ATB_55_2026-08-05.csv
2026-07-05T08:27:53Z,59,OTICE_v5_LoRA,23,23.19,64.73,0,0,0,0,ATB_59_2026-08-05.csv
2026-07-05T08:27:54Z,46_out,OTICE_v5_LoRA,0,23.23,55.56,0,0,0,0,ATB_46_2026-08-05.csv
2026-07-05T08:27:54Z,47,OTICE_v5_LoRA,137,23.19,68.02,570.9,570.9,24.54,0,ATB_47_2026-08-05.csv
2026-07-05T08:28:07Z,54,OTICE_v5_LoRA,0,23.19,63.61,598.77,598.77,24.53,0,ATB_54_2026-08-05.csv
2026-07-05T08:28:24Z,46_out,OTICE_v5_LoRA,0,23.23,55.56,0,0,0,0,ATB_46_2026-08-05.csv
2026-07-05T08:28:27Z,55,OTICE_v5_LoRA,0,0,0,476.86,476.86,24.84,0,ATB_55_2026-08-05.csv
2026-07-05T08:28:53Z,59,OTICE_v5_LoRA,13,23.22,64.44,0,0,0,0,ATB_59_2026-08-05.csv
2026-07-05T08:28:54Z,46_out,OTICE_v5_LoRA,0,23.25,55.46,0,0,0,0,ATB_46_2026-08-05.csv
2026-07-05T08:28:54Z,47,OTICE_v5_LoRA,137,23.19,68.02,571.73,571.73,24.56,0,ATB_47_2026-08-05.csv
2026-07-05T08:29:07Z,54,OTICE_v5_LoRA,0,23.22,63.5,595.29,595.29,24.57,0,ATB_54_2026-08-05.csv
2026-07-05T08:29:24Z,46_out,OTICE_v5_LoRA,0,23.25,55.46,0,0,0,0,ATB_46_2026-08-05.csv
2026-07-05T08:29:27Z,55,OTICE_v5_LoRA,0,0,0,476.37,476.37,24.89,0,ATB_55_2026-08-05.csv
2026-07-05T08:29:53Z,59,OTICE_v5_LoRA,12,23.23,64.33,0,0,0,0,ATB_59_2026-08-05.csv
2026-07-05T08:29:54Z,46_out,OTICE_v5_LoRA,0,23.27,55.56,0,0,0,0,ATB_46_2026-08-05.csv
2026-07-05T08:29:54Z,47,OTICE_v5_LoRA,130,23.22,67.73,572.94,572.94,24.59,0,ATB_47_2026-08-05.csv
2026-07-05T08:30:07Z,54,OTICE_v5_LoRA,0,23.23,63.31,596.38,596.38,24.59,0,ATB_54_2026-08-05.csv
2026-07-05T08:30:24Z,46_out,OTICE_v5_LoRA,0,23.25,55.65,0,0,0,0,ATB_46_2026-08-05.csv
2026-07-05T08:30:27Z,55,OTICE_v5_LoRA,0,0,0,480.57,480.57,24.9,0,ATB_55_2026-08-05.csv
2026-07-05T08:30:53Z,59,OTICE_v5_LoRA,15,23.27,64.23,0,0,0,0,ATB_59_2026-08-05.csv
2026-07-05T08:30:54Z,46_out,OTICE_v5_LoRA,0,23.25,55.56,0,0,0,0,ATB_46_2026-08-05.csv
2026-07-05T08:30:54Z,47,OTICE_v5_LoRA,137,23.23,67.73,572.93,572.93,24.6,0,ATB_47_2026-08-05.csv
2026-07-05T08:31:07Z,54,OTICE_v5_LoRA,0,23.23,63.4,597.29,597.29,24.6,0,ATB_54_2026-08-05.csv
2026-07-05T08:31:24Z,46_out,OTICE_v5_LoRA,0,23.25,55.46,0,0,0,0,ATB_46_2026-08-05.csv
2026-07-05T08:31:27Z,55,OTICE_v5_LoRA,0,0,0.16,481.94,481.94,24.94,0,ATB_55_2026-08-05.csv
2026-07-05T08:31:53Z,59,OTICE_v5_LoRA,15,23.27,64.44,0,0,0,0,ATB_59_2026-08-05.csv
2026-07-05T08:31:54Z,46_out,OTICE_v5_LoRA,0,23.23,55.46,0,0,0,0,ATB_46_2026-08-05.csv
2026-07-05T08:31:55Z,47,OTICE_v5_LoRA,137,23.23,67.82,571.36,571.36,24.58,0,ATB_47_2026-08-05.csv
2026-07-05T08:32:07Z,54,OTICE_v5_LoRA,0,23.22,63.4,595.95,595.95,24.61,0,ATB_54_2026-08-05.csv
2026-07-05T08:32:25Z,46_out,OTICE_v5_LoRA,0,23.23,55.56,0,0,0,0,ATB_46_2026-08-05.csv
2026-07-05T08:32:28Z,55,OTICE_v5_LoRA,0,0,0.16,482.77,482.77,24.86,0,ATB_55_2026-08-05.csv
2026-07-05T08:32:53Z,59,OTICE_v5_LoRA,17,23.22,64.63,0,0,0,0,ATB_59_2026-08-05.csv
2026-07-05T08:32:55Z,46_out,OTICE_v5_LoRA,0,23.25,55.56,0,0,0,0,ATB_46_2026-08-05.csv
2026-07-05T08:32:55Z,47,OTICE_v5_LoRA,133,23.22,67.82,572.31,572.31,24.55,0,ATB_47_2026-08-05.csv
2026-07-05T08:33:07Z,54,OTICE_v5_LoRA,0,23.23,63.5,596.35,596.35,24.57,0,ATB_54_2026-08-05.csv
2026-07-05T08:33:25Z,46_out,OTICE_v5_LoRA,0,23.25,55.46,0,0,0,0,ATB_46_2026-08-05.csv
2026-07-05T08:33:28Z,55,OTICE_v5_LoRA,0,0,0.16,481.69,481.69,24.86,0,ATB_55_2026-08-05.csv
2026-07-05T08:33:54Z,59,OTICE_v5_LoRA,19,23.22,64.63,0,0,0,0,ATB_59_2026-08-05.csv
2026-07-05T08:33:55Z,46_out,OTICE_v5_LoRA,0,23.28,55.46,0,0,0,0,ATB_46_2026-08-05.csv
2026-07-05T08:33:55Z,47,OTICE_v5_LoRA,138,23.23,67.93,569.59,569.59,24.62,0,ATB_47_2026-08-05.csv
2026-07-05T08:34:08Z,54,OTICE_v5_LoRA,0,23.25,63.4,598.14,598.14,24.66,0,ATB_54_2026-08-05.csv
2026-07-05T08:34:25Z,46_out,OTICE_v5_LoRA,0,23.28,55.35,0,0,0,0,ATB_46_2026-08-05.csv
2026-07-05T08:34:28Z,55,OTICE_v5_LoRA,0,0,0.16,480.78,480.78,24.89,0,ATB_55_2026-08-05.csv
2026-07-05T08:34:54Z,59,OTICE_v5_LoRA,15,23.25,64.44,0,0,0,0,ATB_59_2026-08-05.csv
2026-07-05T08:34:55Z,46_out,OTICE_v5_LoRA,0,23.27,55.46,0,0,0,0,ATB_46_2026-08-05.csv
2026-07-05T08:34:55Z,47,OTICE_v5_LoRA,131,23.26,67.7,569.53,569.53,24.65,0,ATB_47_2026-08-05.csv
2026-07-05T08:35:08Z,54,OTICE_v5_LoRA,0,23.25,63.4,601.23,601.23,24.68,0,ATB_54_2026-08-05.csv
2026-07-05T08:35:25Z,46_out,OTICE_v5_LoRA,0,23.28,55.35,0,0,0,0,ATB_46_2026-08-05.csv
2026-07-05T08:35:28Z,55,OTICE_v5_LoRA,0,0,0.16,483.12,483.12,24.94,0,ATB_55_2026-08-05.csv
2026-07-05T08:35:54Z,59,OTICE_v5_LoRA,17,23.25,64.53,0,0,0,0,ATB_59_2026-08-05.csv
2026-07-05T08:35:55Z,46_out,OTICE_v5_LoRA,0,23.27,55.56,0,0,0,0,ATB_46_2026-08-05.csv
2026-07-05T08:35:55Z,47,OTICE_v5_LoRA,132,23.26,67.7,565.55,565.55,24.7,0,ATB_47_2026-08-05.csv
2026-07-05T08:36:08Z,54,OTICE_v5_LoRA,0,23.26,63.31,601.14,601.14,24.66,0,ATB_54_2026-08-05.csv
2026-07-05T08:36:25Z,46_out,OTICE_v5_LoRA,0,23.28,55.46,0,0,0,0,ATB_46_2026-08-05.csv
2026-07-05T08:36:28Z,55,OTICE_v5_LoRA,0,0,0.16,482.39,482.39,24.93,0,ATB_55_2026-08-05.csv
2026-07-05T08:36:54Z,59,OTICE_v5_LoRA,19,23.27,64.53,0,0,0,0,ATB_59_2026-08-05.csv
2026-07-05T08:36:55Z,46_out,OTICE_v5_LoRA,0,23.28,55.46,0,0,0,0,ATB_46_2026-08-05.csv
2026-07-05T08:36:55Z,47,OTICE_v5_LoRA,127,23.27,67.7,566.95,566.95,24.63,0,ATB_47_2026-08-05.csv
2026-07-05T08:37:08Z,54,OTICE_v5_LoRA,0,23.29,63.4,601.3,601.3,24.67,0,ATB_54_2026-08-05.csv
2026-07-05T08:37:25Z,46_out,OTICE_v5_LoRA,0,23.27,55.46,0,0,0,0,ATB_46_2026-08-05.csv
2026-07-05T08:37:28Z,55,OTICE_v5_LoRA,0,0,0,483.21,483.21,24.89,0,ATB_55_2026-08-05.csv
2026-07-05T08:37:54Z,59,OTICE_v5_LoRA,18,23.28,64.53,0,0,0,0,ATB_59_2026-08-05.csv
2026-07-05T08:37:55Z,47,OTICE_v5_LoRA,132,23.26,67.79,568.12,568.12,24.59,0,ATB_47_2026-08-05.csv
2026-07-05T08:37:56Z,46_out,OTICE_v5_LoRA,0,23.28,55.35,0,0,0,0,ATB_46_2026-08-05.csv
2026-07-05T08:38:08Z,54,OTICE_v5_LoRA,0,23.26,63.4,600.48,600.48,24.67,0,ATB_54_2026-08-05.csv
2026-07-05T08:38:26Z,46_out,OTICE_v5_LoRA,0,23.3,55.46,0,0,0,0,ATB_46_2026-08-05.csv
2026-07-05T08:38:28Z,55,OTICE_v5_LoRA,0,0,0,478.56,478.56,24.94,0,ATB_55_2026-08-05.csv
2026-07-05T08:38:54Z,59,OTICE_v5_LoRA,14,23.3,64.23,0,0,0,0,ATB_59_2026-08-05.csv
2026-07-05T08:38:55Z,47,OTICE_v5_LoRA,128,23.26,67.89,568.14,568.14,24.66,0,ATB_47_2026-08-05.csv
2026-07-05T08:38:56Z,46_out,OTICE_v5_LoRA,0,23.3,55.56,0,0,0,0,ATB_46_2026-08-05.csv
2026-07-05T08:39:08Z,54,OTICE_v5_LoRA,0,23.26,63.61,599.44,599.44,24.63,0,ATB_54_2026-08-05.csv
2026-07-05T08:39:26Z,46_out,OTICE_v5_LoRA,0,23.3,55.46,0,0,0,0,ATB_46_2026-08-05.csv
2026-07-05T08:39:28Z,55,OTICE_v5_LoRA,0,0,0,479.31,479.31,24.96,0,ATB_55_2026-08-05.csv
2026-07-05T08:39:54Z,59,OTICE_v5_LoRA,10,23.28,64.44,0,0,0,0,ATB_59_2026-08-05.csv
2026-07-05T08:39:55Z,47,OTICE_v5_LoRA,130,23.26,67.99,565.09,565.09,24.58,0,ATB_47_2026-08-05.csv
2026-07-05T08:39:56Z,46_out,OTICE_v5_LoRA,0,23.3,55.46,0,0,0,0,ATB_46_2026-08-05.csv
2026-07-05T08:40:08Z,54,OTICE_v5_LoRA,0,23.26,63.61,598.56,598.56,24.63,0,ATB_54_2026-08-05.csv
2026-07-05T08:40:26Z,46_out,OTICE_v5_LoRA,0,23.3,55.46,0,0,0,0,ATB_46_2026-08-05.csv
2026-07-05T08:40:28Z,55,OTICE_v5_LoRA,0,0,0,480.18,480.18,24.96,0,ATB_55_2026-08-05.csv
2026-07-05T08:40:54Z,59,OTICE_v5_LoRA,7,23.31,64.03,0,0,0,0,ATB_59_2026-08-05.csv
2026-07-05T08:40:55Z,47,OTICE_v5_LoRA,129,23.27,67.89,565.81,565.81,24.65,0,ATB_47_2026-08-05.csv
2026-07-05T08:40:56Z,46_out,OTICE_v5_LoRA,0,23.3,55.56,0,0,0,0,ATB_46_2026-08-05.csv
2026-07-05T08:41:08Z,54,OTICE_v5_LoRA,0,23.3,63.61,598.77,598.77,24.67,0,ATB_54_2026-08-05.csv
2026-07-05T08:41:26Z,46_out,OTICE_v5_LoRA,0,23.28,55.56,0,0,0,0,ATB_46_2026-08-05.csv
2026-07-05T08:41:28Z,55,OTICE_v5_LoRA,0,0,0,483.52,483.52,24.98,0,ATB_55_2026-08-05.csv
2026-07-05T08:41:55Z,47,OTICE_v5_LoRA,133,23.29,67.99,567.49,567.49,24.6,0,ATB_47_2026-08-05.csv
2026-07-05T08:41:55Z,59,OTICE_v5_LoRA,22,23.28,64.63,0,0,0,0,ATB_59_2026-08-05.csv
2026-07-05T08:41:56Z,46_out,OTICE_v5_LoRA,0,23.3,55.76,0,0,0,0,ATB_46_2026-08-05.csv
2026-07-05T08:42:08Z,54,OTICE_v5_LoRA,0,23.29,63.5,599.95,599.95,24.63,0,ATB_54_2026-08-05.csv
2026-07-05T08:42:26Z,46_out,OTICE_v5_LoRA,0,23.3,55.76,0,0,0,0,ATB_46_2026-08-05.csv
2026-07-05T08:42:28Z,55,OTICE_v5_LoRA,0,0,0,485.62,485.62,24.98,0,ATB_55_2026-08-05.csv
2026-07-05T08:42:55Z,59,OTICE_v5_LoRA,12,23.31,64.53,0,0,0,0,ATB_59_2026-08-05.csv
2026-07-05T08:42:56Z,46_out,OTICE_v5_LoRA,0,23.27,55.76,0,0,0,0,ATB_46_2026-08-05.csv
2026-07-05T08:42:56Z,47,OTICE_v5_LoRA,136,23.27,67.89,569.51,569.51,24.56,0,ATB_47_2026-08-05.csv
2026-07-05T08:43:08Z,54,OTICE_v5_LoRA,0,23.3,63.7,597.51,597.51,24.61,0,ATB_54_2026-08-05.csv
2026-07-05T08:43:27Z,46_out,OTICE_v5_LoRA,0,23.28,55.76,0,0,0,0,ATB_46_2026-08-05.csv
2026-07-05T08:43:28Z,55,OTICE_v5_LoRA,0,0,0,484.9,484.9,24.96,0,ATB_55_2026-08-05.csv
2026-07-05T08:43:55Z,59,OTICE_v5_LoRA,13,23.32,64.3,0,0,0,0,ATB_59_2026-08-05.csv
2026-07-05T08:43:56Z,47,OTICE_v5_LoRA,133,23.3,67.99,571.81,571.81,24.62,0,ATB_47_2026-08-05.csv
2026-07-05T08:43:57Z,46_out,OTICE_v5_LoRA,0,23.27,55.76,0,0,0,0,ATB_46_2026-08-05.csv
2026-07-05T08:44:08Z,54,OTICE_v5_LoRA,0,23.29,63.61,600.01,600.01,24.61,0,ATB_54_2026-08-05.csv
2026-07-05T08:44:27Z,46_out,OTICE_v5_LoRA,0,23.28,55.76,0,0,0,0,ATB_46_2026-08-05.csv
2026-07-05T08:44:28Z,55,OTICE_v5_LoRA,0,0,0,485.88,485.88,25.02,0,ATB_55_2026-08-05.csv
2026-07-05T08:44:55Z,59,OTICE_v5_LoRA,17,23.32,64.3,0,0,0,0,ATB_59_2026-08-05.csv
2026-07-05T08:44:56Z,47,OTICE_v5_LoRA,133,23.29,67.99,573.37,573.37,24.6,0,ATB_47_2026-08-05.csv
2026-07-05T08:44:57Z,46_out,OTICE_v5_LoRA,0,23.28,55.85,0,0,0,0,ATB_46_2026-08-05.csv
2026-07-05T08:45:08Z,54,OTICE_v5_LoRA,0,23.3,63.7,599.58,599.58,24.63,0,ATB_54_2026-08-05.csv
2026-07-05T08:45:27Z,46_out,OTICE_v5_LoRA,0,23.28,55.76,0,0,0,0,ATB_46_2026-08-05.csv
2026-07-05T08:45:28Z,55,OTICE_v5_LoRA,0,0,0,485.64,485.64,24.97,0,ATB_55_2026-08-05.csv
2026-07-05T08:45:55Z,59,OTICE_v5_LoRA,21,23.31,64.73,0,0,0,0,ATB_59_2026-08-05.csv
2026-07-05T08:45:56Z,47,OTICE_v5_LoRA,136,23.3,67.99,573.7,573.7,24.59,0,ATB_47_2026-08-05.csv
2026-07-05T08:45:57Z,46_out,OTICE_v5_LoRA,0,23.28,55.76,0,0,0,0,ATB_46_2026-08-05.csv
2026-07-05T08:46:08Z,54,OTICE_v5_LoRA,0,23.33,63.61,601.32,601.32,24.68,0,ATB_54_2026-08-05.csv
2026-07-05T08:46:27Z,46_out,OTICE_v5_LoRA,0,23.3,55.76,0,0,0,0,ATB_46_2026-08-05.csv
2026-07-05T08:46:28Z,55,OTICE_v5_LoRA,0,0,0,483.69,483.69,24.96,0,ATB_55_2026-08-05.csv
2026-07-05T08:46:55Z,59,OTICE_v5_LoRA,17,23.32,64.8,0,0,0,0,ATB_59_2026-08-05.csv
2026-07-05T08:46:56Z,47,OTICE_v5_LoRA,132,23.31,67.99,571.22,571.22,24.58,0,ATB_47_2026-08-05.csv
2026-07-05T08:46:57Z,46_out,OTICE_v5_LoRA,0,23.28,55.95,0,0,0,0,ATB_46_2026-08-05.csv
2026-07-05T08:47:08Z,54,OTICE_v5_LoRA,0,23.33,63.7,602.72,602.72,24.67,0,ATB_54_2026-08-05.csv
2026-07-05T08:47:27Z,46_out,OTICE_v5_LoRA,0,23.28,55.95,0,0,0,0,ATB_46_2026-08-05.csv
2026-07-05T08:47:28Z,55,OTICE_v5_LoRA,0,0,0,483.14,483.14,24.98,0,ATB_55_2026-08-05.csv
2026-07-05T08:47:55Z,59,OTICE_v5_LoRA,18,23.31,64.73,0,0,0,0,ATB_59_2026-08-05.csv
2026-07-05T08:47:56Z,47,OTICE_v5_LoRA,125,23.33,67.99,571.2,571.2,24.65,0,ATB_47_2026-08-05.csv
2026-07-05T08:47:57Z,46_out,OTICE_v5_LoRA,0,23.28,55.95,0,0,0,0,ATB_46_2026-08-05.csv
2026-07-05T08:48:08Z,54,OTICE_v5_LoRA,0,23.31,63.61,605.5,605.5,24.64,0,ATB_54_2026-08-05.csv
2026-07-05T08:48:27Z,46_out,OTICE_v5_LoRA,0,23.28,55.95,0,0,0,0,ATB_46_2026-08-05.csv
2026-07-05T08:48:28Z,55,OTICE_v5_LoRA,0,0,0,484.41,484.41,24.98,0,ATB_55_2026-08-05.csv
2026-07-05T08:48:55Z,59,OTICE_v5_LoRA,17,23.32,64.5,0,0,0,0,ATB_59_2026-08-05.csv
2026-07-05T08:48:56Z,47,OTICE_v5_LoRA,130,23.33,67.99,571.42,571.42,24.65,0,ATB_47_2026-08-05.csv
2026-07-05T08:48:57Z,46_out,OTICE_v5_LoRA,0,23.28,55.85,0,0,0,0,ATB_46_2026-08-05.csv
2026-07-05T08:49:09Z,54,OTICE_v5_LoRA,0,23.33,63.7,603.96,603.96,24.66,0,ATB_54_2026-08-05.csv
2026-07-05T08:49:28Z,46_out,OTICE_v5_LoRA,0,23.28,55.85,0,0,0,0,ATB_46_2026-08-05.csv
2026-07-05T08:49:28Z,55,OTICE_v5_LoRA,0,0,0,485.95,485.95,25,0,ATB_55_2026-08-05.csv
2026-07-05T08:49:55Z,59,OTICE_v5_LoRA,16,23.34,64.8,0,0,0,0,ATB_59_2026-08-05.csv
2026-07-05T08:49:56Z,47,OTICE_v5_LoRA,135,23.33,67.99,572.63,572.63,24.63,0,ATB_47_2026-08-05.csv
2026-07-05T08:49:58Z,46_out,OTICE_v5_LoRA,0,23.28,55.95,0,0,0,0,ATB_46_2026-08-05.csv
2026-07-05T08:50:09Z,54,OTICE_v5_LoRA,0,23.34,63.7,604.67,604.67,24.67,0,ATB_54_2026-08-05.csv
2026-07-05T08:50:28Z,46_out,OTICE_v5_LoRA,0,23.3,56.06,0,0,0,0,ATB_46_2026-08-05.csv
2026-07-05T08:50:29Z,55,OTICE_v5_LoRA,0,0,0,486.88,486.88,24.98,0,ATB_55_2026-08-05.csv
2026-07-05T08:50:55Z,59,OTICE_v5_LoRA,19,23.34,64.8,0,0,0,0,ATB_59_2026-08-05.csv
2026-07-05T08:50:56Z,47,OTICE_v5_LoRA,135,23.31,68.19,572.88,572.88,24.62,0,ATB_47_2026-08-05.csv
2026-07-05T08:50:58Z,46_out,OTICE_v5_LoRA,0,23.28,55.95,0,0,0,0,ATB_46_2026-08-05.csv
2026-07-05T08:51:09Z,54,OTICE_v5_LoRA,0,23.33,63.81,605.34,605.34,24.68,0,ATB_54_2026-08-05.csv
2026-07-05T08:51:28Z,46_out,OTICE_v5_LoRA,0,23.3,55.95,0,0,0,0,ATB_46_2026-08-05.csv
2026-07-05T08:51:29Z,55,OTICE_v5_LoRA,0,0,0,482.88,482.88,24.97,0,ATB_55_2026-08-05.csv
2026-07-05T08:51:56Z,47,OTICE_v5_LoRA,134,23.31,68.19,572.44,572.44,24.63,0,ATB_47_2026-08-05.csv
2026-07-05T08:51:56Z,59,OTICE_v5_LoRA,8,23.35,64.11,0,0,0,0,ATB_59_2026-08-05.csv
2026-07-05T08:51:58Z,46_out,OTICE_v5_LoRA,0,23.3,56.06,0,0,0,0,ATB_46_2026-08-05.csv
2026-07-05T08:52:09Z,54,OTICE_v5_LoRA,0,23.34,63.81,604.94,604.94,24.66,0,ATB_54_2026-08-05.csv
2026-07-05T08:52:28Z,46_out,OTICE_v5_LoRA,0,23.3,56.15,0,0,0,0,ATB_46_2026-08-05.csv
2026-07-05T08:52:29Z,55,OTICE_v5_LoRA,0,0,0,483.56,483.56,25.04,0,ATB_55_2026-08-05.csv
2026-07-05T08:52:56Z,47,OTICE_v5_LoRA,132,23.37,68.09,573.99,573.99,24.7,0,ATB_47_2026-08-05.csv
2026-07-05T08:52:56Z,59,OTICE_v5_LoRA,11,23.37,64.2,0,0,0,0,ATB_59_2026-08-05.csv
2026-07-05T08:52:58Z,46_out,OTICE_v5_LoRA,0,23.3,56.06,0,0,0,0,ATB_46_2026-08-05.csv
2026-07-05T08:53:09Z,54,OTICE_v5_LoRA,0,23.36,63.81,603.82,603.82,24.77,0,ATB_54_2026-08-05.csv
2026-07-05T08:53:28Z,46_out,OTICE_v5_LoRA,0,23.31,56.15,0,0,0,0,ATB_46_2026-08-05.csv
2026-07-05T08:53:29Z,55,OTICE_v5_LoRA,0,0,0,482.45,482.45,25.04,0,ATB_55_2026-08-05.csv
2026-07-05T08:53:56Z,47,OTICE_v5_LoRA,131,23.38,68.19,574.27,574.27,24.72,0,ATB_47_2026-08-05.csv
2026-07-05T08:53:56Z,59,OTICE_v5_LoRA,19,23.38,64.41,0,0,0,0,ATB_59_2026-08-05.csv
2026-07-05T08:53:58Z,46_out,OTICE_v5_LoRA,0,23.3,56.15,0,0,0,0,ATB_46_2026-08-05.csv
2026-07-05T08:54:09Z,54,OTICE_v5_LoRA,0,23.37,63.81,600.84,600.84,24.75,0,ATB_54_2026-08-05.csv
2026-07-05T08:54:28Z,46_out,OTICE_v5_LoRA,0,23.31,55.95,0,0,0,0,ATB_46_2026-08-05.csv
2026-07-05T08:54:29Z,55,OTICE_v5_LoRA,0,0,0,482.65,482.65,25.07,0,ATB_55_2026-08-05.csv
2026-07-05T08:54:56Z,59,OTICE_v5_LoRA,24,23.39,64.7,0,0,0,0,ATB_59_2026-08-05.csv
2026-07-05T08:54:58Z,46_out,OTICE_v5_LoRA,0,23.32,56.03,0,0,0,0,ATB_46_2026-08-05.csv
2026-07-05T08:55:06Z,47,OTICE_v5_LoRA,133,23.38,68.09,577.97,577.97,24.65,0,ATB_47_2026-08-05.csv
2026-07-05T08:55:29Z,46_out,OTICE_v5_LoRA,0,23.32,56.13,0,0,0,0,ATB_46_2026-08-05.csv
2026-07-05T08:55:56Z,59,OTICE_v5_LoRA,21,23.37,65,0,0,0,0,ATB_59_2026-08-05.csv
2026-07-05T08:55:59Z,46_out,OTICE_v5_LoRA,0,23.32,56.23,0,0,0,0,ATB_46_2026-08-05.csv
2026-07-05T08:56:06Z,47,OTICE_v5_LoRA,132,23.39,68.19,580.45,580.45,24.66,0,ATB_47_2026-08-05.csv
2026-07-05T08:56:08Z,54,OTICE_v5_LoRA,0,23.41,63.78,597.64,597.64,24.74,0,ATB_54_2026-08-05.csv
2026-07-05T08:56:29Z,46_out,OTICE_v5_LoRA,0,23.32,56.23,0,0,0,0,ATB_46_2026-08-05.csv
2026-07-05T08:56:29Z,55,OTICE_v5_LoRA,0,0,0,473.92,473.92,24.93,0,ATB_55_2026-08-05.csv
2026-07-05T08:56:56Z,59,OTICE_v5_LoRA,21,23.37,65.2,0,0,0,0,ATB_59_2026-08-05.csv
2026-07-05T08:56:59Z,46_out,OTICE_v5_LoRA,0,23.32,56.32,0,0,0,0,ATB_46_2026-08-05.csv
2026-07-05T08:57:06Z,47,OTICE_v5_LoRA,133,23.38,68.29,576.8,576.8,24.6,0,ATB_47_2026-08-05.csv
2026-07-05T08:57:08Z,54,OTICE_v5_LoRA,0,23.4,63.87,592.03,592.03,24.67,0,ATB_54_2026-08-05.csv
2026-07-05T08:57:29Z,46_out,OTICE_v5_LoRA,0,23.32,56.13,0,0,0,0,ATB_46_2026-08-05.csv
2026-07-05T08:57:29Z,55,OTICE_v5_LoRA,0,0,0,475.93,475.93,24.94,0,ATB_55_2026-08-05.csv
2026-07-05T08:57:56Z,59,OTICE_v5_LoRA,23,23.35,65.4,0,0,0,0,ATB_59_2026-08-05.csv
2026-07-05T08:57:59Z,46_out,OTICE_v5_LoRA,0,23.32,56.13,0,0,0,0,ATB_46_2026-08-05.csv
2026-07-05T08:58:06Z,47,OTICE_v5_LoRA,133,23.37,68.49,577.01,577.01,24.58,0,ATB_47_2026-08-05.csv
2026-07-05T08:58:08Z,54,OTICE_v5_LoRA,0,23.44,64.07,590.94,590.94,24.71,0,ATB_54_2026-08-05.csv
2026-07-05T08:58:29Z,46_out,OTICE_v5_LoRA,0,23.32,56.13,0,0,0,0,ATB_46_2026-08-05.csv
2026-07-05T08:58:29Z,55,OTICE_v5_LoRA,0,0,0,477.98,477.98,24.9,0,ATB_55_2026-08-05.csv
2026-07-05T08:58:56Z,59,OTICE_v5_LoRA,21,23.32,65.5,0,0,0,0,ATB_59_2026-08-05.csv
2026-07-05T08:58:59Z,46_out,OTICE_v5_LoRA,0,23.34,56.32,0,0,0,0,ATB_46_2026-08-05.csv
2026-07-05T08:59:06Z,47,OTICE_v5_LoRA,138,23.37,68.59,575.75,575.75,24.56,0,ATB_47_2026-08-05.csv
2026-07-05T08:59:08Z,54,OTICE_v5_LoRA,0,23.41,64.07,591.62,591.62,24.66,0,ATB_54_2026-08-05.csv
2026-07-05T08:59:29Z,46_out,OTICE_v5_LoRA,0,23.32,56.23,0,0,0,0,ATB_46_2026-08-05.csv
2026-07-05T08:59:29Z,55,OTICE_v5_LoRA,0,0,0,478.16,478.16,24.84,0,ATB_55_2026-08-05.csv
2026-07-05T08:59:56Z,59,OTICE_v5_LoRA,22,23.3,65.63,0,0,0,0,ATB_59_2026-08-05.csv
2026-07-05T08:59:59Z,46_out,OTICE_v5_LoRA,0,23.31,56.45,0,0,0,0,ATB_46_2026-08-05.csv
2026-07-05T09:00:06Z,47,OTICE_v5_LoRA,137,23.37,68.79,577.8,577.8,24.52,0,ATB_47_2026-08-05.csv
2026-07-05T09:00:08Z,54,OTICE_v5_LoRA,0,23.41,64.27,593.24,593.24,24.64,0,ATB_54_2026-08-05.csv
2026-07-05T09:00:29Z,46_out,OTICE_v5_LoRA,0,23.32,56.23,0,0,0,0,ATB_46_2026-08-05.csv
2026-07-05T09:00:29Z,55,OTICE_v5_LoRA,0,0,0,476.95,476.95,24.82,0,ATB_55_2026-08-05.csv
2026-07-05T09:00:56Z,59,OTICE_v5_LoRA,16,23.28,65.83,0,0,0,0,ATB_59_2026-08-05.csv
2026-07-05T09:00:59Z,46_out,OTICE_v5_LoRA,0,23.3,56.45,0,0,0,0,ATB_46_2026-08-05.csv
2026-07-05T09:01:06Z,47,OTICE_v5_LoRA,143,23.34,68.79,576.4,576.4,24.58,0,ATB_47_2026-08-05.csv
2026-07-05T09:01:08Z,54,OTICE_v5_LoRA,0,23.41,64.17,595.65,595.65,24.67,0,ATB_54_2026-08-05.csv
2026-07-05T09:01:29Z,55,OTICE_v5_LoRA,63489,0,0,476.96,476.96,24.8,0,ATB_55_2026-08-05.csv
2026-07-05T09:01:30Z,46_out,OTICE_v5_LoRA,0,23.32,56.43,0,0,0,0,ATB_46_2026-08-05.csv
2026-07-05T09:01:57Z,59,OTICE_v5_LoRA,22,23.3,65.83,0,0,0,0,ATB_59_2026-08-05.csv
2026-07-05T09:02:00Z,46_out,OTICE_v5_LoRA,0,23.31,56.35,0,0,0,0,ATB_46_2026-08-05.csv
2026-07-05T09:02:07Z,47,OTICE_v5_LoRA,137,23.34,68.79,572.01,572.01,24.55,0,ATB_47_2026-08-05.csv
2026-07-05T09:02:09Z,54,OTICE_v5_LoRA,0,23.44,64.27,596.65,596.65,24.66,0,ATB_54_2026-08-05.csv
2026-07-05T09:02:29Z,55,OTICE_v5_LoRA,0,0,0,475.65,475.65,24.84,0,ATB_55_2026-08-05.csv
2026-07-05T09:02:30Z,46_out,OTICE_v5_LoRA,0,23.32,56.43,0,0,0,0,ATB_46_2026-08-05.csv
2026-07-05T09:02:57Z,59,OTICE_v5_LoRA,26,23.25,66.13,0,0,0,0,ATB_59_2026-08-05.csv
2026-07-05T09:03:00Z,46_out,OTICE_v5_LoRA,0,23.31,56.45,0,0,0,0,ATB_46_2026-08-05.csv
2026-07-05T09:03:07Z,47,OTICE_v5_LoRA,134,23.33,68.99,569.8,569.8,24.45,0,ATB_47_2026-08-05.csv
2026-07-05T09:03:09Z,54,OTICE_v5_LoRA,0,23.44,64.37,598.31,598.31,24.66,0,ATB_54_2026-08-05.csv
2026-07-05T09:03:29Z,55,OTICE_v5_LoRA,0,0,0,476.39,476.39,24.76,0,ATB_55_2026-08-05.csv
2026-07-05T09:03:30Z,46_out,OTICE_v5_LoRA,0,23.31,56.65,0,0,0,0,ATB_46_2026-08-05.csv
2026-07-05T09:03:57Z,59,OTICE_v5_LoRA,23,23.23,65.93,0,0,0,0,ATB_59_2026-08-05.csv
2026-07-05T09:04:00Z,46_out,OTICE_v5_LoRA,0,23.31,56.75,0,0,0,0,ATB_46_2026-08-05.csv
2026-07-05T09:04:07Z,47,OTICE_v5_LoRA,141,23.34,68.69,566.22,566.22,24.54,0,ATB_47_2026-08-05.csv
2026-07-05T09:04:09Z,54,OTICE_v5_LoRA,0,23.43,63.97,600.01,600.01,24.7,0,ATB_54_2026-08-05.csv
2026-07-05T09:04:29Z,55,OTICE_v5_LoRA,0,0,0,476.34,476.34,24.83,0,ATB_55_2026-08-05.csv
2026-07-05T09:04:30Z,46_out,OTICE_v5_LoRA,0,23.31,56.45,0,0,0,0,ATB_46_2026-08-05.csv
2026-07-05T09:04:57Z,59,OTICE_v5_LoRA,17,23.23,65.83,0,0,0,0,ATB_59_2026-08-05.csv
2026-07-05T09:05:00Z,46_out,OTICE_v5_LoRA,0,23.28,56.65,0,0,0,0,ATB_46_2026-08-05.csv
2026-07-05T09:05:07Z,47,OTICE_v5_LoRA,142,23.33,68.89,566.06,566.06,24.43,0,ATB_47_2026-08-05.csv
2026-07-05T09:05:09Z,54,OTICE_v5_LoRA,0,23.44,64.27,601.35,601.35,24.54,0,ATB_54_2026-08-05.csv
2026-07-05T09:05:30Z,46_out,OTICE_v5_LoRA,0,23.3,56.45,0,0,0,0,ATB_46_2026-08-05.csv
2026-07-05T09:05:30Z,55,OTICE_v5_LoRA,0,0,0,475.68,475.68,24.8,0,ATB_55_2026-08-05.csv
2026-07-05T09:05:57Z,59,OTICE_v5_LoRA,21,23.23,65.83,0,0,0,0,ATB_59_2026-08-05.csv
2026-07-05T09:06:00Z,46_out,OTICE_v5_LoRA,0,23.3,56.45,0,0,0,0,ATB_46_2026-08-05.csv
2026-07-05T09:06:07Z,47,OTICE_v5_LoRA,138,23.3,68.89,566.44,566.44,24.38,0,ATB_47_2026-08-05.csv
2026-07-05T09:06:09Z,54,OTICE_v5_LoRA,0,23.43,64.17,599.92,599.92,24.59,0,ATB_54_2026-08-05.csv
2026-07-05T09:06:30Z,46_out,OTICE_v5_LoRA,0,23.3,56.25,0,0,0,0,ATB_46_2026-08-05.csv
2026-07-05T09:06:30Z,55,OTICE_v5_LoRA,0,0,0,476.61,476.61,24.8,0,ATB_55_2026-08-05.csv
2026-07-05T09:06:57Z,59,OTICE_v5_LoRA,19,23.23,65.83,0,0,0,0,ATB_59_2026-08-05.csv
2026-07-05T09:07:01Z,46_out,OTICE_v5_LoRA,0,23.3,56.25,0,0,0,0,ATB_46_2026-08-05.csv
2026-07-05T09:07:07Z,47,OTICE_v5_LoRA,141,23.33,68.89,563.79,563.79,24.43,0,ATB_47_2026-08-05.csv
2026-07-05T09:07:09Z,54,OTICE_v5_LoRA,0,23.4,64.17,601.63,601.63,24.57,0,ATB_54_2026-08-05.csv
2026-07-05T09:07:30Z,55,OTICE_v5_LoRA,0,0,0,478.65,478.65,24.84,0,ATB_55_2026-08-05.csv
2026-07-05T09:07:31Z,46_out,OTICE_v5_LoRA,0,23.28,56.35,0,0,0,0,ATB_46_2026-08-05.csv
2026-07-05T09:07:57Z,59,OTICE_v5_LoRA,23,23.25,65.73,0,0,0,0,ATB_59_2026-08-05.csv
2026-07-05T09:08:01Z,46_out,OTICE_v5_LoRA,0,23.3,56.35,0,0,0,0,ATB_46_2026-08-05.csv
2026-07-05T09:08:07Z,47,OTICE_v5_LoRA,137,23.31,68.79,566.88,566.88,24.39,0,ATB_47_2026-08-05.csv
2026-07-05T09:08:09Z,54,OTICE_v5_LoRA,0,23.37,64.2,602.47,602.47,24.53,0,ATB_54_2026-08-05.csv
2026-07-05T09:08:30Z,55,OTICE_v5_LoRA,0,0,0,480.78,480.78,24.82,0,ATB_55_2026-08-05.csv
2026-07-05T09:08:31Z,46_out,OTICE_v5_LoRA,0,23.28,56.35,0,0,0,0,ATB_46_2026-08-05.csv
2026-07-05T09:08:57Z,59,OTICE_v5_LoRA,17,23.27,65.53,0,0,0,0,ATB_59_2026-08-05.csv
2026-07-05T09:09:01Z,46_out,OTICE_v5_LoRA,0,23.28,56.45,0,0,0,0,ATB_46_2026-08-05.csv
2026-07-05T09:09:07Z,47,OTICE_v5_LoRA,135,23.31,68.69,566.44,566.44,24.46,0,ATB_47_2026-08-05.csv
2026-07-05T09:09:09Z,54,OTICE_v5_LoRA,0,23.37,64.11,604.56,604.56,24.53,0,ATB_54_2026-08-05.csv
2026-07-05T09:09:30Z,55,OTICE_v5_LoRA,0,0,0,478.59,478.59,24.82,0,ATB_55_2026-08-05.csv
2026-07-05T09:09:31Z,46_out,OTICE_v5_LoRA,0,23.28,56.35,0,0,0,0,ATB_46_2026-08-05.csv
2026-07-05T09:09:58Z,59,OTICE_v5_LoRA,23,23.25,65.83,0,0,0,0,ATB_59_2026-08-05.csv
2026-07-05T09:10:01Z,46_out,OTICE_v5_LoRA,0,23.3,56.35,0,0,0,0,ATB_46_2026-08-05.csv
2026-07-05T09:10:08Z,47,OTICE_v5_LoRA,140,23.31,68.89,565.8,565.8,24.43,0,ATB_47_2026-08-05.csv
2026-07-05T09:10:09Z,54,OTICE_v5_LoRA,0,23.4,64.37,606.43,606.43,24.54,0,ATB_54_2026-08-05.csv
2026-07-05T09:10:30Z,55,OTICE_v5_LoRA,0,0,0,477.64,477.64,24.8,0,ATB_55_2026-08-05.csv
2026-07-05T09:10:31Z,46_out,OTICE_v5_LoRA,0,23.3,56.35,0,0,0,0,ATB_46_2026-08-05.csv
2026-07-05T09:10:58Z,59,OTICE_v5_LoRA,22,23.23,65.73,0,0,0,0,ATB_59_2026-08-05.csv
2026-07-05T09:11:01Z,46_out,OTICE_v5_LoRA,0,23.31,56.45,0,0,0,0,ATB_46_2026-08-05.csv
2026-07-05T09:11:08Z,47,OTICE_v5_LoRA,138,23.34,68.69,566.39,566.39,24.42,0,ATB_47_2026-08-05.csv
2026-07-05T09:11:09Z,54,OTICE_v5_LoRA,0,23.41,64.07,605.6,605.6,24.6,0,ATB_54_2026-08-05.csv
2026-07-05T09:11:30Z,55,OTICE_v5_LoRA,0,0,0,474.24,474.24,24.82,0,ATB_55_2026-08-05.csv
2026-07-05T09:11:31Z,46_out,OTICE_v5_LoRA,0,23.31,56.45,0,0,0,0,ATB_46_2026-08-05.csv
2026-07-05T09:11:58Z,59,OTICE_v5_LoRA,15,23.25,65.73,0,0,0,0,ATB_59_2026-08-05.csv
2026-07-05T09:12:01Z,46_out,OTICE_v5_LoRA,0,23.32,56.43,0,0,0,0,ATB_46_2026-08-05.csv
2026-07-05T09:12:08Z,47,OTICE_v5_LoRA,143,23.33,68.79,565.42,565.42,24.43,0,ATB_47_2026-08-05.csv
2026-07-05T09:12:09Z,54,OTICE_v5_LoRA,0,23.43,64.17,604.99,604.99,24.57,0,ATB_54_2026-08-05.csv
2026-07-05T09:12:30Z,55,OTICE_v5_LoRA,0,0,0,474.51,474.51,24.83,0,ATB_55_2026-08-05.csv
2026-07-05T09:12:31Z,46_out,OTICE_v5_LoRA,0,23.32,56.32,0,0,0,0,ATB_46_2026-08-05.csv
2026-07-05T09:12:58Z,59,OTICE_v5_LoRA,24,23.27,65.73,0,0,0,0,ATB_59_2026-08-05.csv
2026-07-05T09:13:02Z,46_out,OTICE_v5_LoRA,0,23.32,56.32,0,0,0,0,ATB_46_2026-08-05.csv
2026-07-05T09:13:08Z,47,OTICE_v5_LoRA,135,23.34,68.69,566.62,566.62,24.51,0,ATB_47_2026-08-05.csv
2026-07-05T09:13:09Z,54,OTICE_v5_LoRA,0,23.49,63.97,605.08,605.08,24.71,0,ATB_54_2026-08-05.csv
2026-07-05T09:13:30Z,55,OTICE_v5_LoRA,0,0,0,474.31,474.31,24.83,0,ATB_55_2026-08-05.csv
2026-07-05T09:13:32Z,46_out,OTICE_v5_LoRA,0,23.32,56.32,0,0,0,0,ATB_46_2026-08-05.csv
2026-07-05T09:13:58Z,59,OTICE_v5_LoRA,26,23.27,65.83,0,0,0,0,ATB_59_2026-08-05.csv
2026-07-05T09:14:02Z,46_out,OTICE_v5_LoRA,0,23.31,56.06,0,0,0,0,ATB_46_2026-08-05.csv
2026-07-05T09:14:08Z,47,OTICE_v5_LoRA,142,23.33,68.89,563.57,563.57,24.42,0,ATB_47_2026-08-05.csv
2026-07-05T09:14:09Z,54,OTICE_v5_LoRA,0,23.43,64.27,605.71,605.71,24.6,0,ATB_54_2026-08-05.csv
2026-07-05T09:14:30Z,55,OTICE_v5_LoRA,0,0,0,475.58,475.58,24.82,0,ATB_55_2026-08-05.csv
2026-07-05T09:14:32Z,46_out,OTICE_v5_LoRA,0,23.32,56.13,0,0,0,0,ATB_46_2026-08-05.csv
2026-07-05T09:14:58Z,59,OTICE_v5_LoRA,25,23.27,65.93,0,0,0,0,ATB_59_2026-08-05.csv
2026-07-05T09:15:02Z,46_out,OTICE_v5_LoRA,0,23.32,56.13,0,0,0,0,ATB_46_2026-08-05.csv
2026-07-05T09:15:08Z,47,OTICE_v5_LoRA,139,23.34,68.99,565.84,565.84,24.43,0,ATB_47_2026-08-05.csv
2026-07-05T09:15:10Z,54,OTICE_v5_LoRA,0,23.41,64.37,604.86,604.86,24.57,0,ATB_54_2026-08-05.csv
2026-07-05T09:15:30Z,55,OTICE_v5_LoRA,0,0,0,473.98,473.98,24.83,0,ATB_55_2026-08-05.csv
2026-07-05T09:15:32Z,46_out,OTICE_v5_LoRA,0,23.32,56.13,0,0,0,0,ATB_46_2026-08-05.csv
2026-07-05T09:15:58Z,59,OTICE_v5_LoRA,17,23.27,65.83,0,0,0,0,ATB_59_2026-08-05.csv
2026-07-05T09:16:02Z,46_out,OTICE_v5_LoRA,0,23.32,56.43,0,0,0,0,ATB_46_2026-08-05.csv
2026-07-05T09:16:08Z,47,OTICE_v5_LoRA,140,23.37,68.79,565.18,565.18,24.52,0,ATB_47_2026-08-05.csv
2026-07-05T09:16:10Z,54,OTICE_v5_LoRA,0,23.43,64.27,603.28,603.28,24.59,0,ATB_54_2026-08-05.csv
2026-07-05T09:16:30Z,55,OTICE_v5_LoRA,0,0,0,474.42,474.42,24.79,0,ATB_55_2026-08-05.csv
2026-07-05T09:16:32Z,46_out,OTICE_v5_LoRA,0,23.32,56.43,0,0,0,0,ATB_46_2026-08-05.csv
2026-07-05T09:17:08Z,47,OTICE_v5_LoRA,142,23.37,68.89,563.27,563.27,24.45,0,ATB_47_2026-08-05.csv
2026-07-05T09:17:10Z,54,OTICE_v5_LoRA,0,23.43,64.27,601.73,601.73,24.53,0,ATB_54_2026-08-05.csv
2026-07-05T09:17:26Z,46_out,OTICE_v5_LoRA,0,23.34,56.23,0,0,0,0,ATB_46_2026-08-05.csv
2026-07-05T09:17:30Z,55,OTICE_v5_LoRA,0,0,0,476.49,476.49,24.84,0,ATB_55_2026-08-05.csv
2026-07-05T09:17:56Z,46_out,OTICE_v5_LoRA,0,23.32,55.93,0,0,0,0,ATB_46_2026-08-05.csv
2026-07-05T09:17:56Z,59,OTICE_v5_LoRA,22,23.23,65.93,0,0,0,0,ATB_59_2026-08-05.csv
2026-07-05T09:18:08Z,47,OTICE_v5_LoRA,141,23.33,68.79,563.23,563.23,24.49,0,ATB_47_2026-08-05.csv
2026-07-05T09:18:10Z,54,OTICE_v5_LoRA,0,23.41,64.17,598.46,598.46,24.61,0,ATB_54_2026-08-05.csv
2026-07-05T09:18:26Z,46_out,OTICE_v5_LoRA,0,23.31,56.25,0,0,0,0,ATB_46_2026-08-05.csv
2026-07-05T09:18:30Z,55,OTICE_v5_LoRA,0,0,0,479.37,479.37,24.87,0,ATB_55_2026-08-05.csv
2026-07-05T09:18:56Z,46_out,OTICE_v5_LoRA,0,23.31,56.25,0,0,0,0,ATB_46_2026-08-05.csv
2026-07-05T09:18:56Z,59,OTICE_v5_LoRA,14,23.28,65.23,0,0,0,0,ATB_59_2026-08-05.csv
2026-07-05T09:19:08Z,47,OTICE_v5_LoRA,142,23.37,68.39,567.07,567.07,24.68,0,ATB_47_2026-08-05.csv
2026-07-05T09:19:10Z,54,OTICE_v5_LoRA,0,23.43,63.78,603.14,603.14,24.8,0,ATB_54_2026-08-05.csv
2026-07-05T09:19:26Z,46_out,OTICE_v5_LoRA,0,23.31,56.15,0,0,0,0,ATB_46_2026-08-05.csv
2026-07-05T09:19:30Z,55,OTICE_v5_LoRA,0,0,0,480.57,480.57,24.94,0,ATB_55_2026-08-05.csv
2026-07-05T09:19:56Z,46_out,OTICE_v5_LoRA,0,23.34,56.13,0,0,0,0,ATB_46_2026-08-05.csv
2026-07-05T09:19:56Z,59,OTICE_v5_LoRA,19,23.35,65.2,0,0,0,0,ATB_59_2026-08-05.csv
2026-07-05T09:20:08Z,47,OTICE_v5_LoRA,134,23.39,68.39,567.33,567.33,24.69,0,ATB_47_2026-08-05.csv
2026-07-05T09:20:10Z,54,OTICE_v5_LoRA,0,23.43,63.87,600.72,600.72,24.8,0,ATB_54_2026-08-05.csv
2026-07-05T09:20:26Z,46_out,OTICE_v5_LoRA,0,23.35,56.03,0,0,0,0,ATB_46_2026-08-05.csv
2026-07-05T09:20:30Z,55,OTICE_v5_LoRA,0,0,0,481.66,481.66,25.03,0,ATB_55_2026-08-05.csv
2026-07-05T09:20:56Z,46_out,OTICE_v5_LoRA,0,23.38,55.83,0,0,0,0,ATB_46_2026-08-05.csv
2026-07-05T09:20:56Z,59,OTICE_v5_LoRA,10,23.38,64.8,0,0,0,0,ATB_59_2026-08-05.csv
2026-07-05T09:21:08Z,47,OTICE_v5_LoRA,134,23.44,68.19,566.92,566.92,24.79,0,ATB_47_2026-08-05.csv
2026-07-05T09:21:10Z,54,OTICE_v5_LoRA,0,23.46,63.78,599.93,599.93,24.87,0,ATB_54_2026-08-05.csv
2026-07-05T09:21:26Z,46_out,OTICE_v5_LoRA,0,23.39,55.73,0,0,0,0,ATB_46_2026-08-05.csv
2026-07-05T09:21:30Z,55,OTICE_v5_LoRA,0,0,0,485.6,485.6,25.06,0,ATB_55_2026-08-05.csv
2026-07-05T09:21:56Z,46_out,OTICE_v5_LoRA,0,23.39,55.73,0,0,0,0,ATB_46_2026-08-05.csv
2026-07-05T09:21:56Z,59,OTICE_v5_LoRA,16,23.41,64.9,0,0,0,0,ATB_59_2026-08-05.csv
2026-07-05T09:22:08Z,47,OTICE_v5_LoRA,130,23.44,67.99,567.2,567.2,24.75,0,ATB_47_2026-08-05.csv
2026-07-05T09:22:10Z,54,OTICE_v5_LoRA,0,23.46,63.58,599.97,599.97,24.82,0,ATB_54_2026-08-05.csv
2026-07-05T09:22:26Z,46_out,OTICE_v5_LoRA,0,23.39,56.03,0,0,0,0,ATB_46_2026-08-05.csv
2026-07-05T09:22:30Z,55,OTICE_v5_LoRA,512,0,0,485.28,485.28,25.04,0,ATB_55_2026-08-05.csv
2026-07-05T09:22:56Z,59,OTICE_v5_LoRA,12,23.42,64.9,0,0,0,0,ATB_59_2026-08-05.csv
2026-07-05T09:22:57Z,46_out,OTICE_v5_LoRA,0,23.39,56.03,0,0,0,0,ATB_46_2026-08-05.csv
2026-07-05T09:23:08Z,47,OTICE_v5_LoRA,131,23.46,67.86,566.55,566.55,24.83,0,ATB_47_2026-08-05.csv
2026-07-05T09:23:10Z,54,OTICE_v5_LoRA,0,23.51,63.48,601.29,601.29,24.94,0,ATB_54_2026-08-05.csv
2026-07-05T09:23:27Z,46_out,OTICE_v5_LoRA,0,23.41,56.03,0,0,0,0,ATB_46_2026-08-05.csv
2026-07-05T09:23:30Z,55,OTICE_v5_LoRA,0,0,0,486.34,486.34,25.1,0,ATB_55_2026-08-05.csv
2026-07-05T09:23:56Z,59,OTICE_v5_LoRA,17,23.45,64.7,0,0,0,0,ATB_59_2026-08-05.csv
2026-07-05T09:23:57Z,46_out,OTICE_v5_LoRA,0,23.41,55.83,0,0,0,0,ATB_46_2026-08-05.csv
2026-07-05T09:24:09Z,47,OTICE_v5_LoRA,131,23.49,67.76,566.27,566.27,24.87,0,ATB_47_2026-08-05.csv
2026-07-05T09:24:10Z,54,OTICE_v5_LoRA,0,23.53,63.37,599.98,599.98,24.98,0,ATB_54_2026-08-05.csv
2026-07-05T09:24:27Z,46_out,OTICE_v5_LoRA,0,23.41,55.83,0,0,0,0,ATB_46_2026-08-05.csv
2026-07-05T09:24:31Z,55,OTICE_v5_LoRA,0,0,0,484.5,484.5,25.13,0,ATB_55_2026-08-05.csv
2026-07-05T09:24:56Z,59,OTICE_v5_LoRA,15,23.49,64.5,0,0,0,0,ATB_59_2026-08-05.csv
2026-07-05T09:24:57Z,46_out,OTICE_v5_LoRA,0,23.41,55.93,0,0,0,0,ATB_46_2026-08-05.csv
2026-07-05T09:25:09Z,47,OTICE_v5_LoRA,127,23.54,67.96,567.48,567.48,24.97,0,ATB_47_2026-08-05.csv
2026-07-05T09:25:11Z,54,OTICE_v5_LoRA,0,23.55,63.37,601.27,601.27,25.09,0,ATB_54_2026-08-05.csv
2026-07-05T09:25:27Z,46_out,OTICE_v5_LoRA,0,23.42,55.83,0,0,0,0,ATB_46_2026-08-05.csv
2026-07-05T09:25:31Z,55,OTICE_v5_LoRA,0,0,0,482.39,482.39,25.14,0,ATB_55_2026-08-05.csv
2026-07-05T09:25:56Z,59,OTICE_v5_LoRA,14,23.49,64.5,0,0,0,0,ATB_59_2026-08-05.csv
2026-07-05T09:25:57Z,46_out,OTICE_v5_LoRA,0,23.42,55.93,0,0,0,0,ATB_46_2026-08-05.csv
2026-07-05T09:26:09Z,47,OTICE_v5_LoRA,126,23.52,68.06,571.07,571.07,24.91,0,ATB_47_2026-08-05.csv
2026-07-05T09:26:11Z,54,OTICE_v5_LoRA,0,23.55,63.67,601.47,601.47,25.01,0,ATB_54_2026-08-05.csv
2026-07-05T09:26:27Z,46_out,OTICE_v5_LoRA,0,23.42,55.93,0,0,0,0,ATB_46_2026-08-05.csv
2026-07-05T09:26:31Z,55,OTICE_v5_LoRA,0,0,0,487.33,487.33,25.14,0,ATB_55_2026-08-05.csv
2026-07-05T09:26:56Z,59,OTICE_v5_LoRA,11,23.5,64.6,0,0,0,0,ATB_59_2026-08-05.csv
2026-07-05T09:26:57Z,46_out,OTICE_v5_LoRA,0,23.42,55.93,0,0,0,0,ATB_46_2026-08-05.csv
2026-07-05T09:27:09Z,47,OTICE_v5_LoRA,129,23.56,67.96,570.99,570.99,24.97,0,ATB_47_2026-08-05.csv
2026-07-05T09:27:11Z,54,OTICE_v5_LoRA,0,23.58,63.67,600.55,600.55,24.99,0,ATB_54_2026-08-05.csv
2026-07-05T09:27:27Z,46_out,OTICE_v5_LoRA,0,23.45,56.03,0,0,0,0,ATB_46_2026-08-05.csv
2026-07-05T09:27:31Z,55,OTICE_v5_LoRA,0,0,0,490.16,490.16,25.15,0,ATB_55_2026-08-05.csv
2026-07-05T09:27:57Z,46_out,OTICE_v5_LoRA,0,23.42,56.13,0,0,0,0,ATB_46_2026-08-05.csv
2026-07-05T09:27:57Z,59,OTICE_v5_LoRA,11,23.52,64.6,0,0,0,0,ATB_59_2026-08-05.csv
2026-07-05T09:28:09Z,47,OTICE_v5_LoRA,123,23.54,67.96,571.02,571.02,24.97,0,ATB_47_2026-08-05.csv
2026-07-05T09:28:11Z,54,OTICE_v5_LoRA,0,23.56,63.58,601.25,601.25,25.07,0,ATB_54_2026-08-05.csv
2026-07-05T09:28:28Z,46_out,OTICE_v5_LoRA,0,23.42,55.93,0,0,0,0,ATB_46_2026-08-05.csv
2026-07-05T09:28:31Z,55,OTICE_v5_LoRA,0,0,0,490.33,490.33,25.17,0,ATB_55_2026-08-05.csv
2026-07-05T09:28:57Z,59,OTICE_v5_LoRA,11,23.49,64.6,0,0,0,0,ATB_59_2026-08-05.csv
2026-07-05T09:28:58Z,46_out,OTICE_v5_LoRA,0,23.41,56.03,0,0,0,0,ATB_46_2026-08-05.csv
2026-07-05T09:29:09Z,47,OTICE_v5_LoRA,129,23.52,68.16,573.73,573.73,24.96,0,ATB_47_2026-08-05.csv
2026-07-05T09:29:11Z,54,OTICE_v5_LoRA,0,23.55,63.78,602.92,602.92,25.05,0,ATB_54_2026-08-05.csv
2026-07-05T09:29:28Z,46_out,OTICE_v5_LoRA,0,23.41,55.83,0,0,0,0,ATB_46_2026-08-05.csv
2026-07-05T09:29:31Z,55,OTICE_v5_LoRA,0,0,0,490.34,490.34,25.15,0,ATB_55_2026-08-05.csv
2026-07-05T09:29:57Z,59,OTICE_v5_LoRA,14,23.5,64.6,0,0,0,0,ATB_59_2026-08-05.csv
2026-07-05T09:29:58Z,46_out,OTICE_v5_LoRA,0,23.39,56.13,0,0,0,0,ATB_46_2026-08-05.csv
2026-07-05T09:30:09Z,47,OTICE_v5_LoRA,129,23.49,68.26,572.55,572.55,24.94,0,ATB_47_2026-08-05.csv
2026-07-05T09:30:11Z,54,OTICE_v5_LoRA,0,23.53,63.87,602.8,602.8,24.98,0,ATB_54_2026-08-05.csv
2026-07-05T09:30:28Z,46_out,OTICE_v5_LoRA,0,23.41,56.23,0,0,0,0,ATB_46_2026-08-05.csv
2026-07-05T09:30:31Z,55,OTICE_v5_LoRA,0,0,0,489.24,489.24,25.17,0,ATB_55_2026-08-05.csv
2026-07-05T09:30:57Z,59,OTICE_v5_LoRA,15,23.5,64.7,0,0,0,0,ATB_59_2026-08-05.csv
2026-07-05T09:30:58Z,46_out,OTICE_v5_LoRA,0,23.41,56.13,0,0,0,0,ATB_46_2026-08-05.csv
2026-07-05T09:31:09Z,47,OTICE_v5_LoRA,129,23.51,68.36,572.34,572.34,24.9,0,ATB_47_2026-08-05.csv
2026-07-05T09:31:11Z,54,OTICE_v5_LoRA,0,23.52,63.97,603.36,603.36,24.95,0,ATB_54_2026-08-05.csv
2026-07-05T09:31:28Z,46_out,OTICE_v5_LoRA,0,23.41,56.13,0,0,0,0,ATB_46_2026-08-05.csv
2026-07-05T09:31:31Z,55,OTICE_v5_LoRA,0,0,0,485.23,485.23,25.18,0,ATB_55_2026-08-05.csv
2026-07-05T09:31:57Z,59,OTICE_v5_LoRA,22,23.49,65.2,0,0,0,0,ATB_59_2026-08-05.csv
2026-07-05T09:31:58Z,46_out,OTICE_v5_LoRA,0,23.41,56.43,0,0,0,0,ATB_46_2026-08-05.csv
2026-07-05T09:32:09Z,47,OTICE_v5_LoRA,131,23.54,68.36,570.66,570.66,24.89,0,ATB_47_2026-08-05.csv
2026-07-05T09:32:11Z,54,OTICE_v5_LoRA,0,23.53,63.87,603.76,603.76,25.02,0,ATB_54_2026-08-05.csv
2026-07-05T09:32:28Z,46_out,OTICE_v5_LoRA,0,23.39,56.53,0,0,0,0,ATB_46_2026-08-05.csv
2026-07-05T09:32:31Z,55,OTICE_v5_LoRA,0,0,0,486.24,486.24,25.2,0,ATB_55_2026-08-05.csv
2026-07-05T09:32:57Z,59,OTICE_v5_LoRA,17,23.5,65.1,0,0,0,0,ATB_59_2026-08-05.csv
2026-07-05T09:32:58Z,46_out,OTICE_v5_LoRA,0,23.39,56.43,0,0,0,0,ATB_46_2026-08-05.csv
2026-07-05T09:33:09Z,47,OTICE_v5_LoRA,136,23.51,68.36,570.6,570.6,24.86,0,ATB_47_2026-08-05.csv
2026-07-05T09:33:11Z,54,OTICE_v5_LoRA,0,23.53,63.97,603.15,603.15,25.04,0,ATB_54_2026-08-05.csv
2026-07-05T09:33:28Z,46_out,OTICE_v5_LoRA,0,23.41,56.43,0,0,0,0,ATB_46_2026-08-05.csv
2026-07-05T09:33:31Z,55,OTICE_v5_LoRA,0,0,0,483.14,483.14,25.17,0,ATB_55_2026-08-05.csv
2026-07-05T09:33:57Z,59,OTICE_v5_LoRA,17,23.49,65.1,0,0,0,0,ATB_59_2026-08-05.csv
2026-07-05T09:33:59Z,46_out,OTICE_v5_LoRA,0,23.41,56.32,0,0,0,0,ATB_46_2026-08-05.csv
2026-07-05T09:34:09Z,47,OTICE_v5_LoRA,137,23.51,68.36,568.33,568.33,24.89,0,ATB_47_2026-08-05.csv
2026-07-05T09:34:11Z,54,OTICE_v5_LoRA,0,23.52,63.97,602.73,602.73,25.09,0,ATB_54_2026-08-05.csv
2026-07-05T09:34:29Z,46_out,OTICE_v5_LoRA,0,23.41,56.43,0,0,0,0,ATB_46_2026-08-05.csv
2026-07-05T09:34:31Z,55,OTICE_v5_LoRA,0,0,0,482.13,482.13,25.21,0,ATB_55_2026-08-05.csv
2026-07-05T09:34:57Z,59,OTICE_v5_LoRA,14,23.49,65.1,0,0,0,0,ATB_59_2026-08-05.csv
2026-07-05T09:34:59Z,46_out,OTICE_v5_LoRA,0,23.41,56.32,0,0,0,0,ATB_46_2026-08-05.csv
2026-07-05T09:35:09Z,47,OTICE_v5_LoRA,134,23.52,68.36,568.12,568.12,24.9,0,ATB_47_2026-08-05.csv
2026-07-05T09:35:11Z,54,OTICE_v5_LoRA,0,23.55,63.97,600.29,600.29,25.01,0,ATB_54_2026-08-05.csv
2026-07-05T09:35:29Z,46_out,OTICE_v5_LoRA,0,23.39,56.43,0,0,0,0,ATB_46_2026-08-05.csv
2026-07-05T09:35:31Z,55,OTICE_v5_LoRA,252,0,0,482.81,482.81,25.21,0,ATB_55_2026-08-05.csv
2026-07-05T09:35:57Z,59,OTICE_v5_LoRA,12,23.49,65.1,0,0,0,0,ATB_59_2026-08-05.csv
2026-07-05T09:35:59Z,46_out,OTICE_v5_LoRA,0,23.41,56.23,0,0,0,0,ATB_46_2026-08-05.csv
2026-07-05T09:36:09Z,47,OTICE_v5_LoRA,127,23.54,68.26,566.6,566.6,24.9,0,ATB_47_2026-08-05.csv
2026-07-05T09:36:11Z,54,OTICE_v5_LoRA,0,23.55,63.97,597.77,597.77,24.99,0,ATB_54_2026-08-05.csv
2026-07-05T09:36:29Z,46_out,OTICE_v5_LoRA,0,23.41,56.43,0,0,0,0,ATB_46_2026-08-05.csv
2026-07-05T09:36:31Z,55,OTICE_v5_LoRA,0,0,0,484.26,484.26,25.2,0,ATB_55_2026-08-05.csv
2026-07-05T09:36:57Z,59,OTICE_v5_LoRA,14,23.5,65,0,0,0,0,ATB_59_2026-08-05.csv
2026-07-05T09:36:59Z,46_out,OTICE_v5_LoRA,0,23.41,56.43,0,0,0,0,ATB_46_2026-08-05.csv
2026-07-05T09:37:09Z,47,OTICE_v5_LoRA,130,23.57,68.26,566.65,566.65,24.91,0,ATB_47_2026-08-05.csv
2026-07-05T09:37:11Z,54,OTICE_v5_LoRA,0,23.56,63.97,601.13,601.13,25.05,0,ATB_54_2026-08-05.csv
2026-07-05T09:37:29Z,46_out,OTICE_v5_LoRA,0,23.41,56.43,0,0,0,0,ATB_46_2026-08-05.csv
2026-07-05T09:37:31Z,55,OTICE_v5_LoRA,0,0,0,486.26,486.26,25.21,0,ATB_55_2026-08-05.csv
2026-07-05T09:37:58Z,59,OTICE_v5_LoRA,13,23.53,64.9,0,0,0,0,ATB_59_2026-08-05.csv
2026-07-05T09:37:59Z,46_out,OTICE_v5_LoRA,0,23.45,56.43,0,0,0,0,ATB_46_2026-08-05.csv
2026-07-05T09:38:09Z,47,OTICE_v5_LoRA,127,23.59,68.26,567.34,567.34,24.96,0,ATB_47_2026-08-05.csv
2026-07-05T09:38:11Z,54,OTICE_v5_LoRA,0,23.58,63.67,601.91,601.91,25.11,0,ATB_54_2026-08-05.csv
2026-07-05T09:38:29Z,46_out,OTICE_v5_LoRA,0,23.45,56.43,0,0,0,0,ATB_46_2026-08-05.csv
2026-07-05T09:38:31Z,55,OTICE_v5_LoRA,0,0,0,483.97,483.97,25.21,0,ATB_55_2026-08-05.csv
2026-07-05T09:38:58Z,59,OTICE_v5_LoRA,14,23.56,64.97,0,0,0,0,ATB_59_2026-08-05.csv
2026-07-05T09:38:59Z,46_out,OTICE_v5_LoRA,0,23.46,56.32,0,0,0,0,ATB_46_2026-08-05.csv
2026-07-05T09:39:09Z,47,OTICE_v5_LoRA,132,23.6,68.26,568.17,568.17,24.99,0,ATB_47_2026-08-05.csv
2026-07-05T09:39:12Z,54,OTICE_v5_LoRA,0,23.59,63.87,598.33,598.33,25.14,0,ATB_54_2026-08-05.csv
2026-07-05T09:39:30Z,46_out,OTICE_v5_LoRA,0,23.46,56.13,0,0,0,0,ATB_46_2026-08-05.csv
2026-07-05T09:39:31Z,55,OTICE_v5_LoRA,0,0,0,482.26,482.26,25.21,0,ATB_55_2026-08-05.csv
2026-07-05T09:39:58Z,59,OTICE_v5_LoRA,18,23.56,64.97,0,0,0,0,ATB_59_2026-08-05.csv
2026-07-05T09:40:00Z,46_out,OTICE_v5_LoRA,0,23.45,56.32,0,0,0,0,ATB_46_2026-08-05.csv
2026-07-05T09:40:09Z,47,OTICE_v5_LoRA,125,23.6,68.36,569.92,569.92,24.94,0,ATB_47_2026-08-05.csv
2026-07-05T09:40:12Z,54,OTICE_v5_LoRA,0,23.58,64.07,597.91,597.91,25.05,0,ATB_54_2026-08-05.csv
2026-07-05T09:40:30Z,46_out,OTICE_v5_LoRA,0,23.45,56.32,0,0,0,0,ATB_46_2026-08-05.csv
2026-07-05T09:40:31Z,55,OTICE_v5_LoRA,0,0,0,483.66,483.66,25.24,0,ATB_55_2026-08-05.csv
2026-07-05T09:40:58Z,59,OTICE_v5_LoRA,23,23.56,65.17,0,0,0,0,ATB_59_2026-08-05.csv
2026-07-05T09:41:00Z,46_out,OTICE_v5_LoRA,0,23.42,56.43,0,0,0,0,ATB_46_2026-08-05.csv
2026-07-05T09:41:09Z,47,OTICE_v5_LoRA,136,23.59,68.46,569.51,569.51,24.9,0,ATB_47_2026-08-05.csv
2026-07-05T09:41:12Z,54,OTICE_v5_LoRA,0,23.58,64.17,599.67,599.67,25.07,0,ATB_54_2026-08-05.csv
2026-07-05T09:41:30Z,46_out,OTICE_v5_LoRA,0,23.45,56.62,0,0,0,0,ATB_46_2026-08-05.csv
2026-07-05T09:41:31Z,55,OTICE_v5_LoRA,0,0,0,482.13,482.13,25.25,0,ATB_55_2026-08-05.csv
2026-07-05T09:41:58Z,59,OTICE_v5_LoRA,15,23.56,65.27,0,0,0,0,ATB_59_2026-08-05.csv
2026-07-05T09:42:00Z,46_out,OTICE_v5_LoRA,0,23.46,56.53,0,0,0,0,ATB_46_2026-08-05.csv
2026-07-05T09:42:10Z,47,OTICE_v5_LoRA,123,23.6,68.46,569.66,569.66,24.94,0,ATB_47_2026-08-05.csv
2026-07-05T09:42:12Z,54,OTICE_v5_LoRA,0,23.62,64.14,599.19,599.19,25.05,0,ATB_54_2026-08-05.csv
2026-07-05T09:42:30Z,46_out,OTICE_v5_LoRA,0,23.47,56.53,0,0,0,0,ATB_46_2026-08-05.csv
2026-07-05T09:42:31Z,55,OTICE_v5_LoRA,0,0,0,484.94,484.94,25.24,0,ATB_55_2026-08-05.csv
2026-07-05T09:42:58Z,59,OTICE_v5_LoRA,19,23.56,65.17,0,0,0,0,ATB_59_2026-08-05.csv
2026-07-05T09:43:00Z,46_out,OTICE_v5_LoRA,0,23.47,56.53,0,0,0,0,ATB_46_2026-08-05.csv
2026-07-05T09:43:10Z,47,OTICE_v5_LoRA,137,23.61,68.36,573.22,573.22,24.97,0,ATB_47_2026-08-05.csv
2026-07-05T09:43:12Z,54,OTICE_v5_LoRA,0,23.61,64.07,595.85,595.85,25.08,0,ATB_54_2026-08-05.csv
2026-07-05T09:43:30Z,46_out,OTICE_v5_LoRA,0,23.46,56.32,0,0,0,0,ATB_46_2026-08-05.csv
2026-07-05T09:43:32Z,55,OTICE_v5_LoRA,0,0,0,486.18,486.18,25.25,0,ATB_55_2026-08-05.csv
2026-07-05T09:43:58Z,59,OTICE_v5_LoRA,11,23.6,64.97,0,0,0,0,ATB_59_2026-08-05.csv
2026-07-05T09:44:00Z,46_out,OTICE_v5_LoRA,0,23.46,56.62,0,0,0,0,ATB_46_2026-08-05.csv
2026-07-05T09:44:10Z,47,OTICE_v5_LoRA,127,23.63,68.46,575.14,575.14,25.02,0,ATB_47_2026-08-05.csv
2026-07-05T09:44:12Z,54,OTICE_v5_LoRA,0,23.66,64.04,597.87,597.87,25.12,0,ATB_54_2026-08-05.csv
2026-07-05T09:44:30Z,46_out,OTICE_v5_LoRA,0,23.47,56.53,0,0,0,0,ATB_46_2026-08-05.csv
2026-07-05T09:44:32Z,55,OTICE_v5_LoRA,0,0,0,489.6,489.6,25.27,0,ATB_55_2026-08-05.csv
2026-07-05T09:44:58Z,59,OTICE_v5_LoRA,15,23.6,65.17,0,0,0,0,ATB_59_2026-08-05.csv
2026-07-05T09:45:01Z,46_out,OTICE_v5_LoRA,0,23.47,56.62,0,0,0,0,ATB_46_2026-08-05.csv
2026-07-05T09:45:10Z,47,OTICE_v5_LoRA,123,23.64,68.26,576.97,576.97,25.02,0,ATB_47_2026-08-05.csv
2026-07-05T09:45:12Z,54,OTICE_v5_LoRA,0,23.66,63.75,598.09,598.09,25.17,0,ATB_54_2026-08-05.csv
2026-07-05T09:45:31Z,46_out,OTICE_v5_LoRA,0,23.49,56.53,0,0,0,0,ATB_46_2026-08-05.csv
2026-07-05T09:45:32Z,55,OTICE_v5_LoRA,0,0,0,491.11,491.11,25.27,0,ATB_55_2026-08-05.csv
2026-07-05T09:45:58Z,59,OTICE_v5_LoRA,12,23.65,64.97,0,0,0,0,ATB_59_2026-08-05.csv
2026-07-05T09:46:01Z,46_out,OTICE_v5_LoRA,0,23.52,56.53,0,0,0,0,ATB_46_2026-08-05.csv
2026-07-05T09:46:10Z,47,OTICE_v5_LoRA,126,23.67,68.26,576.66,576.66,25.07,0,ATB_47_2026-08-05.csv
2026-07-05T09:46:12Z,54,OTICE_v5_LoRA,0,23.67,63.84,596.64,596.64,25.19,0,ATB_54_2026-08-05.csv
2026-07-05T09:46:31Z,46_out,OTICE_v5_LoRA,0,23.52,56.53,0,0,0,0,ATB_46_2026-08-05.csv
2026-07-05T09:46:32Z,55,OTICE_v5_LoRA,0,0,0,490.03,490.03,25.3,0,ATB_55_2026-08-05.csv
2026-07-05T09:46:59Z,59,OTICE_v5_LoRA,13,23.67,64.87,0,0,0,0,ATB_59_2026-08-05.csv
2026-07-05T09:47:01Z,46_out,OTICE_v5_LoRA,0,23.52,56.43,0,0,0,0,ATB_46_2026-08-05.csv
2026-07-05T09:47:10Z,47,OTICE_v5_LoRA,127,23.67,68.26,575.65,575.65,25.07,0,ATB_47_2026-08-05.csv
2026-07-05T09:47:12Z,54,OTICE_v5_LoRA,0,23.7,63.84,596.12,596.12,25.25,0,ATB_54_2026-08-05.csv
2026-07-05T09:47:31Z,46_out,OTICE_v5_LoRA,0,23.53,56.62,0,0,0,0,ATB_46_2026-08-05.csv
2026-07-05T09:47:32Z,55,OTICE_v5_LoRA,0,0,0,489.02,489.02,25.28,0,ATB_55_2026-08-05.csv
2026-07-05T09:47:59Z,59,OTICE_v5_LoRA,12,23.65,65.07,0,0,0,0,ATB_59_2026-08-05.csv
2026-07-05T09:48:01Z,46_out,OTICE_v5_LoRA,0,23.52,56.43,0,0,0,0,ATB_46_2026-08-05.csv
2026-07-05T09:48:10Z,47,OTICE_v5_LoRA,132,23.69,68.26,575.57,575.57,25.14,0,ATB_47_2026-08-05.csv
2026-07-05T09:48:12Z,54,OTICE_v5_LoRA,0,23.71,63.64,598.33,598.33,25.32,0,ATB_54_2026-08-05.csv
2026-07-05T09:48:31Z,46_out,OTICE_v5_LoRA,0,23.54,56.5,0,0,0,0,ATB_46_2026-08-05.csv
2026-07-05T09:48:32Z,55,OTICE_v5_LoRA,0,0,0,489.72,489.72,25.3,0,ATB_55_2026-08-05.csv
2026-07-05T09:48:59Z,59,OTICE_v5_LoRA,12,23.67,64.97,0,0,0,0,ATB_59_2026-08-05.csv
2026-07-05T09:49:01Z,46_out,OTICE_v5_LoRA,0,23.54,56.3,0,0,0,0,ATB_46_2026-08-05.csv
2026-07-05T09:49:10Z,47,OTICE_v5_LoRA,119,23.71,68.13,577.32,577.32,25.17,0,ATB_47_2026-08-05.csv
2026-07-05T09:49:12Z,54,OTICE_v5_LoRA,0,23.73,63.64,597.85,597.85,25.33,0,ATB_54_2026-08-05.csv
2026-07-05T09:49:31Z,46_out,OTICE_v5_LoRA,0,23.53,56.43,0,0,0,0,ATB_46_2026-08-05.csv
2026-07-05T09:49:32Z,55,OTICE_v5_LoRA,0,0,0,485.89,485.89,25.34,0,ATB_55_2026-08-05.csv
2026-07-05T09:49:59Z,59,OTICE_v5_LoRA,13,23.68,64.87,0,0,0,0,ATB_59_2026-08-05.csv
2026-07-05T09:50:03Z,46_out,OTICE_v5_LoRA,0,23.54,56.4,0,0,0,0,ATB_46_2026-08-05.csv
2026-07-05T09:50:10Z,47,OTICE_v5_LoRA,123,23.74,68.02,574.24,574.24,25.13,0,ATB_47_2026-08-05.csv
2026-07-05T09:50:13Z,54,OTICE_v5_LoRA,0,23.74,63.75,600.36,600.36,25.3,0,ATB_54_2026-08-05.csv
2026-07-05T09:50:31Z,46_out,OTICE_v5_LoRA,0,23.54,56.2,0,0,0,0,ATB_46_2026-08-05.csv
2026-07-05T09:50:32Z,55,OTICE_v5_LoRA,0,0,0,486.64,486.64,25.33,0,ATB_55_2026-08-05.csv
2026-07-05T09:50:59Z,59,OTICE_v5_LoRA,10,23.68,64.87,0,0,0,0,ATB_59_2026-08-05.csv
2026-07-05T09:51:02Z,46_out,OTICE_v5_LoRA,0,23.54,56.4,0,0,0,0,ATB_46_2026-08-05.csv
2026-07-05T09:51:10Z,47,OTICE_v5_LoRA,129,23.71,68.13,573,573,25.1,0,ATB_47_2026-08-05.csv
2026-07-05T09:51:13Z,54,OTICE_v5_LoRA,0,23.73,63.64,599.86,599.86,25.28,0,ATB_54_2026-08-05.csv
2026-07-05T09:51:32Z,46_out,OTICE_v5_LoRA,0,23.54,56.4,0,0,0,0,ATB_46_2026-08-05.csv
2026-07-05T09:51:32Z,55,OTICE_v5_LoRA,0,0,0,486.38,486.38,25.31,0,ATB_55_2026-08-05.csv
2026-07-05T09:51:59Z,59,OTICE_v5_LoRA,18,23.65,65.07,0,0,0,0,ATB_59_2026-08-05.csv
2026-07-05T09:52:02Z,46_out,OTICE_v5_LoRA,0,23.56,56.3,0,0,0,0,ATB_46_2026-08-05.csv
2026-07-05T09:52:10Z,47,OTICE_v5_LoRA,118,23.7,68.23,572.76,572.76,25.03,0,ATB_47_2026-08-05.csv
2026-07-05T09:52:13Z,54,OTICE_v5_LoRA,0,23.74,63.75,598.47,598.47,25.21,0,ATB_54_2026-08-05.csv
2026-07-05T09:52:32Z,46_out,OTICE_v5_LoRA,0,23.54,56.4,0,0,0,0,ATB_46_2026-08-05.csv
2026-07-05T09:52:32Z,55,OTICE_v5_LoRA,0,0,0,484.38,484.38,25.27,0,ATB_55_2026-08-05.csv
2026-07-05T09:52:59Z,59,OTICE_v5_LoRA,16,23.65,65.17,0,0,0,0,ATB_59_2026-08-05.csv
2026-07-05T09:53:02Z,46_out,OTICE_v5_LoRA,0,23.54,56.5,0,0,0,0,ATB_46_2026-08-05.csv
2026-07-05T09:53:10Z,47,OTICE_v5_LoRA,122,23.75,68.13,569.52,569.52,24.93,0,ATB_47_2026-08-05.csv
2026-07-05T09:53:13Z,54,OTICE_v5_LoRA,0,23.78,63.64,597.4,597.4,25.11,0,ATB_54_2026-08-05.csv
2026-07-05T09:53:32Z,46_out,OTICE_v5_LoRA,0,23.54,56.5,0,0,0,0,ATB_46_2026-08-05.csv
2026-07-05T09:53:32Z,55,OTICE_v5_LoRA,0,0,0,485.32,485.32,25.15,0,ATB_55_2026-08-05.csv
2026-07-05T09:53:59Z,59,OTICE_v5_LoRA,15,23.64,65.27,0,0,0,0,ATB_59_2026-08-05.csv
2026-07-05T09:54:02Z,46_out,OTICE_v5_LoRA,0,23.56,56.5,0,0,0,0,ATB_46_2026-08-05.csv
2026-07-05T09:54:13Z,54,OTICE_v5_LoRA,0,23.81,63.64,598.44,598.44,25.09,0,ATB_54_2026-08-05.csv
2026-07-05T09:54:32Z,46_out,OTICE_v5_LoRA,0,23.57,56.5,0,0,0,0,ATB_46_2026-08-05.csv
2026-07-05T09:54:32Z,55,OTICE_v5_LoRA,0,0,0,483.2,483.2,25.09,0,ATB_55_2026-08-05.csv
2026-07-05T09:54:59Z,59,OTICE_v5_LoRA,17,23.64,65.27,0,0,0,0,ATB_59_2026-08-05.csv
2026-07-05T09:55:02Z,46_out,OTICE_v5_LoRA,0,23.57,56.5,0,0,0,0,ATB_46_2026-08-05.csv
2026-07-05T09:55:10Z,47,OTICE_v5_LoRA,122,23.78,68.13,568.23,568.23,24.9,0,ATB_47_2026-08-05.csv
2026-07-05T09:55:32Z,46_out,OTICE_v5_LoRA,0,23.56,56.5,0,0,0,0,ATB_46_2026-08-05.csv
2026-07-05T09:55:32Z,55,OTICE_v5_LoRA,0,0,0,482.27,482.27,25.07,0,ATB_55_2026-08-05.csv
2026-07-05T09:55:59Z,59,OTICE_v5_LoRA,17,23.6,65.47,0,0,0,0,ATB_59_2026-08-05.csv
2026-07-05T09:56:02Z,46_out,OTICE_v5_LoRA,0,23.56,56.5,0,0,0,0,ATB_46_2026-08-05.csv
2026-07-05T09:56:10Z,47,OTICE_v5_LoRA,125,23.76,68.23,566.24,566.24,24.86,0,ATB_47_2026-08-05.csv
2026-07-05T09:56:12Z,54,OTICE_v5_LoRA,0,23.83,63.75,591.56,591.56,25.05,0,ATB_54_2026-08-05.csv
2026-07-05T09:56:32Z,46_out,OTICE_v5_LoRA,0,23.56,56.6,0,0,0,0,ATB_46_2026-08-05.csv
2026-07-05T09:56:37Z,55,OTICE_v5_LoRA,0,0,0,476.47,476.47,25.06,0,ATB_55_2026-08-05.csv
2026-07-05T09:57:00Z,59,OTICE_v5_LoRA,19,23.6,65.57,0,0,0,0,ATB_59_2026-08-05.csv
2026-07-05T09:57:03Z,46_out,OTICE_v5_LoRA,0,23.56,56.6,0,0,0,0,ATB_46_2026-08-05.csv
2026-07-05T09:57:10Z,47,OTICE_v5_LoRA,125,23.75,68.32,567.06,567.06,24.89,0,ATB_47_2026-08-05.csv
2026-07-05T09:57:12Z,54,OTICE_v5_LoRA,0,23.85,63.84,587.07,587.07,25.07,0,ATB_54_2026-08-05.csv
2026-07-05T09:57:33Z,46_out,OTICE_v5_LoRA,0,23.54,56.5,0,0,0,0,ATB_46_2026-08-05.csv
2026-07-05T09:57:37Z,55,OTICE_v5_LoRA,0,0,0,472.81,472.81,25.06,0,ATB_55_2026-08-05.csv
2026-07-05T09:58:00Z,59,OTICE_v5_LoRA,16,23.64,65.37,0,0,0,0,ATB_59_2026-08-05.csv
2026-07-05T09:58:03Z,46_out,OTICE_v5_LoRA,0,23.57,56.5,0,0,0,0,ATB_46_2026-08-05.csv
2026-07-05T09:58:10Z,47,OTICE_v5_LoRA,123,23.78,68.13,567.28,567.28,24.91,0,ATB_47_2026-08-05.csv
2026-07-05T09:58:12Z,54,OTICE_v5_LoRA,0,23.86,63.51,588,588,25.11,0,ATB_54_2026-08-05.csv
2026-07-05T09:58:33Z,46_out,OTICE_v5_LoRA,0,23.57,56.4,0,0,0,0,ATB_46_2026-08-05.csv
2026-07-05T09:58:37Z,55,OTICE_v5_LoRA,0,0,0,475.04,475.04,25.09,0,ATB_55_2026-08-05.csv
2026-07-05T09:59:00Z,59,OTICE_v5_LoRA,15,23.62,65.27,0,0,0,0,ATB_59_2026-08-05.csv
2026-07-05T09:59:03Z,46_out,OTICE_v5_LoRA,0,23.57,56.6,0,0,0,0,ATB_46_2026-08-05.csv
2026-07-05T09:59:10Z,47,OTICE_v5_LoRA,121,23.76,68.13,563.05,563.05,24.87,0,ATB_47_2026-08-05.csv
2026-07-05T09:59:12Z,54,OTICE_v5_LoRA,0,23.83,63.64,588.34,588.34,24.99,0,ATB_54_2026-08-05.csv
2026-07-05T09:59:33Z,46_out,OTICE_v5_LoRA,0,23.59,56.5,0,0,0,0,ATB_46_2026-08-05.csv
2026-07-05T09:59:37Z,55,OTICE_v5_LoRA,0,0,0,474.35,474.35,25.07,0,ATB_55_2026-08-05.csv
2026-07-05T10:00:00Z,59,OTICE_v5_LoRA,16,23.64,65.27,0,0,0,0,ATB_59_2026-08-05.csv
2026-07-05T10:00:03Z,46_out,OTICE_v5_LoRA,0,23.59,56.5,0,0,0,0,ATB_46_2026-08-05.csv
2026-07-05T10:00:10Z,47,OTICE_v5_LoRA,125,23.78,68.02,563.06,563.06,24.87,0,ATB_47_2026-08-05.csv
2026-07-05T10:00:12Z,54,OTICE_v5_LoRA,0,23.85,63.54,589.81,589.81,25.04,0,ATB_54_2026-08-05.csv
2026-07-05T10:00:33Z,46_out,OTICE_v5_LoRA,0,23.59,56.4,0,0,0,0,ATB_46_2026-08-05.csv
2026-07-05T10:00:37Z,55,OTICE_v5_LoRA,0,0,0,473.72,473.72,25.04,0,ATB_55_2026-08-05.csv
2026-07-05T10:01:00Z,59,OTICE_v5_LoRA,19,23.65,65.27,0,0,0,0,ATB_59_2026-08-05.csv
2026-07-05T10:01:03Z,46_out,OTICE_v5_LoRA,0,23.59,56.4,0,0,0,0,ATB_46_2026-08-05.csv
2026-07-05T10:01:10Z,47,OTICE_v5_LoRA,126,23.76,68.02,561.45,561.45,24.85,0,ATB_47_2026-08-05.csv
2026-07-05T10:01:12Z,54,OTICE_v5_LoRA,0,23.81,63.54,588.53,588.53,24.97,0,ATB_54_2026-08-05.csv
2026-07-05T10:01:33Z,46_out,OTICE_v5_LoRA,0,23.59,56.5,0,0,0,0,ATB_46_2026-08-05.csv
2026-07-05T10:01:37Z,55,OTICE_v5_LoRA,0,0,0,475.91,475.91,25.09,0,ATB_55_2026-08-05.csv
2026-07-05T10:02:00Z,59,OTICE_v5_LoRA,12,23.65,65.27,0,0,0,0,ATB_59_2026-08-05.csv
2026-07-05T10:02:03Z,46_out,OTICE_v5_LoRA,0,23.59,56.4,0,0,0,0,ATB_46_2026-08-05.csv
2026-07-05T10:02:10Z,47,OTICE_v5_LoRA,126,23.75,68.23,562.11,562.11,24.87,0,ATB_47_2026-08-05.csv
2026-07-05T10:02:12Z,54,OTICE_v5_LoRA,0,23.85,63.64,591.75,591.75,25.04,0,ATB_54_2026-08-05.csv
2026-07-05T10:02:34Z,46_out,OTICE_v5_LoRA,0,23.59,56.5,0,0,0,0,ATB_46_2026-08-05.csv
2026-07-05T10:02:37Z,55,OTICE_v5_LoRA,0,0,0,477.89,477.89,25.07,0,ATB_55_2026-08-05.csv
2026-07-05T10:03:00Z,59,OTICE_v5_LoRA,20,23.64,65.47,0,0,0,0,ATB_59_2026-08-05.csv
2026-07-05T10:03:04Z,46_out,OTICE_v5_LoRA,0,23.6,56.6,0,0,0,0,ATB_46_2026-08-05.csv
2026-07-05T10:03:10Z,47,OTICE_v5_LoRA,124,23.75,68.32,561.31,561.31,24.78,0,ATB_47_2026-08-05.csv
2026-07-05T10:03:12Z,54,OTICE_v5_LoRA,0,23.81,63.75,592.49,592.49,24.92,0,ATB_54_2026-08-05.csv
2026-07-05T10:03:34Z,46_out,OTICE_v5_LoRA,0,23.59,56.6,0,0,0,0,ATB_46_2026-08-05.csv
2026-07-05T10:03:37Z,55,OTICE_v5_LoRA,0,0,0,477.01,477.01,25.07,0,ATB_55_2026-08-05.csv
2026-07-05T10:04:00Z,59,OTICE_v5_LoRA,20,23.64,65.47,0,0,0,0,ATB_59_2026-08-05.csv
2026-07-05T10:04:04Z,46_out,OTICE_v5_LoRA,0,23.6,56.5,0,0,0,0,ATB_46_2026-08-05.csv
2026-07-05T10:04:10Z,47,OTICE_v5_LoRA,126,23.75,68.23,560.77,560.77,24.82,0,ATB_47_2026-08-05.csv
2026-07-05T10:04:12Z,54,OTICE_v5_LoRA,0,23.85,63.64,593.17,593.17,24.94,0,ATB_54_2026-08-05.csv
2026-07-05T10:04:34Z,46_out,OTICE_v5_LoRA,0,23.6,56.5,0,0,0,0,ATB_46_2026-08-05.csv
2026-07-05T10:04:37Z,55,OTICE_v5_LoRA,0,0,0,478.42,478.42,25.07,0,ATB_55_2026-08-05.csv
2026-07-05T10:05:00Z,59,OTICE_v5_LoRA,20,23.64,65.47,0,0,0,0,ATB_59_2026-08-05.csv
2026-07-05T10:05:04Z,46_out,OTICE_v5_LoRA,0,23.62,56.6,0,0,0,0,ATB_46_2026-08-05.csv
2026-07-05T10:05:10Z,47,OTICE_v5_LoRA,134,23.76,68.32,561.56,561.56,24.86,0,ATB_47_2026-08-05.csv
2026-07-05T10:05:12Z,54,OTICE_v5_LoRA,0,23.88,63.72,594.72,594.72,24.99,0,ATB_54_2026-08-05.csv
2026-07-05T10:05:34Z,46_out,OTICE_v5_LoRA,0,23.62,56.5,0,0,0,0,ATB_46_2026-08-05.csv
2026-07-05T10:05:37Z,55,OTICE_v5_LoRA,0,0,0,475.56,475.56,25.07,0,ATB_55_2026-08-05.csv
2026-07-05T10:06:00Z,59,OTICE_v5_LoRA,19,23.64,65.57,0,0,0,0,ATB_59_2026-08-05.csv
2026-07-05T10:06:04Z,46_out,OTICE_v5_LoRA,0,23.64,56.6,0,0,0,0,ATB_46_2026-08-05.csv
2026-07-05T10:06:10Z,47,OTICE_v5_LoRA,128,23.78,68.32,559.73,559.73,24.86,0,ATB_47_2026-08-05.csv
2026-07-05T10:06:12Z,54,OTICE_v5_LoRA,0,23.88,63.72,596.94,596.94,25.05,0,ATB_54_2026-08-05.csv
2026-07-05T10:06:34Z,46_out,OTICE_v5_LoRA,0,23.64,56.6,0,0,0,0,ATB_46_2026-08-05.csv
2026-07-05T10:06:37Z,55,OTICE_v5_LoRA,0,0,0,477.35,477.35,25.06,0,ATB_55_2026-08-05.csv
2026-07-05T10:07:00Z,59,OTICE_v5_LoRA,15,23.67,65.37,0,0,0,0,ATB_59_2026-08-05.csv
2026-07-05T10:07:04Z,46_out,OTICE_v5_LoRA,0,23.64,56.5,0,0,0,0,ATB_46_2026-08-05.csv
2026-07-05T10:07:11Z,47,OTICE_v5_LoRA,122,23.79,68.23,559.61,559.61,24.85,0,ATB_47_2026-08-05.csv
2026-07-05T10:07:13Z,54,OTICE_v5_LoRA,0,23.89,63.61,595.44,595.44,24.99,0,ATB_54_2026-08-05.csv
2026-07-05T10:07:34Z,46_out,OTICE_v5_LoRA,0,23.64,56.5,0,0,0,0,ATB_46_2026-08-05.csv
2026-07-05T10:07:38Z,55,OTICE_v5_LoRA,0,0,0,477.28,477.28,25.11,0,ATB_55_2026-08-05.csv
2026-07-05T10:08:00Z,59,OTICE_v5_LoRA,20,23.67,65.47,0,0,0,0,ATB_59_2026-08-05.csv
2026-07-05T10:08:04Z,46_out,OTICE_v5_LoRA,0,23.64,56.5,0,0,0,0,ATB_46_2026-08-05.csv
2026-07-05T10:08:11Z,47,OTICE_v5_LoRA,127,23.79,68.23,560.73,560.73,24.85,0,ATB_47_2026-08-05.csv
2026-07-05T10:08:13Z,54,OTICE_v5_LoRA,0,23.92,63.61,596.98,596.98,25.01,0,ATB_54_2026-08-05.csv
2026-07-05T10:08:35Z,46_out,OTICE_v5_LoRA,0,23.64,56.6,0,0,0,0,ATB_46_2026-08-05.csv
2026-07-05T10:08:38Z,55,OTICE_v5_LoRA,0,0,0,479.13,479.13,25.06,0,ATB_55_2026-08-05.csv
2026-07-05T10:09:01Z,59,OTICE_v5_LoRA,15,23.67,65.47,0,0,0,0,ATB_59_2026-08-05.csv
2026-07-05T10:09:05Z,46_out,OTICE_v5_LoRA,0,23.62,56.5,0,0,0,0,ATB_46_2026-08-05.csv
2026-07-05T10:09:11Z,47,OTICE_v5_LoRA,126,23.79,68.32,561.95,561.95,24.87,0,ATB_47_2026-08-05.csv
2026-07-05T10:09:13Z,54,OTICE_v5_LoRA,0,23.89,63.61,598.25,598.25,25.07,0,ATB_54_2026-08-05.csv
2026-07-05T10:09:35Z,46_out,OTICE_v5_LoRA,0,23.64,56.5,0,0,0,0,ATB_46_2026-08-05.csv
2026-07-05T10:09:38Z,55,OTICE_v5_LoRA,0,0,0,478.82,478.82,25.07,0,ATB_55_2026-08-05.csv
2026-07-05T10:10:01Z,59,OTICE_v5_LoRA,16,23.67,65.57,0,0,0,0,ATB_59_2026-08-05.csv
2026-07-05T10:10:05Z,46_out,OTICE_v5_LoRA,0,23.64,56.5,0,0,0,0,ATB_46_2026-08-05.csv
2026-07-05T10:10:11Z,47,OTICE_v5_LoRA,128,23.79,68.32,566.67,566.67,24.9,0,ATB_47_2026-08-05.csv
2026-07-05T10:10:13Z,54,OTICE_v5_LoRA,0,23.89,63.72,601.27,601.27,25.05,0,ATB_54_2026-08-05.csv
2026-07-05T10:10:35Z,46_out,OTICE_v5_LoRA,0,23.64,56.6,0,0,0,0,ATB_46_2026-08-05.csv
2026-07-05T10:10:38Z,55,OTICE_v5_LoRA,0,0,0,478.8,478.8,25.11,0,ATB_55_2026-08-05.csv
2026-07-05T10:11:01Z,59,OTICE_v5_LoRA,17,23.67,65.37,0,0,0,0,ATB_59_2026-08-05.csv
2026-07-05T10:11:05Z,46_out,OTICE_v5_LoRA,0,23.62,56.6,0,0,0,0,ATB_46_2026-08-05.csv
2026-07-05T10:11:11Z,47,OTICE_v5_LoRA,132,23.78,68.23,565.19,565.19,24.86,0,ATB_47_2026-08-05.csv
2026-07-05T10:11:13Z,54,OTICE_v5_LoRA,0,23.86,63.61,601.4,601.4,25.02,0,ATB_54_2026-08-05.csv
2026-07-05T10:11:35Z,46_out,OTICE_v5_LoRA,0,23.62,56.6,0,0,0,0,ATB_46_2026-08-05.csv
2026-07-05T10:11:38Z,55,OTICE_v5_LoRA,0,0,0,479.36,479.36,25.04,0,ATB_55_2026-08-05.csv
2026-07-05T10:12:01Z,59,OTICE_v5_LoRA,14,23.64,65.47,0,0,0,0,ATB_59_2026-08-05.csv
2026-07-05T10:12:05Z,46_out,OTICE_v5_LoRA,0,23.62,56.6,0,0,0,0,ATB_46_2026-08-05.csv
2026-07-05T10:12:11Z,47,OTICE_v5_LoRA,126,23.78,68.23,564.02,564.02,24.8,0,ATB_47_2026-08-05.csv
2026-07-05T10:12:13Z,54,OTICE_v5_LoRA,0,23.88,63.61,600.9,600.9,25.02,0,ATB_54_2026-08-05.csv
2026-07-05T10:12:35Z,46_out,OTICE_v5_LoRA,0,23.62,56.6,0,0,0,0,ATB_46_2026-08-05.csv
2026-07-05T10:12:38Z,55,OTICE_v5_LoRA,127,0,0,479.07,479.07,25.07,0,ATB_55_2026-08-05.csv
2026-07-05T10:13:01Z,59,OTICE_v5_LoRA,13,23.64,65.57,0,0,0,0,ATB_59_2026-08-05.csv
2026-07-05T10:13:05Z,46_out,OTICE_v5_LoRA,0,23.6,56.7,0,0,0,0,ATB_46_2026-08-05.csv
2026-07-05T10:13:11Z,47,OTICE_v5_LoRA,130,23.79,68.23,563.03,563.03,24.89,0,ATB_47_2026-08-05.csv
2026-07-05T10:13:13Z,54,OTICE_v5_LoRA,0,23.89,63.61,601.48,601.48,24.99,0,ATB_54_2026-08-05.csv
2026-07-05T10:13:35Z,46_out,OTICE_v5_LoRA,0,23.62,56.7,0,0,0,0,ATB_46_2026-08-05.csv
2026-07-05T10:13:38Z,55,OTICE_v5_LoRA,127,0,0,477.03,477.03,25.03,0,ATB_55_2026-08-05.csv
2026-07-05T10:14:01Z,59,OTICE_v5_LoRA,17,23.64,65.57,0,0,0,0,ATB_59_2026-08-05.csv
2026-07-05T10:14:05Z,46_out,OTICE_v5_LoRA,0,23.6,56.6,0,0,0,0,ATB_46_2026-08-05.csv
2026-07-05T10:14:11Z,47,OTICE_v5_LoRA,125,23.79,68.23,563.99,563.99,24.82,0,ATB_47_2026-08-05.csv
2026-07-05T10:14:13Z,54,OTICE_v5_LoRA,0,23.89,63.61,600.75,600.75,25.04,0,ATB_54_2026-08-05.csv
2026-07-05T10:14:36Z,46_out,OTICE_v5_LoRA,0,23.62,56.7,0,0,0,0,ATB_46_2026-08-05.csv
2026-07-05T10:14:38Z,55,OTICE_v5_LoRA,127,0,0,476.6,476.6,25.03,0,ATB_55_2026-08-05.csv
2026-07-05T10:15:01Z,59,OTICE_v5_LoRA,9,23.65,65.47,0,0,0,0,ATB_59_2026-08-05.csv
2026-07-05T10:15:06Z,46_out,OTICE_v5_LoRA,0,23.6,56.5,0,0,0,0,ATB_46_2026-08-05.csv
2026-07-05T10:15:11Z,47,OTICE_v5_LoRA,127,23.78,68.23,564.3,564.3,24.89,0,ATB_47_2026-08-05.csv
2026-07-05T10:15:13Z,54,OTICE_v5_LoRA,0,23.85,63.75,600.57,600.57,25.02,0,ATB_54_2026-08-05.csv
2026-07-05T10:15:36Z,46_out,OTICE_v5_LoRA,0,23.6,56.5,0,0,0,0,ATB_46_2026-08-05.csv
2026-07-05T10:15:38Z,55,OTICE_v5_LoRA,127,0,0,475.83,475.83,25.15,0,ATB_55_2026-08-05.csv
2026-07-05T10:16:01Z,59,OTICE_v5_LoRA,10,23.71,65.17,0,0,0,0,ATB_59_2026-08-05.csv
2026-07-05T10:16:06Z,46_out,OTICE_v5_LoRA,0,23.6,56.4,0,0,0,0,ATB_46_2026-08-05.csv
2026-07-05T10:16:11Z,47,OTICE_v5_LoRA,125,23.81,68.02,565.73,565.73,25.1,0,ATB_47_2026-08-05.csv
2026-07-05T10:16:14Z,54,OTICE_v5_LoRA,0,23.83,63.54,601.24,601.24,25.21,0,ATB_54_2026-08-05.csv
2026-07-05T10:16:36Z,46_out,OTICE_v5_LoRA,0,23.6,56.5,0,0,0,0,ATB_46_2026-08-05.csv
2026-07-05T10:16:38Z,55,OTICE_v5_LoRA,0,0,0,475.68,475.68,25.24,0,ATB_55_2026-08-05.csv
2026-07-05T10:17:11Z,47,OTICE_v5_LoRA,122,23.81,68.13,567.11,567.11,25.1,0,ATB_47_2026-08-05.csv
2026-07-05T10:17:13Z,54,OTICE_v5_LoRA,0,23.85,63.64,600.98,600.98,25.22,0,ATB_54_2026-08-05.csv
2026-07-05T10:17:29Z,46_out,OTICE_v5_LoRA,0,23.6,56.3,0,0,0,0,ATB_46_2026-08-05.csv
2026-07-05T10:17:38Z,55,OTICE_v5_LoRA,0,0,0,477.38,477.38,25.25,0,ATB_55_2026-08-05.csv
2026-07-05T10:17:59Z,46_out,OTICE_v5_LoRA,0,23.64,56.4,0,0,0,0,ATB_46_2026-08-05.csv
2026-07-05T10:17:59Z,59,OTICE_v5_LoRA,10,23.72,64.97,0,0,0,0,ATB_59_2026-08-05.csv
2026-07-05T10:18:11Z,47,OTICE_v5_LoRA,123,23.82,67.93,566.27,566.27,25.19,0,ATB_47_2026-08-05.csv
2026-07-05T10:18:14Z,54,OTICE_v5_LoRA,0,23.83,63.54,603.84,603.84,25.36,0,ATB_54_2026-08-05.csv
2026-07-05T10:18:29Z,46_out,OTICE_v5_LoRA,0,23.6,56.3,0,0,0,0,ATB_46_2026-08-05.csv
2026-07-05T10:18:38Z,55,OTICE_v5_LoRA,0,0,0,476.82,476.82,25.31,0,ATB_55_2026-08-05.csv
2026-07-05T10:18:59Z,46_out,OTICE_v5_LoRA,0,23.62,56.3,0,0,0,0,ATB_46_2026-08-05.csv
2026-07-05T10:18:59Z,59,OTICE_v5_LoRA,12,23.75,64.97,0,0,0,0,ATB_59_2026-08-05.csv
2026-07-05T10:19:11Z,47,OTICE_v5_LoRA,129,23.82,68.02,563.64,563.64,25.19,0,ATB_47_2026-08-05.csv
2026-07-05T10:19:14Z,54,OTICE_v5_LoRA,0,23.85,63.64,603.37,603.37,25.33,0,ATB_54_2026-08-05.csv
2026-07-05T10:19:30Z,46_out,OTICE_v5_LoRA,0,23.6,56.3,0,0,0,0,ATB_46_2026-08-05.csv
2026-07-05T10:19:38Z,55,OTICE_v5_LoRA,0,0,0,476.23,476.23,25.33,0,ATB_55_2026-08-05.csv
2026-07-05T10:19:59Z,59,OTICE_v5_LoRA,13,23.74,64.87,0,0,0,0,ATB_59_2026-08-05.csv
2026-07-05T10:20:00Z,46_out,OTICE_v5_LoRA,0,23.59,56.2,0,0,0,0,ATB_46_2026-08-05.csv
2026-07-05T10:20:11Z,47,OTICE_v5_LoRA,130,23.82,68.02,560.34,560.34,25.21,0,ATB_47_2026-08-05.csv
2026-07-05T10:20:14Z,54,OTICE_v5_LoRA,0,23.81,63.54,604.3,604.3,25.38,0,ATB_54_2026-08-05.csv
2026-07-05T10:20:30Z,46_out,OTICE_v5_LoRA,0,23.6,56.3,0,0,0,0,ATB_46_2026-08-05.csv
2026-07-05T10:20:38Z,55,OTICE_v5_LoRA,0,0,0,476.56,476.56,25.37,0,ATB_55_2026-08-05.csv
2026-07-05T10:20:59Z,59,OTICE_v5_LoRA,9,23.75,64.77,0,0,0,0,ATB_59_2026-08-05.csv
2026-07-05T10:21:00Z,46_out,OTICE_v5_LoRA,0,23.59,56.3,0,0,0,0,ATB_46_2026-08-05.csv
2026-07-05T10:21:11Z,47,OTICE_v5_LoRA,122,23.82,67.93,557.93,557.93,25.23,0,ATB_47_2026-08-05.csv
2026-07-05T10:21:14Z,54,OTICE_v5_LoRA,0,23.81,63.54,604.68,604.68,25.35,0,ATB_54_2026-08-05.csv
2026-07-05T10:21:30Z,46_out,OTICE_v5_LoRA,0,23.6,56.2,0,0,0,0,ATB_46_2026-08-05.csv
2026-07-05T10:21:38Z,55,OTICE_v5_LoRA,0,0,0,477.75,477.75,25.37,0,ATB_55_2026-08-05.csv
2026-07-05T10:21:59Z,59,OTICE_v5_LoRA,14,23.77,64.77,0,0,0,0,ATB_59_2026-08-05.csv
2026-07-05T10:22:00Z,46_out,OTICE_v5_LoRA,0,23.59,56.2,0,0,0,0,ATB_46_2026-08-05.csv
2026-07-05T10:22:12Z,47,OTICE_v5_LoRA,124,23.82,67.83,558.76,558.76,25.21,0,ATB_47_2026-08-05.csv
2026-07-05T10:22:14Z,54,OTICE_v5_LoRA,0,23.81,63.45,604.95,604.95,25.4,0,ATB_54_2026-08-05.csv
2026-07-05T10:22:30Z,46_out,OTICE_v5_LoRA,0,23.6,56.2,0,0,0,0,ATB_46_2026-08-05.csv
2026-07-05T10:22:38Z,55,OTICE_v5_LoRA,0,0,0,477.99,477.99,25.37,0,ATB_55_2026-08-05.csv
2026-07-05T10:23:00Z,46_out,OTICE_v5_LoRA,0,23.6,56.2,0,0,0,0,ATB_46_2026-08-05.csv
2026-07-05T10:23:00Z,59,OTICE_v5_LoRA,8,23.77,64.77,0,0,0,0,ATB_59_2026-08-05.csv
2026-07-05T10:23:12Z,47,OTICE_v5_LoRA,126,23.84,67.83,558.75,558.75,25.27,0,ATB_47_2026-08-05.csv
2026-07-05T10:23:14Z,54,OTICE_v5_LoRA,0,23.85,63.45,602.83,602.83,25.39,0,ATB_54_2026-08-05.csv
2026-07-05T10:23:30Z,46_out,OTICE_v5_LoRA,0,23.6,56.2,0,0,0,0,ATB_46_2026-08-05.csv
2026-07-05T10:23:38Z,55,OTICE_v5_LoRA,0,0,0,479.09,479.09,25.38,0,ATB_55_2026-08-05.csv
2026-07-05T10:24:00Z,46_out,OTICE_v5_LoRA,0,23.6,56.2,0,0,0,0,ATB_46_2026-08-05.csv
2026-07-05T10:24:00Z,59,OTICE_v5_LoRA,14,23.78,64.64,0,0,0,0,ATB_59_2026-08-05.csv
2026-07-05T10:24:12Z,47,OTICE_v5_LoRA,119,23.85,67.83,558.78,558.78,25.27,0,ATB_47_2026-08-05.csv
2026-07-05T10:24:14Z,54,OTICE_v5_LoRA,0,23.86,63.51,603.06,603.06,25.36,0,ATB_54_2026-08-05.csv
2026-07-05T10:24:30Z,46_out,OTICE_v5_LoRA,0,23.6,56.1,0,0,0,0,ATB_46_2026-08-05.csv
2026-07-05T10:24:38Z,55,OTICE_v5_LoRA,0,0,0,481.9,481.9,25.41,0,ATB_55_2026-08-05.csv
2026-07-05T10:25:00Z,59,OTICE_v5_LoRA,15,23.79,64.74,0,0,0,0,ATB_59_2026-08-05.csv
2026-07-05T10:25:01Z,46_out,OTICE_v5_LoRA,0,23.6,56.2,0,0,0,0,ATB_46_2026-08-05.csv
2026-07-05T10:25:12Z,47,OTICE_v5_LoRA,126,23.85,68.02,561.48,561.48,25.24,0,ATB_47_2026-08-05.csv
2026-07-05T10:25:14Z,54,OTICE_v5_LoRA,0,23.86,63.61,601.57,601.57,25.38,0,ATB_54_2026-08-05.csv
2026-07-05T10:25:31Z,46_out,OTICE_v5_LoRA,0,23.6,56.2,0,0,0,0,ATB_46_2026-08-05.csv
2026-07-05T10:25:39Z,55,OTICE_v5_LoRA,0,0,0,479.42,479.42,25.44,0,ATB_55_2026-08-05.csv
2026-07-05T10:26:00Z,59,OTICE_v5_LoRA,15,23.82,64.74,0,0,0,0,ATB_59_2026-08-05.csv
2026-07-05T10:26:01Z,46_out,OTICE_v5_LoRA,0,23.6,56.2,0,0,0,0,ATB_46_2026-08-05.csv
2026-07-05T10:26:12Z,47,OTICE_v5_LoRA,117,23.88,67.73,561.22,561.22,25.31,0,ATB_47_2026-08-05.csv
2026-07-05T10:26:14Z,54,OTICE_v5_LoRA,0,23.86,63.31,603.53,603.53,25.4,0,ATB_54_2026-08-05.csv
2026-07-05T10:26:31Z,46_out,OTICE_v5_LoRA,0,23.6,56.2,0,0,0,0,ATB_46_2026-08-05.csv
2026-07-05T10:26:39Z,55,OTICE_v5_LoRA,0,5.12,0,477.8,477.8,25.41,0,ATB_55_2026-08-05.csv
2026-07-05T10:27:00Z,59,OTICE_v5_LoRA,15,23.82,64.64,0,0,0,0,ATB_59_2026-08-05.csv
2026-07-05T10:27:01Z,46_out,OTICE_v5_LoRA,0,23.62,56.2,0,0,0,0,ATB_46_2026-08-05.csv
2026-07-05T10:27:12Z,47,OTICE_v5_LoRA,125,23.88,67.73,562.92,562.92,25.34,0,ATB_47_2026-08-05.csv
2026-07-05T10:27:14Z,54,OTICE_v5_LoRA,0,23.86,63.42,600.24,600.24,25.45,0,ATB_54_2026-08-05.csv
2026-07-05T10:27:31Z,46_out,OTICE_v5_LoRA,0,23.62,56.1,0,0,0,0,ATB_46_2026-08-05.csv
2026-07-05T10:27:39Z,55,OTICE_v5_LoRA,0,5.12,0,479.24,479.24,25.42,0,ATB_55_2026-08-05.csv
2026-07-05T10:28:00Z,59,OTICE_v5_LoRA,14,23.79,64.64,0,0,0,0,ATB_59_2026-08-05.csv
2026-07-05T10:28:01Z,46_out,OTICE_v5_LoRA,0,23.62,56.2,0,0,0,0,ATB_46_2026-08-05.csv
2026-07-05T10:28:12Z,47,OTICE_v5_LoRA,120,23.88,67.73,565.33,565.33,25.34,0,ATB_47_2026-08-05.csv
2026-07-05T10:28:14Z,54,OTICE_v5_LoRA,0,23.88,63.31,600.15,600.15,25.43,0,ATB_54_2026-08-05.csv
2026-07-05T10:28:31Z,46_out,OTICE_v5_LoRA,0,23.6,56.2,0,0,0,0,ATB_46_2026-08-05.csv
2026-07-05T10:28:39Z,55,OTICE_v5_LoRA,0,5.12,0,479.94,479.94,25.42,0,ATB_55_2026-08-05.csv
2026-07-05T10:29:00Z,59,OTICE_v5_LoRA,14,23.82,64.64,0,0,0,0,ATB_59_2026-08-05.csv
2026-07-05T10:29:01Z,46_out,OTICE_v5_LoRA,0,23.6,56.2,0,0,0,0,ATB_46_2026-08-05.csv
2026-07-05T10:29:12Z,47,OTICE_v5_LoRA,124,23.88,67.93,566,566,25.27,0,ATB_47_2026-08-05.csv
2026-07-05T10:29:14Z,54,OTICE_v5_LoRA,0,23.88,63.51,598.37,598.37,25.42,0,ATB_54_2026-08-05.csv
2026-07-05T10:29:31Z,46_out,OTICE_v5_LoRA,0,23.59,56.3,0,0,0,0,ATB_46_2026-08-05.csv
2026-07-05T10:29:40Z,55,OTICE_v5_LoRA,0,5.12,0,479.9,479.9,25.42,0,ATB_55_2026-08-05.csv
2026-07-05T10:30:00Z,59,OTICE_v5_LoRA,15,23.79,64.84,0,0,0,0,ATB_59_2026-08-05.csv
2026-07-05T10:30:01Z,46_out,OTICE_v5_LoRA,0,23.62,56.3,0,0,0,0,ATB_46_2026-08-05.csv
2026-07-05T10:30:12Z,47,OTICE_v5_LoRA,127,23.85,68.02,568.21,568.21,25.3,0,ATB_47_2026-08-05.csv
2026-07-05T10:30:14Z,54,OTICE_v5_LoRA,0,23.88,63.42,596.22,596.22,25.43,0,ATB_54_2026-08-05.csv
2026-07-05T10:30:32Z,46_out,OTICE_v5_LoRA,0,23.62,56.4,0,0,0,0,ATB_46_2026-08-05.csv
2026-07-05T10:30:39Z,55,OTICE_v5_LoRA,0,5.12,0,480.81,480.81,25.45,0,ATB_55_2026-08-05.csv
2026-07-05T10:31:00Z,59,OTICE_v5_LoRA,18,23.79,64.84,0,0,0,0,ATB_59_2026-08-05.csv
2026-07-05T10:31:02Z,46_out,OTICE_v5_LoRA,0,23.62,56.3,0,0,0,0,ATB_46_2026-08-05.csv
2026-07-05T10:31:12Z,47,OTICE_v5_LoRA,123,23.86,68.02,568.11,568.11,25.29,0,ATB_47_2026-08-05.csv
2026-07-05T10:31:14Z,54,OTICE_v5_LoRA,0,23.86,63.51,593.36,593.36,25.38,0,ATB_54_2026-08-05.csv
2026-07-05T10:31:32Z,46_out,OTICE_v5_LoRA,0,23.64,56.4,0,0,0,0,ATB_46_2026-08-05.csv
2026-07-05T10:31:39Z,55,OTICE_v5_LoRA,0,5.12,0,477.73,477.73,25.44,0,ATB_55_2026-08-05.csv
2026-07-05T10:32:00Z,59,OTICE_v5_LoRA,12,23.78,64.84,0,0,0,0,ATB_59_2026-08-05.csv
2026-07-05T10:32:02Z,46_out,OTICE_v5_LoRA,0,23.64,56.4,0,0,0,0,ATB_46_2026-08-05.csv
2026-07-05T10:32:12Z,47,OTICE_v5_LoRA,117,23.85,67.93,565.06,565.06,25.27,0,ATB_47_2026-08-05.csv
2026-07-05T10:32:14Z,54,OTICE_v5_LoRA,0,23.86,63.61,590.67,590.67,25.4,0,ATB_54_2026-08-05.csv
2026-07-05T10:32:32Z,46_out,OTICE_v5_LoRA,0,23.62,56.3,0,0,0,0,ATB_46_2026-08-05.csv
2026-07-05T10:32:39Z,55,OTICE_v5_LoRA,0,5.12,0,476.8,476.8,25.44,0,ATB_55_2026-08-05.csv
2026-07-05T10:33:00Z,59,OTICE_v5_LoRA,15,23.79,64.94,0,0,0,0,ATB_59_2026-08-05.csv
2026-07-05T10:33:02Z,46_out,OTICE_v5_LoRA,0,23.62,56.3,0,0,0,0,ATB_46_2026-08-05.csv
2026-07-05T10:33:13Z,47,OTICE_v5_LoRA,131,23.86,68.02,561.86,561.86,25.34,0,ATB_47_2026-08-05.csv
2026-07-05T10:33:15Z,54,OTICE_v5_LoRA,0,23.86,63.42,593.55,593.55,25.43,0,ATB_54_2026-08-05.csv
2026-07-05T10:33:32Z,46_out,OTICE_v5_LoRA,0,23.62,56.4,0,0,0,0,ATB_46_2026-08-05.csv
2026-07-05T10:33:39Z,55,OTICE_v5_LoRA,61440,0,0,475.13,475.13,25.44,0,ATB_55_2026-08-05.csv
2026-07-05T10:34:01Z,59,OTICE_v5_LoRA,10,23.79,64.84,0,0,0,0,ATB_59_2026-08-05.csv
2026-07-05T10:34:02Z,46_out,OTICE_v5_LoRA,0,23.62,56.4,0,0,0,0,ATB_46_2026-08-05.csv
2026-07-05T10:34:13Z,47,OTICE_v5_LoRA,124,23.86,68.02,562.21,562.21,25.3,0,ATB_47_2026-08-05.csv
2026-07-05T10:34:15Z,54,OTICE_v5_LoRA,0,23.86,63.72,592.76,592.76,25.42,0,ATB_54_2026-08-05.csv
2026-07-05T10:34:32Z,46_out,OTICE_v5_LoRA,0,23.62,56.3,0,0,0,0,ATB_46_2026-08-05.csv
2026-07-05T10:34:39Z,55,OTICE_v5_LoRA,61440,0,0,478.02,478.02,25.42,0,ATB_55_2026-08-05.csv
2026-07-05T10:35:01Z,59,OTICE_v5_LoRA,10,23.79,64.84,0,0,0,0,ATB_59_2026-08-05.csv
2026-07-05T10:35:02Z,46_out,OTICE_v5_LoRA,0,23.62,56.5,0,0,0,0,ATB_46_2026-08-05.csv
2026-07-05T10:35:13Z,47,OTICE_v5_LoRA,123,23.85,68.02,565.27,565.27,25.31,0,ATB_47_2026-08-05.csv
2026-07-05T10:35:15Z,54,OTICE_v5_LoRA,0,23.88,63.51,593.1,593.1,25.43,0,ATB_54_2026-08-05.csv
2026-07-05T10:35:32Z,46_out,OTICE_v5_LoRA,0,23.64,56.4,0,0,0,0,ATB_46_2026-08-05.csv
2026-07-05T10:35:39Z,55,OTICE_v5_LoRA,61440,0,0,477.32,477.32,25.42,0,ATB_55_2026-08-05.csv
2026-07-05T10:36:01Z,59,OTICE_v5_LoRA,15,23.79,64.94,0,0,0,0,ATB_59_2026-08-05.csv
2026-07-05T10:36:03Z,46_out,OTICE_v5_LoRA,0,23.64,56.3,0,0,0,0,ATB_46_2026-08-05.csv
2026-07-05T10:36:13Z,47,OTICE_v5_LoRA,123,23.85,68.02,564.91,564.91,25.26,0,ATB_47_2026-08-05.csv
2026-07-05T10:36:15Z,54,OTICE_v5_LoRA,0,23.86,63.51,594.86,594.86,25.43,0,ATB_54_2026-08-05.csv
2026-07-05T10:36:33Z,46_out,OTICE_v5_LoRA,0,23.65,56.5,0,0,0,0,ATB_46_2026-08-05.csv
2026-07-05T10:36:39Z,55,OTICE_v5_LoRA,61440,0,0,478.78,478.78,25.44,0,ATB_55_2026-08-05.csv
2026-07-05T10:37:01Z,59,OTICE_v5_LoRA,12,23.82,64.74,0,0,0,0,ATB_59_2026-08-05.csv
2026-07-05T10:37:03Z,46_out,OTICE_v5_LoRA,0,23.65,56.4,0,0,0,0,ATB_46_2026-08-05.csv
2026-07-05T10:37:13Z,47,OTICE_v5_LoRA,126,23.86,68.23,565.38,565.38,25.26,0,ATB_47_2026-08-05.csv
2026-07-05T10:37:15Z,54,OTICE_v5_LoRA,0,23.86,63.51,593.3,593.3,25.38,0,ATB_54_2026-08-05.csv
2026-07-05T10:37:33Z,46_out,OTICE_v5_LoRA,0,23.65,56.5,0,0,0,0,ATB_46_2026-08-05.csv
2026-07-05T10:37:39Z,55,OTICE_v5_LoRA,61440,0,0,479.82,479.82,25.44,0,ATB_55_2026-08-05.csv
2026-07-05T10:38:01Z,59,OTICE_v5_LoRA,14,23.82,64.84,0,0,0,0,ATB_59_2026-08-05.csv
2026-07-05T10:38:03Z,46_out,OTICE_v5_LoRA,0,23.65,56.6,0,0,0,0,ATB_46_2026-08-05.csv
2026-07-05T10:38:13Z,47,OTICE_v5_LoRA,122,23.88,68.02,565.91,565.91,25.26,0,ATB_47_2026-08-05.csv
2026-07-05T10:38:15Z,54,OTICE_v5_LoRA,0,23.86,63.61,593.78,593.78,25.38,0,ATB_54_2026-08-05.csv
2026-07-05T10:38:33Z,46_out,OTICE_v5_LoRA,0,23.65,56.5,0,0,0,0,ATB_46_2026-08-05.csv
2026-07-05T10:38:39Z,55,OTICE_v5_LoRA,61440,0,0,480.24,480.24,25.47,0,ATB_55_2026-08-05.csv
2026-07-05T10:39:01Z,59,OTICE_v5_LoRA,15,23.82,64.64,0,0,0,0,ATB_59_2026-08-05.csv
2026-07-05T10:39:03Z,46_out,OTICE_v5_LoRA,0,23.67,56.5,0,0,0,0,ATB_46_2026-08-05.csv
2026-07-05T10:39:13Z,47,OTICE_v5_LoRA,124,23.86,68.02,566.49,566.49,25.3,0,ATB_47_2026-08-05.csv
2026-07-05T10:39:15Z,54,OTICE_v5_LoRA,0,23.88,63.51,595.6,595.6,25.43,0,ATB_54_2026-08-05.csv
2026-07-05T10:39:33Z,46_out,OTICE_v5_LoRA,0,23.65,56.5,0,0,0,0,ATB_46_2026-08-05.csv
2026-07-05T10:39:39Z,55,OTICE_v5_LoRA,61440,0,0,483.38,483.38,25.47,0,ATB_55_2026-08-05.csv
2026-07-05T10:40:01Z,59,OTICE_v5_LoRA,9,23.82,64.64,0,0,0,0,ATB_59_2026-08-05.csv
2026-07-05T10:40:03Z,46_out,OTICE_v5_LoRA,0,23.65,56.4,0,0,0,0,ATB_46_2026-08-05.csv
2026-07-05T10:40:13Z,47,OTICE_v5_LoRA,122,23.88,68.02,567.82,567.82,25.27,0,ATB_47_2026-08-05.csv
2026-07-05T10:40:15Z,54,OTICE_v5_LoRA,0,23.88,63.61,596.22,596.22,25.39,0,ATB_54_2026-08-05.csv
2026-07-05T10:40:33Z,46_out,OTICE_v5_LoRA,0,23.67,56.3,0,0,0,0,ATB_46_2026-08-05.csv
2026-07-05T10:40:39Z,55,OTICE_v5_LoRA,61440,0,0,482.92,482.92,25.44,0,ATB_55_2026-08-05.csv
2026-07-05T10:41:01Z,59,OTICE_v5_LoRA,13,23.83,64.64,0,0,0,0,ATB_59_2026-08-05.csv
2026-07-05T10:41:03Z,46_out,OTICE_v5_LoRA,0,23.67,56.6,0,0,0,0,ATB_46_2026-08-05.csv
2026-07-05T10:41:13Z,47,OTICE_v5_LoRA,128,23.86,68.13,567.11,567.11,25.29,0,ATB_47_2026-08-05.csv
2026-07-05T10:41:15Z,54,OTICE_v5_LoRA,0,23.86,63.51,597.21,597.21,25.39,0,ATB_54_2026-08-05.csv
2026-07-05T10:41:34Z,46_out,OTICE_v5_LoRA,0,23.67,56.5,0,0,0,0,ATB_46_2026-08-05.csv
2026-07-05T10:41:40Z,55,OTICE_v5_LoRA,33023,0,0,479.08,479.08,25.44,0,ATB_55_2026-08-05.csv
2026-07-05T10:42:01Z,59,OTICE_v5_LoRA,15,23.82,65.04,0,0,0,0,ATB_59_2026-08-05.csv
2026-07-05T10:42:04Z,46_out,OTICE_v5_LoRA,0,23.67,56.6,0,0,0,0,ATB_46_2026-08-05.csv
2026-07-05T10:42:13Z,47,OTICE_v5_LoRA,123,23.88,68.13,567.31,567.31,25.24,0,ATB_47_2026-08-05.csv
2026-07-05T10:42:15Z,54,OTICE_v5_LoRA,0,23.86,63.81,595.08,595.08,25.29,0,ATB_54_2026-08-05.csv
2026-07-05T10:42:34Z,46_out,OTICE_v5_LoRA,0,23.67,56.3,0,0,0,0,ATB_46_2026-08-05.csv
2026-07-05T10:42:40Z,55,OTICE_v5_LoRA,33023,0,0,478.23,478.23,25.44,0,ATB_55_2026-08-05.csv
2026-07-05T10:43:01Z,59,OTICE_v5_LoRA,10,23.82,65.04,0,0,0,0,ATB_59_2026-08-05.csv
2026-07-05T10:43:04Z,46_out,OTICE_v5_LoRA,0,23.67,56.5,0,0,0,0,ATB_46_2026-08-05.csv
2026-07-05T10:43:13Z,47,OTICE_v5_LoRA,129,23.88,68.02,568.21,568.21,25.26,0,ATB_47_2026-08-05.csv
2026-07-05T10:43:15Z,54,OTICE_v5_LoRA,0,23.88,63.61,598.81,598.81,25.38,0,ATB_54_2026-08-05.csv
2026-07-05T10:43:34Z,46_out,OTICE_v5_LoRA,0,23.65,56.5,0,0,0,0,ATB_46_2026-08-05.csv
2026-07-05T10:43:40Z,55,OTICE_v5_LoRA,0,0,74.24,475.44,475.44,25.47,0,ATB_55_2026-08-05.csv
2026-07-05T10:44:01Z,59,OTICE_v5_LoRA,14,23.82,64.94,0,0,0,0,ATB_59_2026-08-05.csv
2026-07-05T10:44:04Z,46_out,OTICE_v5_LoRA,0,23.68,56.5,0,0,0,0,ATB_46_2026-08-05.csv
2026-07-05T10:44:14Z,47,OTICE_v5_LoRA,126,23.88,68.13,570.52,570.52,25.27,0,ATB_47_2026-08-05.csv
2026-07-05T10:44:15Z,54,OTICE_v5_LoRA,0,23.86,63.61,597.29,597.29,25.32,0,ATB_54_2026-08-05.csv
2026-07-05T10:44:34Z,46_out,OTICE_v5_LoRA,0,23.67,56.5,0,0,0,0,ATB_46_2026-08-05.csv
2026-07-05T10:44:40Z,55,OTICE_v5_LoRA,0,0,74.24,478.09,478.09,25.45,0,ATB_55_2026-08-05.csv
2026-07-05T10:45:01Z,59,OTICE_v5_LoRA,16,23.84,64.94,0,0,0,0,ATB_59_2026-08-05.csv
2026-07-05T10:45:04Z,46_out,OTICE_v5_LoRA,0,23.68,56.5,0,0,0,0,ATB_46_2026-08-05.csv
2026-07-05T10:45:14Z,47,OTICE_v5_LoRA,119,23.91,68.02,570.42,570.42,25.17,0,ATB_47_2026-08-05.csv
2026-07-05T10:45:15Z,54,OTICE_v5_LoRA,0,23.91,63.42,597.33,597.33,25.36,0,ATB_54_2026-08-05.csv
2026-07-05T10:45:34Z,46_out,OTICE_v5_LoRA,0,23.68,56.5,0,0,0,0,ATB_46_2026-08-05.csv
2026-07-05T10:45:40Z,55,OTICE_v5_LoRA,49153,0,0,478.16,478.16,25.44,0,ATB_55_2026-08-05.csv
2026-07-05T10:46:02Z,59,OTICE_v5_LoRA,15,23.83,65.04,0,0,0,0,ATB_59_2026-08-05.csv
2026-07-05T10:46:04Z,46_out,OTICE_v5_LoRA,0,23.71,56.5,0,0,0,0,ATB_46_2026-08-05.csv
2026-07-05T10:46:14Z,47,OTICE_v5_LoRA,123,23.93,68.02,568.35,568.35,25.24,0,ATB_47_2026-08-05.csv
2026-07-05T10:46:15Z,54,OTICE_v5_LoRA,0,23.92,63.51,596.06,596.06,25.32,0,ATB_54_2026-08-05.csv
2026-07-05T10:46:34Z,46_out,OTICE_v5_LoRA,0,23.71,56.4,0,0,0,0,ATB_46_2026-08-05.csv
2026-07-05T10:46:40Z,55,OTICE_v5_LoRA,49153,0,0,477.27,477.27,25.38,0,ATB_55_2026-08-05.csv
2026-07-05T10:47:02Z,59,OTICE_v5_LoRA,19,23.82,64.94,0,0,0,0,ATB_59_2026-08-05.csv
2026-07-05T10:47:05Z,46_out,OTICE_v5_LoRA,0,23.68,56.4,0,0,0,0,ATB_46_2026-08-05.csv
2026-07-05T10:47:14Z,47,OTICE_v5_LoRA,132,23.89,67.83,570.01,570.01,25.09,0,ATB_47_2026-08-05.csv
2026-07-05T10:47:16Z,54,OTICE_v5_LoRA,0,23.92,63.42,593.99,593.99,25.23,0,ATB_54_2026-08-05.csv
2026-07-05T10:47:35Z,46_out,OTICE_v5_LoRA,0,23.68,56.4,0,0,0,0,ATB_46_2026-08-05.csv
2026-07-05T10:47:40Z,55,OTICE_v5_LoRA,49153,0,0,476.64,476.64,25.31,0,ATB_55_2026-08-05.csv
2026-07-05T10:48:02Z,59,OTICE_v5_LoRA,13,23.79,64.84,0,0,0,0,ATB_59_2026-08-05.csv
2026-07-05T10:48:05Z,46_out,OTICE_v5_LoRA,0,23.69,56.4,0,0,0,0,ATB_46_2026-08-05.csv
2026-07-05T10:48:14Z,47,OTICE_v5_LoRA,127,23.93,67.73,569.73,569.73,25.05,0,ATB_47_2026-08-05.csv
2026-07-05T10:48:16Z,54,OTICE_v5_LoRA,0,23.95,63.42,594.25,594.25,25.18,0,ATB_54_2026-08-05.csv
2026-07-05T10:48:35Z,46_out,OTICE_v5_LoRA,0,23.69,56.4,0,0,0,0,ATB_46_2026-08-05.csv
2026-07-05T10:48:40Z,55,OTICE_v5_LoRA,32768,0,0,476.05,476.05,25.28,0,ATB_55_2026-08-05.csv
2026-07-05T10:49:02Z,59,OTICE_v5_LoRA,13,23.78,65.04,0,0,0,0,ATB_59_2026-08-05.csv
2026-07-05T10:49:05Z,46_out,OTICE_v5_LoRA,0,23.69,56.3,0,0,0,0,ATB_46_2026-08-05.csv
2026-07-05T10:49:14Z,47,OTICE_v5_LoRA,121,23.93,67.83,567.99,567.99,25.03,0,ATB_47_2026-08-05.csv
2026-07-05T10:49:16Z,54,OTICE_v5_LoRA,0,23.98,63.42,598.77,598.77,25.21,0,ATB_54_2026-08-05.csv
2026-07-05T10:49:35Z,46_out,OTICE_v5_LoRA,0,23.68,56.5,0,0,0,0,ATB_46_2026-08-05.csv
2026-07-05T10:49:40Z,55,OTICE_v5_LoRA,32768,0,0,475.49,475.49,25.27,0,ATB_55_2026-08-05.csv
2026-07-05T10:50:02Z,59,OTICE_v5_LoRA,11,23.78,65.04,0,0,0,0,ATB_59_2026-08-05.csv
2026-07-05T10:50:05Z,46_out,OTICE_v5_LoRA,0,23.68,56.5,0,0,0,0,ATB_46_2026-08-05.csv
2026-07-05T10:50:14Z,47,OTICE_v5_LoRA,122,23.93,67.83,571.13,571.13,24.99,0,ATB_47_2026-08-05.csv
2026-07-05T10:50:16Z,54,OTICE_v5_LoRA,0,23.98,63.31,596.89,596.89,25.15,0,ATB_54_2026-08-05.csv
2026-07-05T10:50:35Z,46_out,OTICE_v5_LoRA,0,23.69,56.5,0,0,0,0,ATB_46_2026-08-05.csv
2026-07-05T10:50:40Z,55,OTICE_v5_LoRA,32768,0,0,475.52,475.52,25.25,0,ATB_55_2026-08-05.csv
2026-07-05T10:51:02Z,59,OTICE_v5_LoRA,15,23.78,65.14,0,0,0,0,ATB_59_2026-08-05.csv
2026-07-05T10:51:05Z,46_out,OTICE_v5_LoRA,0,23.69,56.4,0,0,0,0,ATB_46_2026-08-05.csv
2026-07-05T10:51:14Z,47,OTICE_v5_LoRA,126,23.91,67.93,572.64,572.64,25,0,ATB_47_2026-08-05.csv
2026-07-05T10:51:16Z,54,OTICE_v5_LoRA,0,23.96,63.42,595.43,595.43,25.12,0,ATB_54_2026-08-05.csv
2026-07-05T10:51:35Z,46_out,OTICE_v5_LoRA,0,23.69,56.5,0,0,0,0,ATB_46_2026-08-05.csv
2026-07-05T10:51:40Z,55,OTICE_v5_LoRA,32768,0,0,476.13,476.13,25.21,0,ATB_55_2026-08-05.csv
2026-07-05T10:52:02Z,59,OTICE_v5_LoRA,16,23.77,65.27,0,0,0,0,ATB_59_2026-08-05.csv
2026-07-05T10:52:05Z,46_out,OTICE_v5_LoRA,0,23.69,56.5,0,0,0,0,ATB_46_2026-08-05.csv
2026-07-05T10:52:14Z,47,OTICE_v5_LoRA,124,23.89,68.02,570.33,570.33,24.97,0,ATB_47_2026-08-05.csv
2026-07-05T10:52:16Z,54,OTICE_v5_LoRA,0,23.98,63.51,594.68,594.68,25.12,0,ATB_54_2026-08-05.csv
2026-07-05T10:52:36Z,46_out,OTICE_v5_LoRA,0,23.71,56.5,0,0,0,0,ATB_46_2026-08-05.csv
2026-07-05T10:52:40Z,55,OTICE_v5_LoRA,32768,0,0,479.47,479.47,25.23,0,ATB_55_2026-08-05.csv
2026-07-05T10:53:02Z,59,OTICE_v5_LoRA,12,23.78,65.14,0,0,0,0,ATB_59_2026-08-05.csv
2026-07-05T10:53:06Z,46_out,OTICE_v5_LoRA,0,23.69,56.5,0,0,0,0,ATB_46_2026-08-05.csv
2026-07-05T10:53:14Z,47,OTICE_v5_LoRA,123,23.89,68.02,570.48,570.48,24.96,0,ATB_47_2026-08-05.csv
2026-07-05T10:53:16Z,54,OTICE_v5_LoRA,0,23.96,63.42,593.89,593.89,25.15,0,ATB_54_2026-08-05.csv
2026-07-05T10:53:36Z,46_out,OTICE_v5_LoRA,0,23.69,56.5,0,0,0,0,ATB_46_2026-08-05.csv
2026-07-05T10:53:40Z,55,OTICE_v5_LoRA,32768,0,0,479.58,479.58,25.18,0,ATB_55_2026-08-05.csv
2026-07-05T10:54:02Z,59,OTICE_v5_LoRA,19,23.79,65.24,0,0,0,0,ATB_59_2026-08-05.csv
2026-07-05T10:54:06Z,46_out,OTICE_v5_LoRA,0,23.68,56.3,0,0,0,0,ATB_46_2026-08-05.csv
2026-07-05T10:54:16Z,54,OTICE_v5_LoRA,0,23.95,63.51,590.11,590.11,25.15,0,ATB_54_2026-08-05.csv
2026-07-05T10:54:36Z,46_out,OTICE_v5_LoRA,0,23.67,56.4,0,0,0,0,ATB_46_2026-08-05.csv
2026-07-05T10:54:40Z,55,OTICE_v5_LoRA,32768,0,0,479.17,479.17,25.21,0,ATB_55_2026-08-05.csv
2026-07-05T10:55:03Z,59,OTICE_v5_LoRA,13,23.79,65.24,0,0,0,0,ATB_59_2026-08-05.csv
2026-07-05T10:55:06Z,46_out,OTICE_v5_LoRA,0,23.68,56.4,0,0,0,0,ATB_46_2026-08-05.csv
2026-07-05T10:55:13Z,47,OTICE_v5_LoRA,126,23.88,68.02,573.13,573.13,24.96,0,ATB_47_2026-08-05.csv
2026-07-05T10:55:36Z,46_out,OTICE_v5_LoRA,0,23.65,56.5,0,0,0,0,ATB_46_2026-08-05.csv
2026-07-05T10:56:02Z,59,OTICE_v5_LoRA,15,23.78,65.34,0,0,0,0,ATB_59_2026-08-05.csv
2026-07-05T10:56:06Z,46_out,OTICE_v5_LoRA,0,23.68,56.7,0,0,0,0,ATB_46_2026-08-05.csv
2026-07-05T10:56:13Z,47,OTICE_v5_LoRA,129,23.91,68.13,567.05,567.05,24.97,0,ATB_47_2026-08-05.csv
2026-07-05T10:56:15Z,54,OTICE_v5_LoRA,0,23.96,63.61,592.77,592.77,25.11,0,ATB_54_2026-08-05.csv
2026-07-05T10:56:36Z,46_out,OTICE_v5_LoRA,0,23.68,56.6,0,0,0,0,ATB_46_2026-08-05.csv
2026-07-05T10:56:41Z,55,OTICE_v5_LoRA,0,0,0,469.16,469.16,25.18,0,ATB_55_2026-08-05.csv
2026-07-05T10:57:02Z,59,OTICE_v5_LoRA,13,23.78,65.24,0,0,0,0,ATB_59_2026-08-05.csv
2026-07-05T10:57:06Z,46_out,OTICE_v5_LoRA,0,23.68,56.6,0,0,0,0,ATB_46_2026-08-05.csv
2026-07-05T10:57:13Z,47,OTICE_v5_LoRA,126,23.88,68.13,564.01,564.01,24.97,0,ATB_47_2026-08-05.csv
2026-07-05T10:57:15Z,54,OTICE_v5_LoRA,0,23.99,63.51,592.62,592.62,25.17,0,ATB_54_2026-08-05.csv
2026-07-05T10:57:36Z,46_out,OTICE_v5_LoRA,0,23.67,56.5,0,0,0,0,ATB_46_2026-08-05.csv
2026-07-05T10:57:41Z,55,OTICE_v5_LoRA,0,0,0,469.35,469.35,25.23,0,ATB_55_2026-08-05.csv
2026-07-05T10:58:03Z,59,OTICE_v5_LoRA,14,23.78,65.24,0,0,0,0,ATB_59_2026-08-05.csv
2026-07-05T10:58:07Z,46_out,OTICE_v5_LoRA,0,23.69,56.7,0,0,0,0,ATB_46_2026-08-05.csv
2026-07-05T10:58:13Z,47,OTICE_v5_LoRA,131,23.91,68.13,562.67,562.67,25.07,0,ATB_47_2026-08-05.csv
2026-07-05T10:58:15Z,54,OTICE_v5_LoRA,0,23.99,63.51,593.59,593.59,25.23,0,ATB_54_2026-08-05.csv
2026-07-05T10:58:37Z,46_out,OTICE_v5_LoRA,0,23.72,56.6,0,0,0,0,ATB_46_2026-08-05.csv
2026-07-05T10:58:41Z,55,OTICE_v5_LoRA,0,0,0,472.45,472.45,25.23,0,ATB_55_2026-08-05.csv
2026-07-05T10:59:03Z,59,OTICE_v5_LoRA,16,23.82,65.14,0,0,0,0,ATB_59_2026-08-05.csv
2026-07-05T10:59:07Z,46_out,OTICE_v5_LoRA,0,23.72,56.5,0,0,0,0,ATB_46_2026-08-05.csv
2026-07-05T10:59:13Z,47,OTICE_v5_LoRA,123,23.93,68.02,563.82,563.82,25.03,0,ATB_47_2026-08-05.csv
2026-07-05T10:59:15Z,54,OTICE_v5_LoRA,0,24.05,63.42,593.8,593.8,25.21,0,ATB_54_2026-08-05.csv
2026-07-05T10:59:37Z,46_out,OTICE_v5_LoRA,0,23.71,56.3,0,0,0,0,ATB_46_2026-08-05.csv
2026-07-05T10:59:41Z,55,OTICE_v5_LoRA,0,0,0,473.51,473.51,25.25,0,ATB_55_2026-08-05.csv
2026-07-05T11:00:03Z,59,OTICE_v5_LoRA,14,23.82,65.24,0,0,0,0,ATB_59_2026-08-05.csv
2026-07-05T11:00:07Z,46_out,OTICE_v5_LoRA,0,23.71,56.6,0,0,0,0,ATB_46_2026-08-05.csv
2026-07-05T11:00:14Z,47,OTICE_v5_LoRA,124,23.91,67.93,560.69,560.69,24.99,0,ATB_47_2026-08-05.csv
2026-07-05T11:00:16Z,54,OTICE_v5_LoRA,0,23.95,63.42,593.85,593.85,25.08,0,ATB_54_2026-08-05.csv
2026-07-05T11:00:37Z,46_out,OTICE_v5_LoRA,0,23.71,56.6,0,0,0,0,ATB_46_2026-08-05.csv
2026-07-05T11:00:41Z,55,OTICE_v5_LoRA,49152,0,0,473.45,473.45,25.28,0,ATB_55_2026-08-05.csv
2026-07-05T11:01:03Z,59,OTICE_v5_LoRA,17,23.84,65.04,0,0,0,0,ATB_59_2026-08-05.csv
2026-07-05T11:01:07Z,46_out,OTICE_v5_LoRA,0,23.72,56.4,0,0,0,0,ATB_46_2026-08-05.csv
2026-07-05T11:01:14Z,47,OTICE_v5_LoRA,123,23.93,67.93,558.86,558.86,25.09,0,ATB_47_2026-08-05.csv
2026-07-05T11:01:16Z,54,OTICE_v5_LoRA,0,23.96,63.51,592.86,592.86,25.14,0,ATB_54_2026-08-05.csv
2026-07-05T11:01:37Z,46_out,OTICE_v5_LoRA,0,23.72,56.4,0,0,0,0,ATB_46_2026-08-05.csv
2026-07-05T11:01:41Z,55,OTICE_v5_LoRA,61440,0,0,477.2,477.2,25.3,0,ATB_55_2026-08-05.csv
2026-07-05T11:02:03Z,59,OTICE_v5_LoRA,10,23.83,64.94,0,0,0,0,ATB_59_2026-08-05.csv
2026-07-05T11:02:07Z,46_out,OTICE_v5_LoRA,0,23.72,56.4,0,0,0,0,ATB_46_2026-08-05.csv
2026-07-05T11:02:14Z,47,OTICE_v5_LoRA,121,23.96,67.79,558.41,558.41,25.09,0,ATB_47_2026-08-05.csv
2026-07-05T11:02:16Z,54,OTICE_v5_LoRA,0,24.02,63.31,591.78,591.78,25.17,0,ATB_54_2026-08-05.csv
2026-07-05T11:02:37Z,46_out,OTICE_v5_LoRA,0,23.72,56.4,0,0,0,0,ATB_46_2026-08-05.csv
2026-07-05T11:02:41Z,55,OTICE_v5_LoRA,61440,0,0,478.07,478.07,25.24,0,ATB_55_2026-08-05.csv
2026-07-05T11:03:03Z,59,OTICE_v5_LoRA,17,23.84,65.04,0,0,0,0,ATB_59_2026-08-05.csv
2026-07-05T11:03:07Z,46_out,OTICE_v5_LoRA,0,23.74,56.4,0,0,0,0,ATB_46_2026-08-05.csv
2026-07-05T11:03:14Z,47,OTICE_v5_LoRA,123,23.96,67.99,556.48,556.48,25.02,0,ATB_47_2026-08-05.csv
2026-07-05T11:03:16Z,54,OTICE_v5_LoRA,0,24.02,63.51,590.27,590.27,25.22,0,ATB_54_2026-08-05.csv
2026-07-05T11:03:38Z,46_out,OTICE_v5_LoRA,0,23.74,56.3,0,0,0,0,ATB_46_2026-08-05.csv
2026-07-05T11:03:41Z,55,OTICE_v5_LoRA,1,0,0,477.23,477.23,25.25,0,ATB_55_2026-08-05.csv
2026-07-05T11:04:03Z,59,OTICE_v5_LoRA,10,23.84,65.04,0,0,0,0,ATB_59_2026-08-05.csv
2026-07-05T11:04:08Z,46_out,OTICE_v5_LoRA,0,23.75,56.5,0,0,0,0,ATB_46_2026-08-05.csv
2026-07-05T11:04:14Z,47,OTICE_v5_LoRA,116,23.97,67.9,558.46,558.46,25.05,0,ATB_47_2026-08-05.csv
2026-07-05T11:04:16Z,54,OTICE_v5_LoRA,0,24.04,63.31,592.16,592.16,25.23,0,ATB_54_2026-08-05.csv
2026-07-05T11:04:38Z,46_out,OTICE_v5_LoRA,0,23.75,56.3,0,0,0,0,ATB_46_2026-08-05.csv
2026-07-05T11:04:41Z,55,OTICE_v5_LoRA,1,0,0,477.81,477.81,25.27,0,ATB_55_2026-08-05.csv
2026-07-05T11:05:03Z,59,OTICE_v5_LoRA,13,23.86,65.04,0,0,0,0,ATB_59_2026-08-05.csv
2026-07-05T11:05:08Z,46_out,OTICE_v5_LoRA,0,23.75,56.4,0,0,0,0,ATB_46_2026-08-05.csv
2026-07-05T11:05:14Z,47,OTICE_v5_LoRA,125,23.99,67.79,558.37,558.37,25.06,0,ATB_47_2026-08-05.csv
2026-07-05T11:05:16Z,54,OTICE_v5_LoRA,0,24.04,63.42,593.52,593.52,25.21,0,ATB_54_2026-08-05.csv
2026-07-05T11:05:38Z,46_out,OTICE_v5_LoRA,0,23.75,56.4,0,0,0,0,ATB_46_2026-08-05.csv
2026-07-05T11:05:41Z,55,OTICE_v5_LoRA,57344,0,0,477.93,477.93,25.28,0,ATB_55_2026-08-05.csv
2026-07-05T11:06:03Z,59,OTICE_v5_LoRA,9,23.9,65.04,0,0,0,0,ATB_59_2026-08-05.csv
2026-07-05T11:06:08Z,46_out,OTICE_v5_LoRA,0,23.77,56.4,0,0,0,0,ATB_46_2026-08-05.csv
2026-07-05T11:06:14Z,47,OTICE_v5_LoRA,124,23.96,67.9,559.62,559.62,25.02,0,ATB_47_2026-08-05.csv
2026-07-05T11:06:16Z,54,OTICE_v5_LoRA,0,23.99,63.51,593.54,593.54,25.15,0,ATB_54_2026-08-05.csv
2026-07-05T11:06:38Z,46_out,OTICE_v5_LoRA,0,23.77,56.3,0,0,0,0,ATB_46_2026-08-05.csv
2026-07-05T11:06:41Z,55,OTICE_v5_LoRA,57344,0,0,478.34,478.34,25.3,0,ATB_55_2026-08-05.csv
2026-07-05T11:07:03Z,59,OTICE_v5_LoRA,11,23.89,64.94,0,0,0,0,ATB_59_2026-08-05.csv
2026-07-05T11:07:08Z,46_out,OTICE_v5_LoRA,0,23.77,56.3,0,0,0,0,ATB_46_2026-08-05.csv
2026-07-05T11:07:14Z,47,OTICE_v5_LoRA,121,24.01,67.79,556.2,556.2,25.07,0,ATB_47_2026-08-05.csv
2026-07-05T11:07:16Z,54,OTICE_v5_LoRA,0,24.06,63.31,595.67,595.67,25.23,0,ATB_54_2026-08-05.csv
2026-07-05T11:07:38Z,46_out,OTICE_v5_LoRA,0,23.78,56.17,0,0,0,0,ATB_46_2026-08-05.csv
2026-07-05T11:07:41Z,55,OTICE_v5_LoRA,57344,0,0,475.98,475.98,25.33,0,ATB_55_2026-08-05.csv
2026-07-05T11:08:04Z,59,OTICE_v5_LoRA,0,23.92,64.34,0,0,0,0,ATB_59_2026-08-05.csv
2026-07-05T11:08:08Z,46_out,OTICE_v5_LoRA,0,23.78,56.07,0,0,0,0,ATB_46_2026-08-05.csv
2026-07-05T11:08:14Z,47,OTICE_v5_LoRA,118,24.04,67.6,559.85,559.85,25.36,0,ATB_47_2026-08-05.csv
2026-07-05T11:08:16Z,54,OTICE_v5_LoRA,0,24.08,63.12,598.92,598.92,25.45,0,ATB_54_2026-08-05.csv
2026-07-05T11:08:38Z,46_out,OTICE_v5_LoRA,0,23.77,56.2,0,0,0,0,ATB_46_2026-08-05.csv
2026-07-05T11:08:42Z,55,OTICE_v5_LoRA,57344,0,0,474.69,474.69,25.4,0,ATB_55_2026-08-05.csv
2026-07-05T11:09:04Z,59,OTICE_v5_LoRA,12,23.94,64.64,0,0,0,0,ATB_59_2026-08-05.csv
2026-07-05T11:09:09Z,46_out,OTICE_v5_LoRA,0,23.78,56.27,0,0,0,0,ATB_46_2026-08-05.csv
2026-07-05T11:09:14Z,47,OTICE_v5_LoRA,121,24.07,67.6,563.59,563.59,25.38,0,ATB_47_2026-08-05.csv
2026-07-05T11:09:16Z,54,OTICE_v5_LoRA,0,24.08,63.22,599.2,599.2,25.52,0,ATB_54_2026-08-05.csv
2026-07-05T11:09:39Z,46_out,OTICE_v5_LoRA,0,23.82,56.17,0,0,0,0,ATB_46_2026-08-05.csv
2026-07-05T11:09:42Z,55,OTICE_v5_LoRA,57344,0,0,479.32,479.32,25.45,0,ATB_55_2026-08-05.csv
2026-07-05T11:10:05Z,59,OTICE_v5_LoRA,10,23.96,64.54,0,0,0,0,ATB_59_2026-08-05.csv
2026-07-05T11:10:09Z,46_out,OTICE_v5_LoRA,0,23.79,56.07,0,0,0,0,ATB_46_2026-08-05.csv
2026-07-05T11:10:14Z,47,OTICE_v5_LoRA,117,24.08,67.4,565.87,565.87,25.51,0,ATB_47_2026-08-05.csv
2026-07-05T11:10:16Z,54,OTICE_v5_LoRA,0,24.09,63.01,598.3,598.3,25.56,0,ATB_54_2026-08-05.csv
2026-07-05T11:10:39Z,46_out,OTICE_v5_LoRA,0,23.79,56.07,0,0,0,0,ATB_46_2026-08-05.csv
2026-07-05T11:10:42Z,55,OTICE_v5_LoRA,57344,0,0,481.73,481.73,25.49,0,ATB_55_2026-08-05.csv
2026-07-05T11:11:04Z,59,OTICE_v5_LoRA,9,23.99,64.54,0,0,0,0,ATB_59_2026-08-05.csv
2026-07-05T11:11:09Z,46_out,OTICE_v5_LoRA,0,23.79,56.07,0,0,0,0,ATB_46_2026-08-05.csv
2026-07-05T11:11:14Z,47,OTICE_v5_LoRA,118,24.1,67.4,566.82,566.82,25.55,0,ATB_47_2026-08-05.csv
2026-07-05T11:11:16Z,54,OTICE_v5_LoRA,0,24.11,62.98,596.67,596.67,25.63,0,ATB_54_2026-08-05.csv
2026-07-05T11:11:39Z,46_out,OTICE_v5_LoRA,0,23.82,56.07,0,0,0,0,ATB_46_2026-08-05.csv
2026-07-05T11:11:42Z,55,OTICE_v5_LoRA,57344,0,0,480.87,480.87,25.51,0,ATB_55_2026-08-05.csv
2026-07-05T11:12:04Z,59,OTICE_v5_LoRA,9,24.02,64.54,0,0,0,0,ATB_59_2026-08-05.csv
2026-07-05T11:12:09Z,46_out,OTICE_v5_LoRA,0,23.78,56.07,0,0,0,0,ATB_46_2026-08-05.csv
2026-07-05T11:12:14Z,47,OTICE_v5_LoRA,113,24.12,67.4,566.01,566.01,25.51,0,ATB_47_2026-08-05.csv
2026-07-05T11:12:17Z,54,OTICE_v5_LoRA,0,24.11,63.09,595.23,595.23,25.67,0,ATB_54_2026-08-05.csv
2026-07-05T11:12:39Z,46_out,OTICE_v5_LoRA,0,23.78,56.07,0,0,0,0,ATB_46_2026-08-05.csv
2026-07-05T11:12:42Z,55,OTICE_v5_LoRA,57344,0,0,482.1,482.1,25.52,0,ATB_55_2026-08-05.csv
2026-07-05T11:13:04Z,59,OTICE_v5_LoRA,14,23.99,64.54,0,0,0,0,ATB_59_2026-08-05.csv
2026-07-05T11:13:09Z,46_out,OTICE_v5_LoRA,0,23.77,56.2,0,0,0,0,ATB_46_2026-08-05.csv
2026-07-05T11:13:15Z,47,OTICE_v5_LoRA,119,24.07,67.4,567.38,567.38,25.45,0,ATB_47_2026-08-05.csv
2026-07-05T11:13:17Z,54,OTICE_v5_LoRA,0,24.09,63.12,596.76,596.76,25.63,0,ATB_54_2026-08-05.csv
2026-07-05T11:13:39Z,46_out,OTICE_v5_LoRA,0,23.77,56.1,0,0,0,0,ATB_46_2026-08-05.csv
2026-07-05T11:13:42Z,55,OTICE_v5_LoRA,57344,0,0,480.84,480.84,25.51,0,ATB_55_2026-08-05.csv
2026-07-05T11:14:04Z,59,OTICE_v5_LoRA,13,24.02,64.44,0,0,0,0,ATB_59_2026-08-05.csv
2026-07-05T11:14:09Z,46_out,OTICE_v5_LoRA,0,23.77,56.1,0,0,0,0,ATB_46_2026-08-05.csv
2026-07-05T11:14:15Z,47,OTICE_v5_LoRA,118,24.1,67.4,565.75,565.75,25.63,0,ATB_47_2026-08-05.csv
2026-07-05T11:14:17Z,54,OTICE_v5_LoRA,0,24.11,63.09,596.1,596.1,25.7,0,ATB_54_2026-08-05.csv
2026-07-05T11:14:40Z,46_out,OTICE_v5_LoRA,0,23.77,56.1,0,0,0,0,ATB_46_2026-08-05.csv
2026-07-05T11:14:42Z,55,OTICE_v5_LoRA,57344,0,0,477.48,477.48,25.55,0,ATB_55_2026-08-05.csv
2026-07-05T11:15:04Z,59,OTICE_v5_LoRA,3,24.05,64.31,0,0,0,0,ATB_59_2026-08-05.csv
2026-07-05T11:15:10Z,46_out,OTICE_v5_LoRA,0,23.78,56.07,0,0,0,0,ATB_46_2026-08-05.csv
2026-07-05T11:15:15Z,47,OTICE_v5_LoRA,110,24.14,67.3,564.21,564.21,25.55,0,ATB_47_2026-08-05.csv
2026-07-05T11:15:17Z,54,OTICE_v5_LoRA,0,24.15,62.98,594.58,594.58,25.66,0,ATB_54_2026-08-05.csv
2026-07-05T11:15:40Z,46_out,OTICE_v5_LoRA,0,23.79,56.07,0,0,0,0,ATB_46_2026-08-05.csv
2026-07-05T11:15:42Z,55,OTICE_v5_LoRA,61440,0,0.32,477.68,477.68,25.58,0,ATB_55_2026-08-05.csv
2026-07-05T11:16:04Z,59,OTICE_v5_LoRA,11,24.06,64.21,0,0,0,0,ATB_59_2026-08-05.csv
2026-07-05T11:16:10Z,46_out,OTICE_v5_LoRA,0,23.79,56.07,0,0,0,0,ATB_46_2026-08-05.csv
2026-07-05T11:16:15Z,47,OTICE_v5_LoRA,112,24.13,67.19,561.4,561.4,25.61,0,ATB_47_2026-08-05.csv
2026-07-05T11:16:17Z,54,OTICE_v5_LoRA,0,24.14,62.98,593.61,593.61,25.72,0,ATB_54_2026-08-05.csv
2026-07-05T11:16:40Z,46_out,OTICE_v5_LoRA,0,23.78,56.07,0,0,0,0,ATB_46_2026-08-05.csv
2026-07-05T11:16:42Z,55,OTICE_v5_LoRA,61440,0,0.32,480,480,25.58,0,ATB_55_2026-08-05.csv
2026-07-05T11:17:15Z,47,OTICE_v5_LoRA,120,24.14,67.19,564.53,564.53,25.63,0,ATB_47_2026-08-05.csv
2026-07-05T11:17:17Z,54,OTICE_v5_LoRA,0,24.14,62.98,591.79,591.79,25.73,0,ATB_54_2026-08-05.csv
2026-07-05T11:17:33Z,46_out,OTICE_v5_LoRA,0,23.78,56.07,0,0,0,0,ATB_46_2026-08-05.csv
2026-07-05T11:17:42Z,55,OTICE_v5_LoRA,61440,0,0.32,482.51,482.51,25.58,0,ATB_55_2026-08-05.csv
2026-07-05T11:18:02Z,59,OTICE_v5_LoRA,11,24.05,64.31,0,0,0,0,ATB_59_2026-08-05.csv
2026-07-05T11:18:03Z,46_out,OTICE_v5_LoRA,0,23.77,56.1,0,0,0,0,ATB_46_2026-08-05.csv
2026-07-05T11:18:15Z,47,OTICE_v5_LoRA,114,24.12,67.19,565.89,565.89,25.61,0,ATB_47_2026-08-05.csv
2026-07-05T11:18:17Z,54,OTICE_v5_LoRA,0,24.14,62.98,591.77,591.77,25.73,0,ATB_54_2026-08-05.csv
2026-07-05T11:18:33Z,46_out,OTICE_v5_LoRA,0,23.78,56.07,0,0,0,0,ATB_46_2026-08-05.csv
2026-07-05T11:18:42Z,55,OTICE_v5_LoRA,57344,0,0,482.18,482.18,25.58,0,ATB_55_2026-08-05.csv
2026-07-05T11:19:03Z,46_out,OTICE_v5_LoRA,0,23.77,56.1,0,0,0,0,ATB_46_2026-08-05.csv
2026-07-05T11:19:03Z,59,OTICE_v5_LoRA,8,24.05,64.31,0,0,0,0,ATB_59_2026-08-05.csv
2026-07-05T11:19:15Z,47,OTICE_v5_LoRA,115,24.13,67.3,566.29,566.29,25.6,0,ATB_47_2026-08-05.csv
2026-07-05T11:19:17Z,54,OTICE_v5_LoRA,0,24.14,62.98,590.15,590.15,25.7,0,ATB_54_2026-08-05.csv
2026-07-05T11:19:33Z,46_out,OTICE_v5_LoRA,0,23.78,56.07,0,0,0,0,ATB_46_2026-08-05.csv
2026-07-05T11:19:42Z,55,OTICE_v5_LoRA,57344,0,0,480.19,480.19,25.61,0,ATB_55_2026-08-05.csv
2026-07-05T11:20:03Z,46_out,OTICE_v5_LoRA,0,23.77,56.1,0,0,0,0,ATB_46_2026-08-05.csv
2026-07-05T11:20:03Z,59,OTICE_v5_LoRA,10,24.06,64.31,0,0,0,0,ATB_59_2026-08-05.csv
2026-07-05T11:20:15Z,47,OTICE_v5_LoRA,111,24.14,67.3,566.69,566.69,25.58,0,ATB_47_2026-08-05.csv
2026-07-05T11:20:18Z,54,OTICE_v5_LoRA,0,24.12,62.98,586.45,586.45,25.73,0,ATB_54_2026-08-05.csv
2026-07-05T11:20:33Z,46_out,OTICE_v5_LoRA,0,23.79,56.07,0,0,0,0,ATB_46_2026-08-05.csv
2026-07-05T11:20:42Z,55,OTICE_v5_LoRA,57344,0,0,481.17,481.17,25.62,0,ATB_55_2026-08-05.csv
2026-07-05T11:21:03Z,46_out,OTICE_v5_LoRA,0,23.79,55.98,0,0,0,0,ATB_46_2026-08-05.csv
2026-07-05T11:21:03Z,59,OTICE_v5_LoRA,12,24.1,64.21,0,0,0,0,ATB_59_2026-08-05.csv
2026-07-05T11:21:15Z,47,OTICE_v5_LoRA,120,24.17,67.19,571.35,571.35,25.68,0,ATB_47_2026-08-05.csv
2026-07-05T11:21:18Z,54,OTICE_v5_LoRA,0,24.18,62.89,587.41,587.41,25.77,0,ATB_54_2026-08-05.csv
2026-07-05T11:21:34Z,46_out,OTICE_v5_LoRA,0,23.79,55.98,0,0,0,0,ATB_46_2026-08-05.csv
2026-07-05T11:21:42Z,55,OTICE_v5_LoRA,57344,0,0,479.1,479.1,25.61,0,ATB_55_2026-08-05.csv
2026-07-05T11:22:03Z,59,OTICE_v5_LoRA,5,24.1,64.21,0,0,0,0,ATB_59_2026-08-05.csv
2026-07-05T11:22:04Z,46_out,OTICE_v5_LoRA,0,23.82,55.98,0,0,0,0,ATB_46_2026-08-05.csv
2026-07-05T11:22:15Z,47,OTICE_v5_LoRA,118,24.19,67.07,572.27,572.27,25.68,0,ATB_47_2026-08-05.csv
2026-07-05T11:22:18Z,54,OTICE_v5_LoRA,0,24.18,62.79,587.96,587.96,25.79,0,ATB_54_2026-08-05.csv
2026-07-05T11:22:34Z,46_out,OTICE_v5_LoRA,0,23.83,55.87,0,0,0,0,ATB_46_2026-08-05.csv
2026-07-05T11:22:42Z,55,OTICE_v5_LoRA,57344,0,0,478.69,478.69,25.64,0,ATB_55_2026-08-05.csv
2026-07-05T11:23:03Z,59,OTICE_v5_LoRA,8,24.12,64.11,0,0,0,0,ATB_59_2026-08-05.csv
2026-07-05T11:23:04Z,46_out,OTICE_v5_LoRA,0,23.83,55.98,0,0,0,0,ATB_46_2026-08-05.csv
2026-07-05T11:23:15Z,47,OTICE_v5_LoRA,105,24.22,67.07,572.34,572.34,25.73,0,ATB_47_2026-08-05.csv
2026-07-05T11:23:18Z,54,OTICE_v5_LoRA,0,24.21,62.79,587.53,587.53,25.8,0,ATB_54_2026-08-05.csv
2026-07-05T11:23:34Z,46_out,OTICE_v5_LoRA,0,23.84,55.87,0,0,0,0,ATB_46_2026-08-05.csv
2026-07-05T11:23:42Z,55,OTICE_v5_LoRA,57344,0,0,472.24,472.24,25.67,0,ATB_55_2026-08-05.csv
2026-07-05T11:24:03Z,59,OTICE_v5_LoRA,9,24.15,64.11,0,0,0,0,ATB_59_2026-08-05.csv
2026-07-05T11:24:04Z,46_out,OTICE_v5_LoRA,0,23.84,55.98,0,0,0,0,ATB_46_2026-08-05.csv
2026-07-05T11:24:15Z,47,OTICE_v5_LoRA,110,24.23,67.07,571.64,571.64,25.74,0,ATB_47_2026-08-05.csv
2026-07-05T11:24:18Z,54,OTICE_v5_LoRA,0,24.21,62.68,588.63,588.63,25.8,0,ATB_54_2026-08-05.csv
2026-07-05T11:24:34Z,46_out,OTICE_v5_LoRA,0,23.84,55.98,0,0,0,0,ATB_46_2026-08-05.csv
2026-07-05T11:24:42Z,55,OTICE_v5_LoRA,49152,0,0,473.2,473.2,25.67,0,ATB_55_2026-08-05.csv
2026-07-05T11:25:03Z,59,OTICE_v5_LoRA,6,24.13,64.11,0,0,0,0,ATB_59_2026-08-05.csv
2026-07-05T11:25:04Z,46_out,OTICE_v5_LoRA,0,23.84,55.98,0,0,0,0,ATB_46_2026-08-05.csv
2026-07-05T11:25:16Z,47,OTICE_v5_LoRA,114,24.22,67.16,571.32,571.32,25.7,0,ATB_47_2026-08-05.csv
2026-07-05T11:25:18Z,54,OTICE_v5_LoRA,0,24.18,62.89,588.04,588.04,25.75,0,ATB_54_2026-08-05.csv
2026-07-05T11:25:34Z,46_out,OTICE_v5_LoRA,0,23.84,55.98,0,0,0,0,ATB_46_2026-08-05.csv
2026-07-05T11:25:42Z,55,OTICE_v5_LoRA,49152,0,0,468.6,468.6,25.64,0,ATB_55_2026-08-05.csv
2026-07-05T11:26:03Z,59,OTICE_v5_LoRA,9,24.12,64.21,0,0,0,0,ATB_59_2026-08-05.csv
2026-07-05T11:26:04Z,46_out,OTICE_v5_LoRA,0,23.86,55.98,0,0,0,0,ATB_46_2026-08-05.csv
2026-07-05T11:26:16Z,47,OTICE_v5_LoRA,119,24.2,67.16,572.88,572.88,25.7,0,ATB_47_2026-08-05.csv
2026-07-05T11:26:18Z,54,OTICE_v5_LoRA,0,24.18,62.79,591.62,591.62,25.76,0,ATB_54_2026-08-05.csv
2026-07-05T11:26:34Z,46_out,OTICE_v5_LoRA,0,23.86,55.98,0,0,0,0,ATB_46_2026-08-05.csv
2026-07-05T11:26:43Z,55,OTICE_v5_LoRA,57344,0,81.92,469.25,469.25,25.68,0,ATB_55_2026-08-05.csv
2026-07-05T11:27:03Z,59,OTICE_v5_LoRA,13,24.16,64.11,0,0,0,0,ATB_59_2026-08-05.csv
2026-07-05T11:27:05Z,46_out,OTICE_v5_LoRA,0,23.86,55.98,0,0,0,0,ATB_46_2026-08-05.csv
2026-07-05T11:27:16Z,47,OTICE_v5_LoRA,116,24.22,67.07,570.11,570.11,25.74,0,ATB_47_2026-08-05.csv
2026-07-05T11:27:18Z,54,OTICE_v5_LoRA,0,24.23,62.68,592.29,592.29,25.81,0,ATB_54_2026-08-05.csv
2026-07-05T11:27:35Z,46_out,OTICE_v5_LoRA,0,23.87,55.98,0,0,0,0,ATB_46_2026-08-05.csv
2026-07-05T11:27:42Z,55,OTICE_v5_LoRA,57344,0,81.92,469.61,469.61,25.68,0,ATB_55_2026-08-05.csv
2026-07-05T11:28:03Z,59,OTICE_v5_LoRA,11,24.16,64.11,0,0,0,0,ATB_59_2026-08-05.csv
2026-07-05T11:28:05Z,46_out,OTICE_v5_LoRA,0,23.87,55.98,0,0,0,0,ATB_46_2026-08-05.csv
2026-07-05T11:28:16Z,47,OTICE_v5_LoRA,113,24.2,67.07,569.11,569.11,25.68,0,ATB_47_2026-08-05.csv
2026-07-05T11:28:18Z,54,OTICE_v5_LoRA,0,24.23,62.68,591.64,591.64,25.8,0,ATB_54_2026-08-05.csv
2026-07-05T11:28:35Z,46_out,OTICE_v5_LoRA,0,23.86,55.98,0,0,0,0,ATB_46_2026-08-05.csv
2026-07-05T11:28:42Z,55,OTICE_v5_LoRA,57344,0,81.92,472.78,472.78,25.69,0,ATB_55_2026-08-05.csv
2026-07-05T11:29:03Z,59,OTICE_v5_LoRA,1,24.15,64.11,0,0,0,0,ATB_59_2026-08-05.csv
2026-07-05T11:29:05Z,46_out,OTICE_v5_LoRA,0,23.86,55.98,0,0,0,0,ATB_46_2026-08-05.csv
2026-07-05T11:29:16Z,47,OTICE_v5_LoRA,109,24.23,66.97,569.83,569.83,25.73,0,ATB_47_2026-08-05.csv
2026-07-05T11:29:18Z,54,OTICE_v5_LoRA,0,24.23,62.68,593.41,593.41,25.81,0,ATB_54_2026-08-05.csv
2026-07-05T11:29:35Z,46_out,OTICE_v5_LoRA,0,23.84,55.98,0,0,0,0,ATB_46_2026-08-05.csv
2026-07-05T11:29:43Z,55,OTICE_v5_LoRA,61440,0,0,473.75,473.75,25.68,0,ATB_55_2026-08-05.csv
2026-07-05T11:30:03Z,59,OTICE_v5_LoRA,8,24.13,64.11,0,0,0,0,ATB_59_2026-08-05.csv
2026-07-05T11:30:05Z,46_out,OTICE_v5_LoRA,0,23.84,56.07,0,0,0,0,ATB_46_2026-08-05.csv
2026-07-05T11:30:16Z,47,OTICE_v5_LoRA,117,24.23,66.97,569.88,569.88,25.73,0,ATB_47_2026-08-05.csv
2026-07-05T11:30:18Z,54,OTICE_v5_LoRA,0,24.21,62.79,593.94,593.94,25.8,0,ATB_54_2026-08-05.csv
2026-07-05T11:30:35Z,46_out,OTICE_v5_LoRA,0,23.86,55.98,0,0,0,0,ATB_46_2026-08-05.csv
2026-07-05T11:30:43Z,55,OTICE_v5_LoRA,61440,0,0,476.22,476.22,25.68,0,ATB_55_2026-08-05.csv
2026-07-05T11:31:04Z,59,OTICE_v5_LoRA,5,24.13,64.11,0,0,0,0,ATB_59_2026-08-05.csv
2026-07-05T11:31:05Z,46_out,OTICE_v5_LoRA,0,23.86,55.98,0,0,0,0,ATB_46_2026-08-05.csv
2026-07-05T11:31:16Z,47,OTICE_v5_LoRA,109,24.23,67.07,570.7,570.7,25.71,0,ATB_47_2026-08-05.csv
2026-07-05T11:31:18Z,54,OTICE_v5_LoRA,0,24.19,62.79,595.07,595.07,25.83,0,ATB_54_2026-08-05.csv
2026-07-05T11:31:35Z,46_out,OTICE_v5_LoRA,0,23.84,56.07,0,0,0,0,ATB_46_2026-08-05.csv
2026-07-05T11:31:43Z,55,OTICE_v5_LoRA,61440,0,0,473.35,473.35,25.65,0,ATB_55_2026-08-05.csv
2026-07-05T11:32:04Z,59,OTICE_v5_LoRA,7,24.12,64.11,0,0,0,0,ATB_59_2026-08-05.csv
2026-07-05T11:32:05Z,46_out,OTICE_v5_LoRA,0,23.83,56.07,0,0,0,0,ATB_46_2026-08-05.csv
2026-07-05T11:32:16Z,47,OTICE_v5_LoRA,113,24.22,67.07,570.73,570.73,25.71,0,ATB_47_2026-08-05.csv
2026-07-05T11:32:18Z,54,OTICE_v5_LoRA,0,24.18,62.89,595.59,595.59,25.8,0,ATB_54_2026-08-05.csv
2026-07-05T11:32:36Z,46_out,OTICE_v5_LoRA,0,23.84,55.98,0,0,0,0,ATB_46_2026-08-05.csv
2026-07-05T11:32:43Z,55,OTICE_v5_LoRA,57344,0,0.16,473.19,473.19,25.67,0,ATB_55_2026-08-05.csv
2026-07-05T11:33:04Z,59,OTICE_v5_LoRA,7,24.12,64.11,0,0,0,0,ATB_59_2026-08-05.csv
2026-07-05T11:33:06Z,46_out,OTICE_v5_LoRA,0,23.84,55.98,0,0,0,0,ATB_46_2026-08-05.csv
2026-07-05T11:33:16Z,47,OTICE_v5_LoRA,111,24.23,67.07,569.34,569.34,25.73,0,ATB_47_2026-08-05.csv
2026-07-05T11:33:18Z,54,OTICE_v5_LoRA,0,24.19,62.89,595.54,595.54,25.77,0,ATB_54_2026-08-05.csv
2026-07-05T11:33:36Z,46_out,OTICE_v5_LoRA,0,23.84,55.98,0,0,0,0,ATB_46_2026-08-05.csv
2026-07-05T11:33:43Z,55,OTICE_v5_LoRA,57344,0,0.16,473.84,473.84,25.68,0,ATB_55_2026-08-05.csv
2026-07-05T11:34:04Z,59,OTICE_v5_LoRA,10,24.13,64.11,0,0,0,0,ATB_59_2026-08-05.csv
2026-07-05T11:34:06Z,46_out,OTICE_v5_LoRA,0,23.86,55.98,0,0,0,0,ATB_46_2026-08-05.csv
2026-07-05T11:34:16Z,47,OTICE_v5_LoRA,106,24.22,67.07,568.52,568.52,25.7,0,ATB_47_2026-08-05.csv
2026-07-05T11:34:18Z,54,OTICE_v5_LoRA,0,24.19,62.89,597.22,597.22,25.76,0,ATB_54_2026-08-05.csv
2026-07-05T11:34:36Z,46_out,OTICE_v5_LoRA,0,23.84,55.98,0,0,0,0,ATB_46_2026-08-05.csv
2026-07-05T11:34:43Z,55,OTICE_v5_LoRA,57344,0,0.16,472.43,472.43,25.68,0,ATB_55_2026-08-05.csv
2026-07-05T11:35:04Z,59,OTICE_v5_LoRA,9,24.15,64.11,0,0,0,0,ATB_59_2026-08-05.csv
2026-07-05T11:35:06Z,46_out,OTICE_v5_LoRA,0,23.86,55.98,0,0,0,0,ATB_46_2026-08-05.csv
2026-07-05T11:35:16Z,47,OTICE_v5_LoRA,103,24.26,67.07,567.74,567.74,25.75,0,ATB_47_2026-08-05.csv
2026-07-05T11:35:18Z,54,OTICE_v5_LoRA,0,24.21,62.79,596.09,596.09,25.81,0,ATB_54_2026-08-05.csv
2026-07-05T11:35:36Z,46_out,OTICE_v5_LoRA,0,23.87,55.98,0,0,0,0,ATB_46_2026-08-05.csv
2026-07-05T11:35:43Z,55,OTICE_v5_LoRA,57344,0,0.16,471.05,471.05,25.69,0,ATB_55_2026-08-05.csv
2026-07-05T11:36:04Z,59,OTICE_v5_LoRA,11,24.16,64.11,0,0,0,0,ATB_59_2026-08-05.csv
2026-07-05T11:36:06Z,46_out,OTICE_v5_LoRA,0,23.87,55.87,0,0,0,0,ATB_46_2026-08-05.csv
2026-07-05T11:36:16Z,47,OTICE_v5_LoRA,110,24.24,67.07,567.47,567.47,25.75,0,ATB_47_2026-08-05.csv
2026-07-05T11:36:18Z,54,OTICE_v5_LoRA,0,24.21,62.79,594.67,594.67,25.77,0,ATB_54_2026-08-05.csv
2026-07-05T11:36:36Z,46_out,OTICE_v5_LoRA,0,23.86,55.98,0,0,0,0,ATB_46_2026-08-05.csv
2026-07-05T11:36:43Z,55,OTICE_v5_LoRA,57344,0,0.16,473.27,473.27,25.68,0,ATB_55_2026-08-05.csv
2026-07-05T11:37:04Z,59,OTICE_v5_LoRA,10,24.15,64.11,0,0,0,0,ATB_59_2026-08-05.csv
2026-07-05T11:37:06Z,46_out,OTICE_v5_LoRA,0,23.89,55.98,0,0,0,0,ATB_46_2026-08-05.csv
2026-07-05T11:37:16Z,47,OTICE_v5_LoRA,114,24.24,66.97,563.85,563.85,25.8,0,ATB_47_2026-08-05.csv
2026-07-05T11:37:19Z,54,OTICE_v5_LoRA,0,24.24,62.79,595.65,595.65,25.8,0,ATB_54_2026-08-05.csv
2026-07-05T11:37:36Z,46_out,OTICE_v5_LoRA,0,23.87,55.98,0,0,0,0,ATB_46_2026-08-05.csv
2026-07-05T11:37:43Z,55,OTICE_v5_LoRA,57344,0,0.16,471.32,471.32,25.71,0,ATB_55_2026-08-05.csv
2026-07-05T11:38:04Z,59,OTICE_v5_LoRA,9,24.15,64.11,0,0,0,0,ATB_59_2026-08-05.csv
2026-07-05T11:38:06Z,46_out,OTICE_v5_LoRA,0,23.87,55.87,0,0,0,0,ATB_46_2026-08-05.csv
2026-07-05T11:38:16Z,47,OTICE_v5_LoRA,108,24.24,66.97,563.97,563.97,25.73,0,ATB_47_2026-08-05.csv
2026-07-05T11:38:19Z,54,OTICE_v5_LoRA,0,24.21,62.79,595.52,595.52,25.81,0,ATB_54_2026-08-05.csv
2026-07-05T11:38:37Z,46_out,OTICE_v5_LoRA,0,23.87,55.87,0,0,0,0,ATB_46_2026-08-05.csv
2026-07-05T11:38:43Z,55,OTICE_v5_LoRA,57344,0,0.16,470.43,470.43,25.68,0,ATB_55_2026-08-05.csv
2026-07-05T11:39:04Z,59,OTICE_v5_LoRA,11,24.15,64.11,0,0,0,0,ATB_59_2026-08-05.csv
2026-07-05T11:39:07Z,46_out,OTICE_v5_LoRA,0,23.87,55.87,0,0,0,0,ATB_46_2026-08-05.csv
2026-07-05T11:39:16Z,47,OTICE_v5_LoRA,112,24.24,67.07,562.1,562.1,25.75,0,ATB_47_2026-08-05.csv
2026-07-05T11:39:19Z,54,OTICE_v5_LoRA,0,24.21,62.79,595.26,595.26,25.81,0,ATB_54_2026-08-05.csv
2026-07-05T11:39:37Z,46_out,OTICE_v5_LoRA,0,23.86,55.87,0,0,0,0,ATB_46_2026-08-05.csv
2026-07-05T11:39:43Z,55,OTICE_v5_LoRA,57344,0,0.16,468.02,468.02,25.69,0,ATB_55_2026-08-05.csv
2026-07-05T11:40:04Z,59,OTICE_v5_LoRA,7,24.18,64.01,0,0,0,0,ATB_59_2026-08-05.csv
2026-07-05T11:40:07Z,46_out,OTICE_v5_LoRA,0,23.87,55.98,0,0,0,0,ATB_46_2026-08-05.csv
2026-07-05T11:40:16Z,47,OTICE_v5_LoRA,111,24.26,67.07,563.65,563.65,25.75,0,ATB_47_2026-08-05.csv
2026-07-05T11:40:19Z,54,OTICE_v5_LoRA,0,24.23,62.79,598.05,598.05,25.83,0,ATB_54_2026-08-05.csv
2026-07-05T11:40:37Z,46_out,OTICE_v5_LoRA,0,23.89,56.07,0,0,0,0,ATB_46_2026-08-05.csv
2026-07-05T11:40:43Z,55,OTICE_v5_LoRA,57344,0,0.16,467.69,467.69,25.72,0,ATB_55_2026-08-05.csv
2026-07-05T11:41:04Z,59,OTICE_v5_LoRA,12,24.18,64.01,0,0,0,0,ATB_59_2026-08-05.csv
2026-07-05T11:41:07Z,46_out,OTICE_v5_LoRA,0,23.89,56.07,0,0,0,0,ATB_46_2026-08-05.csv
2026-07-05T11:41:17Z,47,OTICE_v5_LoRA,106,24.29,66.77,561.07,561.07,25.55,0,ATB_47_2026-08-05.csv
2026-07-05T11:41:19Z,54,OTICE_v5_LoRA,0,24.24,62.49,599.21,599.21,25.69,0,ATB_54_2026-08-05.csv
2026-07-05T11:41:37Z,46_out,OTICE_v5_LoRA,0,23.89,55.98,0,0,0,0,ATB_46_2026-08-05.csv
2026-07-05T11:41:43Z,55,OTICE_v5_LoRA,0,0,0,466.07,466.07,25.64,0,ATB_55_2026-08-05.csv
2026-07-05T11:42:04Z,59,OTICE_v5_LoRA,2,24.22,63.81,0,0,0,0,ATB_59_2026-08-05.csv
2026-07-05T11:42:07Z,46_out,OTICE_v5_LoRA,0,23.89,55.98,0,0,0,0,ATB_46_2026-08-05.csv
2026-07-05T11:42:17Z,47,OTICE_v5_LoRA,108,24.34,66.67,557.11,557.11,25.55,0,ATB_47_2026-08-05.csv
2026-07-05T11:42:19Z,54,OTICE_v5_LoRA,0,24.3,62.49,595.66,595.66,25.65,0,ATB_54_2026-08-05.csv
2026-07-05T11:42:37Z,46_out,OTICE_v5_LoRA,0,23.9,56.07,0,0,0,0,ATB_46_2026-08-05.csv
2026-07-05T11:42:43Z,55,OTICE_v5_LoRA,0,0,0,465.94,465.94,25.65,0,ATB_55_2026-08-05.csv
2026-07-05T11:43:04Z,59,OTICE_v5_LoRA,5,24.25,63.81,0,0,0,0,ATB_59_2026-08-05.csv
2026-07-05T11:43:07Z,46_out,OTICE_v5_LoRA,0,23.92,55.98,0,0,0,0,ATB_46_2026-08-05.csv
2026-07-05T11:43:17Z,47,OTICE_v5_LoRA,105,24.34,66.57,555.8,555.8,25.53,0,ATB_47_2026-08-05.csv
2026-07-05T11:43:20Z,54,OTICE_v5_LoRA,0,24.34,62.46,594.4,594.4,25.6,0,ATB_54_2026-08-05.csv
2026-07-05T11:43:37Z,46_out,OTICE_v5_LoRA,0,23.93,55.98,0,0,0,0,ATB_46_2026-08-05.csv
2026-07-05T11:43:44Z,55,OTICE_v5_LoRA,15,0,0.32,466.74,466.74,25.58,0,ATB_55_2026-08-05.csv
2026-07-05T11:44:05Z,59,OTICE_v5_LoRA,8,24.22,63.81,0,0,0,0,ATB_59_2026-08-05.csv
2026-07-05T11:44:08Z,46_out,OTICE_v5_LoRA,0,23.93,56.07,0,0,0,0,ATB_46_2026-08-05.csv
2026-07-05T11:44:17Z,47,OTICE_v5_LoRA,110,24.34,66.77,553.72,553.72,25.48,0,ATB_47_2026-08-05.csv
2026-07-05T11:44:19Z,54,OTICE_v5_LoRA,0,24.34,62.36,596.34,596.34,25.59,0,ATB_54_2026-08-05.csv
2026-07-05T11:44:38Z,46_out,OTICE_v5_LoRA,0,23.92,56.17,0,0,0,0,ATB_46_2026-08-05.csv
2026-07-05T11:44:43Z,55,OTICE_v5_LoRA,15,0,0.32,468.12,468.12,25.61,0,ATB_55_2026-08-05.csv
2026-07-05T11:45:05Z,59,OTICE_v5_LoRA,6,24.24,64.01,0,0,0,0,ATB_59_2026-08-05.csv
2026-07-05T11:45:08Z,46_out,OTICE_v5_LoRA,0,23.9,56.07,0,0,0,0,ATB_46_2026-08-05.csv
2026-07-05T11:45:17Z,47,OTICE_v5_LoRA,111,24.32,66.87,554.51,554.51,25.44,0,ATB_47_2026-08-05.csv
2026-07-05T11:45:19Z,54,OTICE_v5_LoRA,0,24.34,62.56,595.76,595.76,25.57,0,ATB_54_2026-08-05.csv
2026-07-05T11:45:38Z,46_out,OTICE_v5_LoRA,0,23.9,56.17,0,0,0,0,ATB_46_2026-08-05.csv
2026-07-05T11:45:44Z,55,OTICE_v5_LoRA,15,0,0.32,470.29,470.29,25.62,0,ATB_55_2026-08-05.csv
2026-07-05T11:46:05Z,59,OTICE_v5_LoRA,9,24.24,64.11,0,0,0,0,ATB_59_2026-08-05.csv
2026-07-05T11:46:08Z,46_out,OTICE_v5_LoRA,0,23.9,56.07,0,0,0,0,ATB_46_2026-08-05.csv
2026-07-05T11:46:17Z,47,OTICE_v5_LoRA,114,24.32,66.87,555.41,555.41,25.43,0,ATB_47_2026-08-05.csv
2026-07-05T11:46:19Z,54,OTICE_v5_LoRA,0,24.36,62.56,595.87,595.87,25.59,0,ATB_54_2026-08-05.csv
2026-07-05T11:46:38Z,46_out,OTICE_v5_LoRA,0,23.92,56.17,0,0,0,0,ATB_46_2026-08-05.csv
2026-07-05T11:46:44Z,55,OTICE_v5_LoRA,49152,0,0,469.13,469.13,25.55,0,ATB_55_2026-08-05.csv
2026-07-05T11:47:05Z,59,OTICE_v5_LoRA,9,24.21,63.91,0,0,0,0,ATB_59_2026-08-05.csv
2026-07-05T11:47:08Z,46_out,OTICE_v5_LoRA,0,23.92,56.17,0,0,0,0,ATB_46_2026-08-05.csv
2026-07-05T11:47:17Z,47,OTICE_v5_LoRA,109,24.34,66.67,552.6,552.6,25.4,0,ATB_47_2026-08-05.csv
2026-07-05T11:47:19Z,54,OTICE_v5_LoRA,0,24.37,62.26,594.76,594.76,25.53,0,ATB_54_2026-08-05.csv
2026-07-05T11:47:38Z,46_out,OTICE_v5_LoRA,0,23.93,56.07,0,0,0,0,ATB_46_2026-08-05.csv
2026-07-05T11:47:44Z,55,OTICE_v5_LoRA,49152,0,0,466.34,466.34,25.51,0,ATB_55_2026-08-05.csv
2026-07-05T11:48:05Z,59,OTICE_v5_LoRA,3,24.24,63.91,0,0,0,0,ATB_59_2026-08-05.csv
2026-07-05T11:48:08Z,46_out,OTICE_v5_LoRA,0,23.94,56.07,0,0,0,0,ATB_46_2026-08-05.csv
2026-07-05T11:48:17Z,47,OTICE_v5_LoRA,107,24.35,66.67,552.14,552.14,25.4,0,ATB_47_2026-08-05.csv
2026-07-05T11:48:20Z,54,OTICE_v5_LoRA,0,24.39,62.26,594.31,594.31,25.6,0,ATB_54_2026-08-05.csv
2026-07-05T11:48:38Z,46_out,OTICE_v5_LoRA,0,23.94,56.07,0,0,0,0,ATB_46_2026-08-05.csv
2026-07-05T11:48:44Z,55,OTICE_v5_LoRA,49152,0,0,466.48,466.48,25.52,0,ATB_55_2026-08-05.csv
2026-07-05T11:49:05Z,59,OTICE_v5_LoRA,9,24.22,63.91,0,0,0,0,ATB_59_2026-08-05.csv
2026-07-05T11:49:08Z,46_out,OTICE_v5_LoRA,0,23.93,56.07,0,0,0,0,ATB_46_2026-08-05.csv
2026-07-05T11:49:17Z,47,OTICE_v5_LoRA,105,24.35,66.67,553.98,553.98,25.43,0,ATB_47_2026-08-05.csv
2026-07-05T11:49:20Z,54,OTICE_v5_LoRA,0,24.39,62.26,597.54,597.54,25.62,0,ATB_54_2026-08-05.csv
2026-07-05T11:49:39Z,46_out,OTICE_v5_LoRA,0,23.93,56.17,0,0,0,0,ATB_46_2026-08-05.csv
2026-07-05T11:49:44Z,55,OTICE_v5_LoRA,49152,0,0,468.64,468.64,25.49,0,ATB_55_2026-08-05.csv
2026-07-05T11:50:05Z,59,OTICE_v5_LoRA,11,24.22,64.01,0,0,0,0,ATB_59_2026-08-05.csv
2026-07-05T11:50:09Z,46_out,OTICE_v5_LoRA,0,23.93,56.17,0,0,0,0,ATB_46_2026-08-05.csv
2026-07-05T11:50:18Z,47,OTICE_v5_LoRA,112,24.35,66.77,553.24,553.24,25.44,0,ATB_47_2026-08-05.csv
2026-07-05T11:50:20Z,54,OTICE_v5_LoRA,0,24.41,62.26,599.27,599.27,25.66,0,ATB_54_2026-08-05.csv
2026-07-05T11:50:39Z,46_out,OTICE_v5_LoRA,0,23.93,56.07,0,0,0,0,ATB_46_2026-08-05.csv
2026-07-05T11:50:44Z,55,OTICE_v5_LoRA,49152,0,0,467.46,467.46,25.49,0,ATB_55_2026-08-05.csv
2026-07-05T11:51:05Z,59,OTICE_v5_LoRA,8,24.22,64.11,0,0,0,0,ATB_59_2026-08-05.csv
2026-07-05T11:51:09Z,46_out,OTICE_v5_LoRA,0,23.94,56.17,0,0,0,0,ATB_46_2026-08-05.csv
2026-07-05T11:51:18Z,47,OTICE_v5_LoRA,113,24.35,66.67,552.57,552.57,25.44,0,ATB_47_2026-08-05.csv
2026-07-05T11:51:20Z,54,OTICE_v5_LoRA,0,24.39,62.36,596.87,596.87,25.63,0,ATB_54_2026-08-05.csv
2026-07-05T11:51:39Z,46_out,OTICE_v5_LoRA,0,23.92,56.17,0,0,0,0,ATB_46_2026-08-05.csv
2026-07-05T11:51:44Z,55,OTICE_v5_LoRA,49152,0,0,466.25,466.25,25.51,0,ATB_55_2026-08-05.csv
2026-07-05T11:52:05Z,59,OTICE_v5_LoRA,9,24.22,64.11,0,0,0,0,ATB_59_2026-08-05.csv
2026-07-05T11:52:09Z,46_out,OTICE_v5_LoRA,0,23.9,56.17,0,0,0,0,ATB_46_2026-08-05.csv
2026-07-05T11:52:18Z,47,OTICE_v5_LoRA,115,24.31,66.77,552.79,552.79,25.38,0,ATB_47_2026-08-05.csv
2026-07-05T11:52:20Z,54,OTICE_v5_LoRA,0,24.36,62.36,594.52,594.52,25.53,0,ATB_54_2026-08-05.csv
2026-07-05T11:52:39Z,46_out,OTICE_v5_LoRA,0,23.92,56.17,0,0,0,0,ATB_46_2026-08-05.csv
2026-07-05T11:52:44Z,55,OTICE_v5_LoRA,49152,0,0,463.85,463.85,25.52,0,ATB_55_2026-08-05.csv
2026-07-05T11:53:05Z,59,OTICE_v5_LoRA,11,24.25,64.01,0,0,0,0,ATB_59_2026-08-05.csv
2026-07-05T11:53:09Z,46_out,OTICE_v5_LoRA,0,23.92,56.07,0,0,0,0,ATB_46_2026-08-05.csv
2026-07-05T11:53:18Z,47,OTICE_v5_LoRA,107,24.35,66.67,552.35,552.35,25.43,0,ATB_47_2026-08-05.csv
2026-07-05T11:53:20Z,54,OTICE_v5_LoRA,0,24.41,62.26,595.72,595.72,25.57,0,ATB_54_2026-08-05.csv
2026-07-05T11:53:39Z,46_out,OTICE_v5_LoRA,0,23.94,56.07,0,0,0,0,ATB_46_2026-08-05.csv
2026-07-05T11:53:44Z,55,OTICE_v5_LoRA,49152,0,0,465.81,465.81,25.51,0,ATB_55_2026-08-05.csv
2026-07-05T11:54:05Z,59,OTICE_v5_LoRA,6,24.25,63.81,0,0,0,0,ATB_59_2026-08-05.csv
2026-07-05T11:54:09Z,46_out,OTICE_v5_LoRA,0,23.97,55.98,0,0,0,0,ATB_46_2026-08-05.csv
2026-07-05T11:54:20Z,54,OTICE_v5_LoRA,0,24.39,62.16,593.6,593.6,25.52,0,ATB_54_2026-08-05.csv
2026-07-05T11:54:39Z,46_out,OTICE_v5_LoRA,0,23.97,55.98,0,0,0,0,ATB_46_2026-08-05.csv
2026-07-05T11:54:44Z,55,OTICE_v5_LoRA,0,1.28,0,464.55,464.55,25.57,0,ATB_55_2026-08-05.csv
2026-07-05T11:55:05Z,59,OTICE_v5_LoRA,6,24.28,63.78,0,0,0,0,ATB_59_2026-08-05.csv
2026-07-05T11:55:10Z,46_out,OTICE_v5_LoRA,0,23.97,55.98,0,0,0,0,ATB_46_2026-08-05.csv
2026-07-05T11:55:17Z,47,OTICE_v5_LoRA,109,24.37,66.67,566.45,566.45,25.4,0,ATB_47_2026-08-05.csv
2026-07-05T11:55:40Z,46_out,OTICE_v5_LoRA,0,23.97,56.07,0,0,0,0,ATB_46_2026-08-05.csv
2026-07-05T11:56:05Z,59,OTICE_v5_LoRA,5,24.3,63.88,0,0,0,0,ATB_59_2026-08-05.csv
2026-07-05T11:56:10Z,46_out,OTICE_v5_LoRA,0,23.97,55.98,0,0,0,0,ATB_46_2026-08-05.csv
2026-07-05T11:56:17Z,47,OTICE_v5_LoRA,111,24.37,66.67,569.47,569.47,25.48,0,ATB_47_2026-08-05.csv
2026-07-05T11:56:19Z,54,OTICE_v5_LoRA,0,24.37,62.36,583.37,583.37,25.54,0,ATB_54_2026-08-05.csv
2026-07-05T11:56:40Z,46_out,OTICE_v5_LoRA,0,23.97,55.98,0,0,0,0,ATB_46_2026-08-05.csv
2026-07-05T11:56:44Z,55,OTICE_v5_LoRA,0,0,0,472.61,472.61,25.62,0,ATB_55_2026-08-05.csv
2026-07-05T11:57:05Z,59,OTICE_v5_LoRA,9,24.31,63.88,0,0,0,0,ATB_59_2026-08-05.csv
2026-07-05T11:57:10Z,46_out,OTICE_v5_LoRA,0,23.97,56.07,0,0,0,0,ATB_46_2026-08-05.csv
2026-07-05T11:57:17Z,47,OTICE_v5_LoRA,112,24.39,66.87,566.53,566.53,25.54,0,ATB_47_2026-08-05.csv
2026-07-05T11:57:19Z,54,OTICE_v5_LoRA,0,24.41,62.46,585.23,585.23,25.63,0,ATB_54_2026-08-05.csv
2026-07-05T11:57:40Z,46_out,OTICE_v5_LoRA,0,23.97,56.07,0,0,0,0,ATB_46_2026-08-05.csv
2026-07-05T11:57:44Z,55,OTICE_v5_LoRA,0,0,0,469.74,469.74,25.64,0,ATB_55_2026-08-05.csv
2026-07-05T11:58:05Z,59,OTICE_v5_LoRA,8,24.3,64.08,0,0,0,0,ATB_59_2026-08-05.csv
2026-07-05T11:58:10Z,46_out,OTICE_v5_LoRA,0,23.97,56.07,0,0,0,0,ATB_46_2026-08-05.csv
2026-07-05T11:58:17Z,47,OTICE_v5_LoRA,115,24.39,66.97,562.58,562.58,25.47,0,ATB_47_2026-08-05.csv
2026-07-05T11:58:19Z,54,OTICE_v5_LoRA,0,24.41,62.66,588.68,588.68,25.6,0,ATB_54_2026-08-05.csv
2026-07-05T11:58:40Z,46_out,OTICE_v5_LoRA,0,23.96,56.07,0,0,0,0,ATB_46_2026-08-05.csv
2026-07-05T11:58:44Z,55,OTICE_v5_LoRA,0,0,0,468.52,468.52,25.62,0,ATB_55_2026-08-05.csv
2026-07-05T11:59:06Z,59,OTICE_v5_LoRA,13,24.3,63.98,0,0,0,0,ATB_59_2026-08-05.csv
2026-07-05T11:59:10Z,46_out,OTICE_v5_LoRA,0,23.96,56.07,0,0,0,0,ATB_46_2026-08-05.csv
2026-07-05T11:59:17Z,47,OTICE_v5_LoRA,114,24.37,66.87,559.72,559.72,25.48,0,ATB_47_2026-08-05.csv
2026-07-05T11:59:19Z,54,OTICE_v5_LoRA,0,24.41,62.46,589.77,589.77,25.65,0,ATB_54_2026-08-05.csv
2026-07-05T11:59:40Z,46_out,OTICE_v5_LoRA,0,23.96,56.17,0,0,0,0,ATB_46_2026-08-05.csv
2026-07-05T11:59:44Z,55,OTICE_v5_LoRA,2048,0,0,471.32,471.32,25.6,0,ATB_55_2026-08-05.csv
2026-07-05T12:00:06Z,59,OTICE_v5_LoRA,9,24.28,64.08,0,0,0,0,ATB_59_2026-08-05.csv
2026-07-05T12:00:10Z,46_out,OTICE_v5_LoRA,0,23.94,56.07,0,0,0,0,ATB_46_2026-08-05.csv
2026-07-05T12:00:17Z,47,OTICE_v5_LoRA,108,24.38,66.97,559.53,559.53,25.47,0,ATB_47_2026-08-05.csv
2026-07-05T12:00:19Z,54,OTICE_v5_LoRA,0,24.39,62.56,591.9,591.9,25.6,0,ATB_54_2026-08-05.csv
2026-07-05T12:00:41Z,46_out,OTICE_v5_LoRA,0,23.94,56.17,0,0,0,0,ATB_46_2026-08-05.csv
2026-07-05T12:00:44Z,55,OTICE_v5_LoRA,2048,0,0,469.71,469.71,25.64,0,ATB_55_2026-08-05.csv
2026-07-05T12:01:06Z,59,OTICE_v5_LoRA,8,24.28,63.98,0,0,0,0,ATB_59_2026-08-05.csv
2026-07-05T12:01:11Z,46_out,OTICE_v5_LoRA,0,23.96,56.07,0,0,0,0,ATB_46_2026-08-05.csv
2026-07-05T12:01:17Z,47,OTICE_v5_LoRA,115,24.38,66.87,559.54,559.54,25.48,0,ATB_47_2026-08-05.csv
2026-07-05T12:01:19Z,54,OTICE_v5_LoRA,0,24.41,62.46,591.95,591.95,25.66,0,ATB_54_2026-08-05.csv
2026-07-05T12:01:41Z,46_out,OTICE_v5_LoRA,0,23.94,56.17,0,0,0,0,ATB_46_2026-08-05.csv
2026-07-05T12:01:44Z,55,OTICE_v5_LoRA,2048,0,0,468.92,468.92,25.62,0,ATB_55_2026-08-05.csv
2026-07-05T12:02:06Z,59,OTICE_v5_LoRA,7,24.25,64.11,0,0,0,0,ATB_59_2026-08-05.csv
2026-07-05T12:02:11Z,46_out,OTICE_v5_LoRA,0,23.94,56.17,0,0,0,0,ATB_46_2026-08-05.csv
2026-07-05T12:02:17Z,47,OTICE_v5_LoRA,115,24.37,66.87,559.99,559.99,25.41,0,ATB_47_2026-08-05.csv
2026-07-05T12:02:19Z,54,OTICE_v5_LoRA,0,24.37,62.46,592.45,592.45,25.56,0,ATB_54_2026-08-05.csv
2026-07-05T12:02:41Z,46_out,OTICE_v5_LoRA,0,23.96,56.07,0,0,0,0,ATB_46_2026-08-05.csv
2026-07-05T12:02:44Z,55,OTICE_v5_LoRA,2048,0,0,470.21,470.21,25.67,0,ATB_55_2026-08-05.csv
2026-07-05T12:03:06Z,59,OTICE_v5_LoRA,11,24.28,63.88,0,0,0,0,ATB_59_2026-08-05.csv
2026-07-05T12:03:11Z,46_out,OTICE_v5_LoRA,0,23.97,56.17,0,0,0,0,ATB_46_2026-08-05.csv
2026-07-05T12:03:17Z,47,OTICE_v5_LoRA,111,24.38,66.67,558.11,558.11,25.4,0,ATB_47_2026-08-05.csv
2026-07-05T12:03:19Z,54,OTICE_v5_LoRA,0,24.39,62.26,593.77,593.77,25.53,0,ATB_54_2026-08-05.csv
2026-07-05T12:03:41Z,46_out,OTICE_v5_LoRA,0,23.99,56.17,0,0,0,0,ATB_46_2026-08-05.csv
2026-07-05T12:03:45Z,55,OTICE_v5_LoRA,2048,0,0,474.8,474.8,25.67,0,ATB_55_2026-08-05.csv
2026-07-05T12:04:06Z,59,OTICE_v5_LoRA,5,24.32,63.78,0,0,0,0,ATB_59_2026-08-05.csv
2026-07-05T12:04:11Z,46_out,OTICE_v5_LoRA,0,24.02,56.07,0,0,0,0,ATB_46_2026-08-05.csv
2026-07-05T12:04:17Z,47,OTICE_v5_LoRA,107,24.38,66.87,557.03,557.03,25.65,0,ATB_47_2026-08-05.csv
2026-07-05T12:04:19Z,54,OTICE_v5_LoRA,0,24.41,62.56,594.79,594.79,25.72,0,ATB_54_2026-08-05.csv
2026-07-05T12:04:41Z,46_out,OTICE_v5_LoRA,0,23.99,55.98,0,0,0,0,ATB_46_2026-08-05.csv
2026-07-05T12:04:45Z,55,OTICE_v5_LoRA,65280,0,0,474.24,474.24,25.72,0,ATB_55_2026-08-05.csv
2026-07-05T12:05:06Z,59,OTICE_v5_LoRA,11,24.31,63.88,0,0,0,0,ATB_59_2026-08-05.csv
2026-07-05T12:05:11Z,46_out,OTICE_v5_LoRA,0,24.02,56.07,0,0,0,0,ATB_46_2026-08-05.csv
2026-07-05T12:05:17Z,47,OTICE_v5_LoRA,105,24.39,66.87,561.53,561.53,25.7,0,ATB_47_2026-08-05.csv
2026-07-05T12:05:19Z,54,OTICE_v5_LoRA,0,24.41,62.56,595.22,595.22,25.79,0,ATB_54_2026-08-05.csv
2026-07-05T12:05:41Z,46_out,OTICE_v5_LoRA,0,24.03,55.95,0,0,0,0,ATB_46_2026-08-05.csv
2026-07-05T12:05:45Z,55,OTICE_v5_LoRA,65280,0,0,474.85,474.85,25.77,0,ATB_55_2026-08-05.csv
2026-07-05T12:06:06Z,59,OTICE_v5_LoRA,5,24.31,63.88,0,0,0,0,ATB_59_2026-08-05.csv
2026-07-05T12:06:12Z,46_out,OTICE_v5_LoRA,0,24.05,55.85,0,0,0,0,ATB_46_2026-08-05.csv
2026-07-05T12:06:17Z,47,OTICE_v5_LoRA,111,24.41,66.87,564.44,564.44,25.84,0,ATB_47_2026-08-05.csv
2026-07-05T12:06:20Z,54,OTICE_v5_LoRA,0,24.42,62.56,593.64,593.64,25.87,0,ATB_54_2026-08-05.csv
2026-07-05T12:06:42Z,46_out,OTICE_v5_LoRA,0,24.05,55.85,0,0,0,0,ATB_46_2026-08-05.csv
2026-07-05T12:06:45Z,55,OTICE_v5_LoRA,65280,0,0,474.08,474.08,25.79,0,ATB_55_2026-08-05.csv
2026-07-05T12:07:06Z,59,OTICE_v5_LoRA,7,24.32,63.88,0,0,0,0,ATB_59_2026-08-05.csv
2026-07-05T12:07:12Z,46_out,OTICE_v5_LoRA,0,24.03,55.85,0,0,0,0,ATB_46_2026-08-05.csv
2026-07-05T12:07:17Z,47,OTICE_v5_LoRA,115,24.41,66.77,566.21,566.21,25.85,0,ATB_47_2026-08-05.csv
2026-07-05T12:07:20Z,54,OTICE_v5_LoRA,0,24.42,62.56,592.58,592.58,25.88,0,ATB_54_2026-08-05.csv
2026-07-05T12:07:42Z,46_out,OTICE_v5_LoRA,0,24.02,55.87,0,0,0,0,ATB_46_2026-08-05.csv
2026-07-05T12:07:45Z,55,OTICE_v5_LoRA,65280,0,0,474.32,474.32,25.78,0,ATB_55_2026-08-05.csv
2026-07-05T12:08:06Z,59,OTICE_v5_LoRA,6,24.32,63.78,0,0,0,0,ATB_59_2026-08-05.csv
2026-07-05T12:08:12Z,46_out,OTICE_v5_LoRA,0,24.02,55.87,0,0,0,0,ATB_46_2026-08-05.csv
2026-07-05T12:08:17Z,47,OTICE_v5_LoRA,115,24.42,66.74,566.2,566.2,25.88,0,ATB_47_2026-08-05.csv
2026-07-05T12:08:20Z,54,OTICE_v5_LoRA,0,24.42,62.66,589.22,589.22,25.96,0,ATB_54_2026-08-05.csv
2026-07-05T12:08:42Z,46_out,OTICE_v5_LoRA,0,24.05,55.75,0,0,0,0,ATB_46_2026-08-05.csv
2026-07-05T12:08:45Z,55,OTICE_v5_LoRA,65280,0,0,476.92,476.92,25.82,0,ATB_55_2026-08-05.csv
2026-07-05T12:09:07Z,59,OTICE_v5_LoRA,1,24.34,63.78,0,0,0,0,ATB_59_2026-08-05.csv
2026-07-05T12:09:12Z,46_out,OTICE_v5_LoRA,0,24.05,55.65,0,0,0,0,ATB_46_2026-08-05.csv
2026-07-05T12:09:17Z,47,OTICE_v5_LoRA,117,24.42,66.54,564.29,564.29,25.89,0,ATB_47_2026-08-05.csv
2026-07-05T12:09:20Z,54,OTICE_v5_LoRA,0,24.45,62.46,586.41,586.41,26,0,ATB_54_2026-08-05.csv
2026-07-05T12:09:42Z,46_out,OTICE_v5_LoRA,0,24.06,55.65,0,0,0,0,ATB_46_2026-08-05.csv
2026-07-05T12:09:45Z,55,OTICE_v5_LoRA,65280,0,0,477.12,477.12,25.85,0,ATB_55_2026-08-05.csv
2026-07-05T12:10:07Z,59,OTICE_v5_LoRA,8,24.35,63.69,0,0,0,0,ATB_59_2026-08-05.csv
2026-07-05T12:10:12Z,46_out,OTICE_v5_LoRA,0,24.06,55.65,0,0,0,0,ATB_46_2026-08-05.csv
2026-07-05T12:10:18Z,47,OTICE_v5_LoRA,115,24.42,66.54,561.01,561.01,25.85,0,ATB_47_2026-08-05.csv
2026-07-05T12:10:20Z,54,OTICE_v5_LoRA,0,24.46,62.26,586.95,586.95,25.98,0,ATB_54_2026-08-05.csv
2026-07-05T12:10:42Z,46_out,OTICE_v5_LoRA,0,24.06,55.65,0,0,0,0,ATB_46_2026-08-05.csv
2026-07-05T12:10:45Z,55,OTICE_v5_LoRA,65280,0,0,477.47,477.47,25.88,0,ATB_55_2026-08-05.csv
2026-07-05T12:11:07Z,59,OTICE_v5_LoRA,6,24.37,63.48,0,0,0,0,ATB_59_2026-08-05.csv
2026-07-05T12:11:12Z,46_out,OTICE_v5_LoRA,0,24.09,55.65,0,0,0,0,ATB_46_2026-08-05.csv
2026-07-05T12:11:18Z,47,OTICE_v5_LoRA,110,24.44,66.63,558.51,558.51,25.94,0,ATB_47_2026-08-05.csv
2026-07-05T12:11:20Z,54,OTICE_v5_LoRA,0,24.46,62.26,583.26,583.26,26.04,0,ATB_54_2026-08-05.csv
2026-07-05T12:11:43Z,46_out,OTICE_v5_LoRA,0,24.08,55.55,0,0,0,0,ATB_46_2026-08-05.csv
2026-07-05T12:11:45Z,55,OTICE_v5_LoRA,65280,0,0,475.2,475.2,25.87,0,ATB_55_2026-08-05.csv
2026-07-05T12:12:07Z,59,OTICE_v5_LoRA,4,24.4,63.48,0,0,0,0,ATB_59_2026-08-05.csv
2026-07-05T12:12:13Z,46_out,OTICE_v5_LoRA,0,24.08,55.55,0,0,0,0,ATB_46_2026-08-05.csv
2026-07-05T12:12:18Z,47,OTICE_v5_LoRA,113,24.47,66.44,559.1,559.1,25.97,0,ATB_47_2026-08-05.csv
2026-07-05T12:12:20Z,54,OTICE_v5_LoRA,0,24.48,62.16,583.59,583.59,26.08,0,ATB_54_2026-08-05.csv
2026-07-05T12:12:43Z,46_out,OTICE_v5_LoRA,0,24.09,55.55,0,0,0,0,ATB_46_2026-08-05.csv
2026-07-05T12:12:45Z,55,OTICE_v5_LoRA,0,0,0,476.97,476.97,25.91,0,ATB_55_2026-08-05.csv
2026-07-05T12:13:07Z,59,OTICE_v5_LoRA,2,24.42,63.48,0,0,0,0,ATB_59_2026-08-05.csv
2026-07-05T12:13:13Z,46_out,OTICE_v5_LoRA,0,24.08,55.55,0,0,0,0,ATB_46_2026-08-05.csv
2026-07-05T12:13:18Z,47,OTICE_v5_LoRA,106,24.5,66.44,557.26,557.26,25.98,0,ATB_47_2026-08-05.csv
2026-07-05T12:13:20Z,54,OTICE_v5_LoRA,0,24.52,62.16,584.49,584.49,26.08,0,ATB_54_2026-08-05.csv
2026-07-05T12:13:43Z,46_out,OTICE_v5_LoRA,0,24.1,55.45,0,0,0,0,ATB_46_2026-08-05.csv
2026-07-05T12:13:45Z,55,OTICE_v5_LoRA,0,0,0,478.96,478.96,25.93,0,ATB_55_2026-08-05.csv
2026-07-05T12:14:07Z,59,OTICE_v5_LoRA,7,24.42,63.48,0,0,0,0,ATB_59_2026-08-05.csv
2026-07-05T12:14:13Z,46_out,OTICE_v5_LoRA,0,24.12,55.45,0,0,0,0,ATB_46_2026-08-05.csv
2026-07-05T12:14:18Z,47,OTICE_v5_LoRA,111,24.52,66.34,557.55,557.55,26.05,0,ATB_47_2026-08-05.csv
2026-07-05T12:14:20Z,54,OTICE_v5_LoRA,0,24.51,62.16,583.17,583.17,26.11,0,ATB_54_2026-08-05.csv
2026-07-05T12:14:43Z,46_out,OTICE_v5_LoRA,0,24.12,55.35,0,0,0,0,ATB_46_2026-08-05.csv
2026-07-05T12:14:45Z,55,OTICE_v5_LoRA,65280,0,0,478.72,478.72,25.95,0,ATB_55_2026-08-05.csv
2026-07-05T12:15:07Z,59,OTICE_v5_LoRA,8,24.42,63.39,0,0,0,0,ATB_59_2026-08-05.csv
2026-07-05T12:15:13Z,46_out,OTICE_v5_LoRA,0,24.1,55.35,0,0,0,0,ATB_46_2026-08-05.csv
2026-07-05T12:15:18Z,47,OTICE_v5_LoRA,112,24.52,66.34,557.16,557.16,26.02,0,ATB_47_2026-08-05.csv
2026-07-05T12:15:20Z,54,OTICE_v5_LoRA,0,24.52,62.16,581.11,581.11,26.11,0,ATB_54_2026-08-05.csv
2026-07-05T12:15:43Z,46_out,OTICE_v5_LoRA,0,24.12,55.45,0,0,0,0,ATB_46_2026-08-05.csv
2026-07-05T12:15:45Z,55,OTICE_v5_LoRA,65280,0,0,476.45,476.45,25.95,0,ATB_55_2026-08-05.csv
2026-07-05T12:16:07Z,59,OTICE_v5_LoRA,5,24.45,63.39,0,0,0,0,ATB_59_2026-08-05.csv
2026-07-05T12:16:13Z,46_out,OTICE_v5_LoRA,0,24.1,55.35,0,0,0,0,ATB_46_2026-08-05.csv
2026-07-05T12:16:18Z,47,OTICE_v5_LoRA,110,24.53,66.44,557.41,557.41,26.04,0,ATB_47_2026-08-05.csv
2026-07-05T12:16:20Z,54,OTICE_v5_LoRA,0,24.53,62.06,579.66,579.66,26.13,0,ATB_54_2026-08-05.csv
2026-07-05T12:16:43Z,46_out,OTICE_v5_LoRA,0,24.09,55.35,0,0,0,0,ATB_46_2026-08-05.csv
2026-07-05T12:16:45Z,55,OTICE_v5_LoRA,1792,0,0,476.83,476.83,25.98,0,ATB_55_2026-08-05.csv
2026-07-05T12:17:18Z,47,OTICE_v5_LoRA,113,24.56,66.24,558.16,558.16,26.05,0,ATB_47_2026-08-05.csv
2026-07-05T12:17:21Z,54,OTICE_v5_LoRA,0,24.55,61.96,577.08,577.08,26.11,0,ATB_54_2026-08-05.csv
2026-07-05T12:17:36Z,46_out,OTICE_v5_LoRA,0,24.12,55.45,0,0,0,0,ATB_46_2026-08-05.csv
2026-07-05T12:17:45Z,55,OTICE_v5_LoRA,0,0,0,478.46,478.46,25.96,0,ATB_55_2026-08-05.csv
2026-07-05T12:18:06Z,59,OTICE_v5_LoRA,4,24.45,63.28,0,0,0,0,ATB_59_2026-08-05.csv
2026-07-05T12:18:07Z,46_out,OTICE_v5_LoRA,0,24.15,55.45,0,0,0,0,ATB_46_2026-08-05.csv
2026-07-05T12:18:18Z,47,OTICE_v5_LoRA,114,24.53,66.24,556.63,556.63,25.99,0,ATB_47_2026-08-05.csv
2026-07-05T12:18:21Z,54,OTICE_v5_LoRA,0,24.53,61.96,574.32,574.32,26.15,0,ATB_54_2026-08-05.csv
2026-07-05T12:18:37Z,46_out,OTICE_v5_LoRA,0,24.12,55.35,0,0,0,0,ATB_46_2026-08-05.csv
2026-07-05T12:18:45Z,55,OTICE_v5_LoRA,0,0,0,476.44,476.44,25.96,0,ATB_55_2026-08-05.csv
2026-07-05T12:19:06Z,59,OTICE_v5_LoRA,7,24.45,63.39,0,0,0,0,ATB_59_2026-08-05.csv
2026-07-05T12:19:07Z,46_out,OTICE_v5_LoRA,0,24.12,55.45,0,0,0,0,ATB_46_2026-08-05.csv
2026-07-05T12:19:19Z,47,OTICE_v5_LoRA,107,24.54,66.34,556.71,556.71,26.04,0,ATB_47_2026-08-05.csv
2026-07-05T12:19:21Z,54,OTICE_v5_LoRA,0,24.55,61.96,573.86,573.86,26.14,0,ATB_54_2026-08-05.csv
2026-07-05T12:19:37Z,46_out,OTICE_v5_LoRA,0,24.12,55.35,0,0,0,0,ATB_46_2026-08-05.csv
2026-07-05T12:19:45Z,55,OTICE_v5_LoRA,8,0,0,477.92,477.92,25.96,0,ATB_55_2026-08-05.csv
2026-07-05T12:20:06Z,59,OTICE_v5_LoRA,6,24.46,63.28,0,0,0,0,ATB_59_2026-08-05.csv
2026-07-05T12:20:07Z,46_out,OTICE_v5_LoRA,0,24.15,55.45,0,0,0,0,ATB_46_2026-08-05.csv
2026-07-05T12:20:19Z,47,OTICE_v5_LoRA,106,24.57,66.24,559.09,559.09,26.07,0,ATB_47_2026-08-05.csv
2026-07-05T12:20:21Z,54,OTICE_v5_LoRA,0,24.56,61.96,573.73,573.73,26.15,0,ATB_54_2026-08-05.csv
2026-07-05T12:20:37Z,46_out,OTICE_v5_LoRA,0,24.15,55.35,0,0,0,0,ATB_46_2026-08-05.csv
2026-07-05T12:20:45Z,55,OTICE_v5_LoRA,8,0,0,477.01,477.01,25.98,0,ATB_55_2026-08-05.csv
2026-07-05T12:21:06Z,59,OTICE_v5_LoRA,5,24.47,63.28,0,0,0,0,ATB_59_2026-08-05.csv
2026-07-05T12:21:07Z,46_out,OTICE_v5_LoRA,0,24.15,55.35,0,0,0,0,ATB_46_2026-08-05.csv
2026-07-05T12:21:19Z,47,OTICE_v5_LoRA,109,24.54,66.24,560.6,560.6,26.09,0,ATB_47_2026-08-05.csv
2026-07-05T12:21:21Z,54,OTICE_v5_LoRA,0,24.59,61.83,574.84,574.84,26.18,0,ATB_54_2026-08-05.csv
2026-07-05T12:21:37Z,46_out,OTICE_v5_LoRA,0,24.15,55.35,0,0,0,0,ATB_46_2026-08-05.csv
2026-07-05T12:21:45Z,55,OTICE_v5_LoRA,8,0,0,475.73,475.73,26.01,0,ATB_55_2026-08-05.csv
2026-07-05T12:22:07Z,46_out,OTICE_v5_LoRA,0,24.15,55.35,0,0,0,0,ATB_46_2026-08-05.csv
2026-07-05T12:22:07Z,59,OTICE_v5_LoRA,5,24.49,63.18,0,0,0,0,ATB_59_2026-08-05.csv
2026-07-05T12:22:19Z,47,OTICE_v5_LoRA,107,24.59,66.14,562.64,562.64,26.08,0,ATB_47_2026-08-05.csv
2026-07-05T12:22:21Z,54,OTICE_v5_LoRA,0,24.6,61.83,575.68,575.68,26.18,0,ATB_54_2026-08-05.csv
2026-07-05T12:22:37Z,46_out,OTICE_v5_LoRA,0,24.16,55.35,0,0,0,0,ATB_46_2026-08-05.csv
2026-07-05T12:22:45Z,55,OTICE_v5_LoRA,8,0,0,476.02,476.02,26.02,0,ATB_55_2026-08-05.csv
2026-07-05T12:23:07Z,46_out,OTICE_v5_LoRA,0,24.18,55.35,0,0,0,0,ATB_46_2026-08-05.csv
2026-07-05T12:23:07Z,59,OTICE_v5_LoRA,5,24.52,63.15,0,0,0,0,ATB_59_2026-08-05.csv
2026-07-05T12:23:19Z,47,OTICE_v5_LoRA,107,24.59,66.14,562.5,562.5,26.09,0,ATB_47_2026-08-05.csv
2026-07-05T12:23:21Z,54,OTICE_v5_LoRA,0,24.6,61.83,577.12,577.12,26.18,0,ATB_54_2026-08-05.csv
2026-07-05T12:23:37Z,46_out,OTICE_v5_LoRA,0,24.18,55.35,0,0,0,0,ATB_46_2026-08-05.csv
2026-07-05T12:23:45Z,55,OTICE_v5_LoRA,8,0,0,474.85,474.85,26.02,0,ATB_55_2026-08-05.csv
2026-07-05T12:24:07Z,59,OTICE_v5_LoRA,2,24.53,63.15,0,0,0,0,ATB_59_2026-08-05.csv
2026-07-05T12:24:08Z,46_out,OTICE_v5_LoRA,0,24.18,55.25,0,0,0,0,ATB_46_2026-08-05.csv
2026-07-05T12:24:19Z,47,OTICE_v5_LoRA,104,24.57,66.24,562.19,562.19,26.08,0,ATB_47_2026-08-05.csv
2026-07-05T12:24:21Z,54,OTICE_v5_LoRA,0,24.61,61.83,575.85,575.85,26.2,0,ATB_54_2026-08-05.csv
2026-07-05T12:24:38Z,46_out,OTICE_v5_LoRA,0,24.18,55.35,0,0,0,0,ATB_46_2026-08-05.csv
2026-07-05T12:24:46Z,55,OTICE_v5_LoRA,0,0,0,475.89,475.89,26.06,0,ATB_55_2026-08-05.csv
2026-07-05T12:25:07Z,59,OTICE_v5_LoRA,6,24.55,63.15,0,0,0,0,ATB_59_2026-08-05.csv
2026-07-05T12:25:08Z,46_out,OTICE_v5_LoRA,0,24.2,55.45,0,0,0,0,ATB_46_2026-08-05.csv
2026-07-05T12:25:19Z,47,OTICE_v5_LoRA,107,24.59,66.14,563.23,563.23,26.07,0,ATB_47_2026-08-05.csv
2026-07-05T12:25:21Z,54,OTICE_v5_LoRA,0,24.61,61.83,578.2,578.2,26.21,0,ATB_54_2026-08-05.csv
2026-07-05T12:25:38Z,46_out,OTICE_v5_LoRA,0,24.21,55.35,0,0,0,0,ATB_46_2026-08-05.csv
2026-07-05T12:25:46Z,55,OTICE_v5_LoRA,0,0,0,472.89,472.89,26.05,0,ATB_55_2026-08-05.csv
2026-07-05T12:26:07Z,59,OTICE_v5_LoRA,8,24.55,63.25,0,0,0,0,ATB_59_2026-08-05.csv
2026-07-05T12:26:08Z,46_out,OTICE_v5_LoRA,0,24.25,55.35,0,0,0,0,ATB_46_2026-08-05.csv
2026-07-05T12:26:19Z,47,OTICE_v5_LoRA,110,24.6,66.14,563.71,563.71,26.08,0,ATB_47_2026-08-05.csv
2026-07-05T12:26:21Z,54,OTICE_v5_LoRA,0,24.61,61.83,579.03,579.03,26.23,0,ATB_54_2026-08-05.csv
2026-07-05T12:26:38Z,46_out,OTICE_v5_LoRA,0,24.22,55.25,0,0,0,0,ATB_46_2026-08-05.csv
2026-07-05T12:26:46Z,55,OTICE_v5_LoRA,0,0,0,472.68,472.68,26.03,0,ATB_55_2026-08-05.csv
2026-07-05T12:27:07Z,59,OTICE_v5_LoRA,3,24.53,63.25,0,0,0,0,ATB_59_2026-08-05.csv
2026-07-05T12:27:08Z,46_out,OTICE_v5_LoRA,0,24.22,55.25,0,0,0,0,ATB_46_2026-08-05.csv
2026-07-05T12:27:19Z,47,OTICE_v5_LoRA,104,24.59,66.24,566.63,566.63,26.04,0,ATB_47_2026-08-05.csv
2026-07-05T12:27:21Z,54,OTICE_v5_LoRA,0,24.61,61.83,581.38,581.38,26.2,0,ATB_54_2026-08-05.csv
2026-07-05T12:27:38Z,46_out,OTICE_v5_LoRA,0,24.18,55.35,0,0,0,0,ATB_46_2026-08-05.csv
2026-07-05T12:27:46Z,55,OTICE_v5_LoRA,0,0,0,472.95,472.95,26.05,0,ATB_55_2026-08-05.csv
2026-07-05T12:28:07Z,59,OTICE_v5_LoRA,3,24.53,63.36,0,0,0,0,ATB_59_2026-08-05.csv
2026-07-05T12:28:08Z,46_out,OTICE_v5_LoRA,0,24.18,55.35,0,0,0,0,ATB_46_2026-08-05.csv
2026-07-05T12:28:19Z,47,OTICE_v5_LoRA,106,24.59,66.24,565.07,565.07,26.09,0,ATB_47_2026-08-05.csv
2026-07-05T12:28:21Z,54,OTICE_v5_LoRA,0,24.61,61.93,581.43,581.43,26.2,0,ATB_54_2026-08-05.csv
2026-07-05T12:28:38Z,46_out,OTICE_v5_LoRA,0,24.18,55.35,0,0,0,0,ATB_46_2026-08-05.csv
2026-07-05T12:28:46Z,55,OTICE_v5_LoRA,0,0,0,471.31,471.31,26.05,0,ATB_55_2026-08-05.csv
2026-07-05T12:29:07Z,59,OTICE_v5_LoRA,5,24.52,63.15,0,0,0,0,ATB_59_2026-08-05.csv
2026-07-05T12:29:09Z,46_out,OTICE_v5_LoRA,0,24.18,55.35,0,0,0,0,ATB_46_2026-08-05.csv
2026-07-05T12:29:19Z,47,OTICE_v5_LoRA,105,24.6,66.14,566.47,566.47,26.09,0,ATB_47_2026-08-05.csv
2026-07-05T12:29:21Z,54,OTICE_v5_LoRA,0,24.61,61.73,581.85,581.85,26.21,0,ATB_54_2026-08-05.csv
2026-07-05T12:29:39Z,46_out,OTICE_v5_LoRA,0,24.21,55.35,0,0,0,0,ATB_46_2026-08-05.csv
2026-07-05T12:29:46Z,55,OTICE_v5_LoRA,0,0,0,469.97,469.97,26.06,0,ATB_55_2026-08-05.csv
2026-07-05T12:30:07Z,59,OTICE_v5_LoRA,7,24.53,63.25,0,0,0,0,ATB_59_2026-08-05.csv
2026-07-05T12:30:09Z,46_out,OTICE_v5_LoRA,0,24.21,55.35,0,0,0,0,ATB_46_2026-08-05.csv
2026-07-05T12:30:19Z,47,OTICE_v5_LoRA,107,24.59,66.04,567.1,567.1,26.11,0,ATB_47_2026-08-05.csv
2026-07-05T12:30:21Z,54,OTICE_v5_LoRA,0,24.64,61.73,581.55,581.55,26.18,0,ATB_54_2026-08-05.csv
2026-07-05T12:30:39Z,46_out,OTICE_v5_LoRA,0,24.22,55.35,0,0,0,0,ATB_46_2026-08-05.csv
2026-07-05T12:30:46Z,55,OTICE_v5_LoRA,0,0,0,470.13,470.13,26.06,0,ATB_55_2026-08-05.csv
2026-07-05T12:31:07Z,59,OTICE_v5_LoRA,6,24.57,63.15,0,0,0,0,ATB_59_2026-08-05.csv
2026-07-05T12:31:09Z,46_out,OTICE_v5_LoRA,0,24.21,55.25,0,0,0,0,ATB_46_2026-08-05.csv
2026-07-05T12:31:19Z,47,OTICE_v5_LoRA,108,24.63,65.94,567.35,567.35,26.12,0,ATB_47_2026-08-05.csv
2026-07-05T12:31:21Z,54,OTICE_v5_LoRA,0,24.66,61.73,583.4,583.4,26.18,0,ATB_54_2026-08-05.csv
2026-07-05T12:31:39Z,46_out,OTICE_v5_LoRA,0,24.22,55.15,0,0,0,0,ATB_46_2026-08-05.csv
2026-07-05T12:31:46Z,55,OTICE_v5_LoRA,0,0,0,472.6,472.6,26.08,0,ATB_55_2026-08-05.csv
2026-07-05T12:32:07Z,59,OTICE_v5_LoRA,8,24.57,63.15,0,0,0,0,ATB_59_2026-08-05.csv
2026-07-05T12:32:09Z,46_out,OTICE_v5_LoRA,0,24.21,55.25,0,0,0,0,ATB_46_2026-08-05.csv
2026-07-05T12:32:20Z,47,OTICE_v5_LoRA,104,24.64,66.04,567.17,567.17,26.15,0,ATB_47_2026-08-05.csv
2026-07-05T12:32:21Z,54,OTICE_v5_LoRA,0,24.66,61.83,585.33,585.33,26.24,0,ATB_54_2026-08-05.csv
2026-07-05T12:32:39Z,46_out,OTICE_v5_LoRA,0,24.24,55.25,0,0,0,0,ATB_46_2026-08-05.csv
2026-07-05T12:32:46Z,55,OTICE_v5_LoRA,0,0,0,470.97,470.97,26.08,0,ATB_55_2026-08-05.csv
2026-07-05T12:33:08Z,59,OTICE_v5_LoRA,5,24.58,63.06,0,0,0,0,ATB_59_2026-08-05.csv
2026-07-05T12:33:09Z,46_out,OTICE_v5_LoRA,0,24.25,55.25,0,0,0,0,ATB_46_2026-08-05.csv
2026-07-05T12:33:20Z,47,OTICE_v5_LoRA,104,24.67,66,568.36,568.36,26.17,0,ATB_47_2026-08-05.csv
2026-07-05T12:33:21Z,54,OTICE_v5_LoRA,0,24.67,61.73,584.4,584.4,26.25,0,ATB_54_2026-08-05.csv
2026-07-05T12:33:39Z,46_out,OTICE_v5_LoRA,0,24.25,55.15,0,0,0,0,ATB_46_2026-08-05.csv
2026-07-05T12:33:46Z,55,OTICE_v5_LoRA,0,0,0,470.68,470.68,26.11,0,ATB_55_2026-08-05.csv
2026-07-05T12:34:08Z,59,OTICE_v5_LoRA,8,24.58,63.06,0,0,0,0,ATB_59_2026-08-05.csv
2026-07-05T12:34:09Z,46_out,OTICE_v5_LoRA,0,24.25,55.15,0,0,0,0,ATB_46_2026-08-05.csv
2026-07-05T12:34:20Z,47,OTICE_v5_LoRA,102,24.67,65.91,565.42,565.42,26.07,0,ATB_47_2026-08-05.csv
2026-07-05T12:34:22Z,54,OTICE_v5_LoRA,0,24.68,61.53,584.8,584.8,26.18,0,ATB_54_2026-08-05.csv
2026-07-05T12:34:40Z,46_out,OTICE_v5_LoRA,0,24.25,55.15,0,0,0,0,ATB_46_2026-08-05.csv
2026-07-05T12:34:46Z,55,OTICE_v5_LoRA,0,0,0,474.1,474.1,26.11,0,ATB_55_2026-08-05.csv
2026-07-05T12:35:08Z,59,OTICE_v5_LoRA,9,24.61,62.95,0,0,0,0,ATB_59_2026-08-05.csv
2026-07-05T12:35:10Z,46_out,OTICE_v5_LoRA,0,24.28,55.32,0,0,0,0,ATB_46_2026-08-05.csv
2026-07-05T12:35:20Z,47,OTICE_v5_LoRA,97,24.74,65.71,562.49,562.49,26.01,0,ATB_47_2026-08-05.csv
2026-07-05T12:35:22Z,54,OTICE_v5_LoRA,0,24.7,61.43,583.18,583.18,26.08,0,ATB_54_2026-08-05.csv
2026-07-05T12:35:40Z,46_out,OTICE_v5_LoRA,0,24.28,55.23,0,0,0,0,ATB_46_2026-08-05.csv
2026-07-05T12:35:46Z,55,OTICE_v5_LoRA,0,0,0,471.08,471.08,26.11,0,ATB_55_2026-08-05.csv
2026-07-05T12:36:08Z,59,OTICE_v5_LoRA,4,24.62,62.95,0,0,0,0,ATB_59_2026-08-05.csv
2026-07-05T12:36:10Z,46_out,OTICE_v5_LoRA,0,24.27,55.32,0,0,0,0,ATB_46_2026-08-05.csv
2026-07-05T12:36:20Z,47,OTICE_v5_LoRA,96,24.75,65.61,559.49,559.49,26.07,0,ATB_47_2026-08-05.csv
2026-07-05T12:36:22Z,54,OTICE_v5_LoRA,0,24.71,61.53,584.13,584.13,26.14,0,ATB_54_2026-08-05.csv
2026-07-05T12:36:40Z,46_out,OTICE_v5_LoRA,0,24.27,55.32,0,0,0,0,ATB_46_2026-08-05.csv
2026-07-05T12:36:46Z,55,OTICE_v5_LoRA,0,0,0,471.73,471.73,26.11,0,ATB_55_2026-08-05.csv
2026-07-05T12:37:08Z,59,OTICE_v5_LoRA,5,24.64,62.95,0,0,0,0,ATB_59_2026-08-05.csv
2026-07-05T12:37:10Z,46_out,OTICE_v5_LoRA,0,24.25,55.45,0,0,0,0,ATB_46_2026-08-05.csv
2026-07-05T12:37:20Z,47,OTICE_v5_LoRA,100,24.79,65.51,560.09,560.09,25.98,0,ATB_47_2026-08-05.csv
2026-07-05T12:37:22Z,54,OTICE_v5_LoRA,0,24.74,61.34,583.03,583.03,26.04,0,ATB_54_2026-08-05.csv
2026-07-05T12:37:40Z,46_out,OTICE_v5_LoRA,0,24.24,55.45,0,0,0,0,ATB_46_2026-08-05.csv
2026-07-05T12:37:46Z,55,OTICE_v5_LoRA,0,0,0,471.93,471.93,26.11,0,ATB_55_2026-08-05.csv
2026-07-05T12:38:08Z,59,OTICE_v5_LoRA,8,24.64,63.06,0,0,0,0,ATB_59_2026-08-05.csv
2026-07-05T12:38:10Z,46_out,OTICE_v5_LoRA,0,24.24,55.55,0,0,0,0,ATB_46_2026-08-05.csv
2026-07-05T12:38:20Z,47,OTICE_v5_LoRA,95,24.82,65.31,559.78,559.78,25.98,0,ATB_47_2026-08-05.csv
2026-07-05T12:38:22Z,54,OTICE_v5_LoRA,0,24.78,61.24,586.14,586.14,26.04,0,ATB_54_2026-08-05.csv
2026-07-05T12:38:40Z,46_out,OTICE_v5_LoRA,0,24.24,55.55,0,0,0,0,ATB_46_2026-08-05.csv
2026-07-05T12:38:46Z,55,OTICE_v5_LoRA,0,0,0,470.88,470.88,26.08,0,ATB_55_2026-08-05.csv
2026-07-05T12:39:08Z,59,OTICE_v5_LoRA,3,24.67,62.86,0,0,0,0,ATB_59_2026-08-05.csv
2026-07-05T12:39:10Z,46_out,OTICE_v5_LoRA,0,24.24,55.55,0,0,0,0,ATB_46_2026-08-05.csv
2026-07-05T12:39:20Z,47,OTICE_v5_LoRA,101,24.84,65.31,561.44,561.44,25.89,0,ATB_47_2026-08-05.csv
2026-07-05T12:39:22Z,54,OTICE_v5_LoRA,0,24.79,61.24,585.19,585.19,25.98,0,ATB_54_2026-08-05.csv
2026-07-05T12:39:40Z,46_out,OTICE_v5_LoRA,0,24.24,55.65,0,0,0,0,ATB_46_2026-08-05.csv
2026-07-05T12:39:46Z,55,OTICE_v5_LoRA,0,0,0,472,472,26.09,0,ATB_55_2026-08-05.csv
2026-07-05T12:40:08Z,59,OTICE_v5_LoRA,2,24.68,62.95,0,0,0,0,ATB_59_2026-08-05.csv
2026-07-05T12:40:11Z,46_out,OTICE_v5_LoRA,0,24.25,55.65,0,0,0,0,ATB_46_2026-08-05.csv
2026-07-05T12:40:20Z,47,OTICE_v5_LoRA,102,24.87,65.31,560.24,560.24,25.92,0,ATB_47_2026-08-05.csv
2026-07-05T12:40:22Z,54,OTICE_v5_LoRA,0,24.81,61.24,584.51,584.51,26.03,0,ATB_54_2026-08-05.csv
2026-07-05T12:40:41Z,46_out,OTICE_v5_LoRA,0,24.25,55.55,0,0,0,0,ATB_46_2026-08-05.csv
2026-07-05T12:40:47Z,55,OTICE_v5_LoRA,0,0,0,473.51,473.51,26.11,0,ATB_55_2026-08-05.csv
2026-07-05T12:41:08Z,59,OTICE_v5_LoRA,7,24.67,63.15,0,0,0,0,ATB_59_2026-08-05.csv
2026-07-05T12:41:11Z,46_out,OTICE_v5_LoRA,0,24.28,55.62,0,0,0,0,ATB_46_2026-08-05.csv
2026-07-05T12:41:20Z,47,OTICE_v5_LoRA,100,24.87,65.61,559.17,559.17,26.05,0,ATB_47_2026-08-05.csv
2026-07-05T12:41:22Z,54,OTICE_v5_LoRA,0,24.82,61.51,585.04,585.04,26.09,0,ATB_54_2026-08-05.csv
2026-07-05T12:41:41Z,46_out,OTICE_v5_LoRA,0,24.28,55.52,0,0,0,0,ATB_46_2026-08-05.csv
2026-07-05T12:41:46Z,55,OTICE_v5_LoRA,0,0,0,473.17,473.17,26.12,0,ATB_55_2026-08-05.csv
2026-07-05T12:42:08Z,59,OTICE_v5_LoRA,9,24.68,63.25,0,0,0,0,ATB_59_2026-08-05.csv
2026-07-05T12:42:11Z,46_out,OTICE_v5_LoRA,0,24.28,55.52,0,0,0,0,ATB_46_2026-08-05.csv
2026-07-05T12:42:20Z,47,OTICE_v5_LoRA,95,24.87,65.51,559.71,559.71,25.98,0,ATB_47_2026-08-05.csv
2026-07-05T12:42:22Z,54,OTICE_v5_LoRA,0,24.82,61.3,586.4,586.4,26.05,0,ATB_54_2026-08-05.csv
2026-07-05T12:42:41Z,46_out,OTICE_v5_LoRA,0,24.28,55.62,0,0,0,0,ATB_46_2026-08-05.csv
2026-07-05T12:42:47Z,55,OTICE_v5_LoRA,0,0,0,473.89,473.89,26.13,0,ATB_55_2026-08-05.csv
2026-07-05T12:43:08Z,59,OTICE_v5_LoRA,6,24.67,63.25,0,0,0,0,ATB_59_2026-08-05.csv
2026-07-05T12:43:11Z,46_out,OTICE_v5_LoRA,0,24.25,55.65,0,0,0,0,ATB_46_2026-08-05.csv
2026-07-05T12:43:20Z,47,OTICE_v5_LoRA,95,24.89,65.61,561.49,561.49,25.99,0,ATB_47_2026-08-05.csv
2026-07-05T12:43:23Z,54,OTICE_v5_LoRA,0,24.81,61.53,586.2,586.2,26.09,0,ATB_54_2026-08-05.csv
2026-07-05T12:43:41Z,46_out,OTICE_v5_LoRA,0,24.24,55.65,0,0,0,0,ATB_46_2026-08-05.csv
2026-07-05T12:43:47Z,55,OTICE_v5_LoRA,0,0,0,474.28,474.28,26.13,0,ATB_55_2026-08-05.csv
2026-07-05T12:44:09Z,59,OTICE_v5_LoRA,8,24.67,63.25,0,0,0,0,ATB_59_2026-08-05.csv
2026-07-05T12:44:11Z,46_out,OTICE_v5_LoRA,0,24.25,55.65,0,0,0,0,ATB_46_2026-08-05.csv
2026-07-05T12:44:21Z,47,OTICE_v5_LoRA,95,24.9,65.48,562.18,562.18,26.01,0,ATB_47_2026-08-05.csv
2026-07-05T12:44:23Z,54,OTICE_v5_LoRA,0,24.83,61.4,583.17,583.17,26.09,0,ATB_54_2026-08-05.csv
2026-07-05T12:44:41Z,46_out,OTICE_v5_LoRA,0,24.24,55.65,0,0,0,0,ATB_46_2026-08-05.csv
2026-07-05T12:44:47Z,55,OTICE_v5_LoRA,0,0,0,473.61,473.61,26.12,0,ATB_55_2026-08-05.csv
2026-07-05T12:45:09Z,59,OTICE_v5_LoRA,9,24.67,63.25,0,0,0,0,ATB_59_2026-08-05.csv
2026-07-05T12:45:11Z,46_out,OTICE_v5_LoRA,0,24.24,55.75,0,0,0,0,ATB_46_2026-08-05.csv
2026-07-05T12:45:21Z,47,OTICE_v5_LoRA,97,24.87,65.51,560.91,560.91,26.07,0,ATB_47_2026-08-05.csv
2026-07-05T12:45:23Z,54,OTICE_v5_LoRA,0,24.83,61.4,582.49,582.49,26.09,0,ATB_54_2026-08-05.csv
2026-07-05T12:45:42Z,46_out,OTICE_v5_LoRA,0,24.24,55.65,0,0,0,0,ATB_46_2026-08-05.csv
2026-07-05T12:45:47Z,55,OTICE_v5_LoRA,0,0,0,473.34,473.34,26.12,0,ATB_55_2026-08-05.csv
2026-07-05T12:46:09Z,59,OTICE_v5_LoRA,6,24.68,63.06,0,0,0,0,ATB_59_2026-08-05.csv
2026-07-05T12:46:12Z,46_out,OTICE_v5_LoRA,0,24.27,55.72,0,0,0,0,ATB_46_2026-08-05.csv
2026-07-05T12:46:21Z,47,OTICE_v5_LoRA,93,24.9,65.38,563.72,563.72,26.04,0,ATB_47_2026-08-05.csv
2026-07-05T12:46:23Z,54,OTICE_v5_LoRA,0,24.83,61.21,580.76,580.76,26.09,0,ATB_54_2026-08-05.csv
2026-07-05T12:46:42Z,46_out,OTICE_v5_LoRA,0,24.28,55.62,0,0,0,0,ATB_46_2026-08-05.csv
2026-07-05T12:46:47Z,55,OTICE_v5_LoRA,0,0,0,472.32,472.32,26.13,0,ATB_55_2026-08-05.csv
2026-07-05T12:47:09Z,59,OTICE_v5_LoRA,5,24.68,62.86,0,0,0,0,ATB_59_2026-08-05.csv
2026-07-05T12:47:12Z,46_out,OTICE_v5_LoRA,0,24.28,55.62,0,0,0,0,ATB_46_2026-08-05.csv
2026-07-05T12:47:21Z,47,OTICE_v5_LoRA,96,24.91,65.28,561.88,561.88,25.98,0,ATB_47_2026-08-05.csv
2026-07-05T12:47:23Z,54,OTICE_v5_LoRA,0,24.85,61.1,579.99,579.99,26.05,0,ATB_54_2026-08-05.csv
2026-07-05T12:47:42Z,46_out,OTICE_v5_LoRA,0,24.28,55.72,0,0,0,0,ATB_46_2026-08-05.csv
2026-07-05T12:47:47Z,55,OTICE_v5_LoRA,0,0,0,473.55,473.55,26.15,0,ATB_55_2026-08-05.csv
2026-07-05T12:48:09Z,59,OTICE_v5_LoRA,5,24.71,63.06,0,0,0,0,ATB_59_2026-08-05.csv
2026-07-05T12:48:12Z,46_out,OTICE_v5_LoRA,0,24.28,55.62,0,0,0,0,ATB_46_2026-08-05.csv
2026-07-05T12:48:21Z,47,OTICE_v5_LoRA,91,24.9,65.38,562.91,562.91,26.02,0,ATB_47_2026-08-05.csv
2026-07-05T12:48:23Z,54,OTICE_v5_LoRA,0,24.85,61.21,579.34,579.34,26.07,0,ATB_54_2026-08-05.csv
2026-07-05T12:48:42Z,46_out,OTICE_v5_LoRA,0,24.27,55.62,0,0,0,0,ATB_46_2026-08-05.csv
2026-07-05T12:48:47Z,55,OTICE_v5_LoRA,0,0,0,477.67,477.67,26.16,0,ATB_55_2026-08-05.csv
2026-07-05T12:49:09Z,59,OTICE_v5_LoRA,7,24.69,63.06,0,0,0,0,ATB_59_2026-08-05.csv
2026-07-05T12:49:12Z,46_out,OTICE_v5_LoRA,0,24.27,55.72,0,0,0,0,ATB_46_2026-08-05.csv
2026-07-05T12:49:21Z,47,OTICE_v5_LoRA,93,24.94,65.38,560.58,560.58,26.02,0,ATB_47_2026-08-05.csv
2026-07-05T12:49:23Z,54,OTICE_v5_LoRA,0,24.88,61.3,578.84,578.84,26.09,0,ATB_54_2026-08-05.csv
2026-07-05T12:49:42Z,46_out,OTICE_v5_LoRA,0,24.27,55.72,0,0,0,0,ATB_46_2026-08-05.csv
2026-07-05T12:49:47Z,55,OTICE_v5_LoRA,0,0,0,476.29,476.29,26.16,0,ATB_55_2026-08-05.csv
2026-07-05T12:50:09Z,59,OTICE_v5_LoRA,5,24.71,63.06,0,0,0,0,ATB_59_2026-08-05.csv
2026-07-05T12:50:12Z,46_out,OTICE_v5_LoRA,0,24.27,55.72,0,0,0,0,ATB_46_2026-08-05.csv
2026-07-05T12:50:21Z,47,OTICE_v5_LoRA,95,24.91,65.28,560.75,560.75,26.05,0,ATB_47_2026-08-05.csv
2026-07-05T12:50:23Z,54,OTICE_v5_LoRA,0,24.89,61.1,579.09,579.09,26.11,0,ATB_54_2026-08-05.csv
2026-07-05T12:50:42Z,46_out,OTICE_v5_LoRA,0,24.28,55.72,0,0,0,0,ATB_46_2026-08-05.csv
2026-07-05T12:50:47Z,55,OTICE_v5_LoRA,0,0,0,476.93,476.93,26.19,0,ATB_55_2026-08-05.csv
2026-07-05T12:51:09Z,59,OTICE_v5_LoRA,4,24.72,62.95,0,0,0,0,ATB_59_2026-08-05.csv
2026-07-05T12:51:13Z,46_out,OTICE_v5_LoRA,0,24.27,55.72,0,0,0,0,ATB_46_2026-08-05.csv
2026-07-05T12:51:21Z,47,OTICE_v5_LoRA,97,24.91,65.28,559.93,559.93,26.05,0,ATB_47_2026-08-05.csv
2026-07-05T12:51:23Z,54,OTICE_v5_LoRA,0,24.88,61.1,581.7,581.7,26.14,0,ATB_54_2026-08-05.csv
2026-07-05T12:51:43Z,46_out,OTICE_v5_LoRA,0,24.28,55.62,0,0,0,0,ATB_46_2026-08-05.csv
2026-07-05T12:51:47Z,55,OTICE_v5_LoRA,0,0,0,474.02,474.02,26.19,0,ATB_55_2026-08-05.csv
2026-07-05T12:52:09Z,59,OTICE_v5_LoRA,0,24.71,62.86,0,0,0,0,ATB_59_2026-08-05.csv
2026-07-05T12:52:13Z,46_out,OTICE_v5_LoRA,0,24.28,55.72,0,0,0,0,ATB_46_2026-08-05.csv
2026-07-05T12:52:22Z,47,OTICE_v5_LoRA,85,24.9,65.18,558.42,558.42,25.99,0,ATB_47_2026-08-05.csv
2026-07-05T12:52:23Z,54,OTICE_v5_LoRA,0,24.88,61.01,580.98,580.98,26.11,0,ATB_54_2026-08-05.csv
2026-07-05T12:52:43Z,46_out,OTICE_v5_LoRA,0,24.3,55.72,0,0,0,0,ATB_46_2026-08-05.csv
2026-07-05T12:52:47Z,55,OTICE_v5_LoRA,0,0,0,471.24,471.24,26.18,0,ATB_55_2026-08-05.csv
2026-07-05T12:53:09Z,59,OTICE_v5_LoRA,0,24.75,62.73,0,0,0,0,ATB_59_2026-08-05.csv
2026-07-05T12:53:13Z,46_out,OTICE_v5_LoRA,0,24.28,55.62,0,0,0,0,ATB_46_2026-08-05.csv
2026-07-05T12:53:22Z,47,OTICE_v5_LoRA,91,24.93,65.18,558.1,558.1,25.99,0,ATB_47_2026-08-05.csv
2026-07-05T12:53:23Z,54,OTICE_v5_LoRA,0,24.89,61.1,580.18,580.18,26.07,0,ATB_54_2026-08-05.csv
2026-07-05T12:53:43Z,46_out,OTICE_v5_LoRA,0,24.28,55.72,0,0,0,0,ATB_46_2026-08-05.csv
2026-07-05T12:53:47Z,55,OTICE_v5_LoRA,65055,0,0,470.65,470.65,26.18,0,ATB_55_2026-08-05.csv
2026-07-05T12:54:09Z,59,OTICE_v5_LoRA,8,24.76,62.73,0,0,0,0,ATB_59_2026-08-05.csv
2026-07-05T12:54:13Z,46_out,OTICE_v5_LoRA,0,24.3,55.72,0,0,0,0,ATB_46_2026-08-05.csv
2026-07-05T12:54:23Z,54,OTICE_v5_LoRA,0,24.89,60.91,579.29,579.29,26.05,0,ATB_54_2026-08-05.csv
2026-07-05T12:54:43Z,46_out,OTICE_v5_LoRA,0,24.28,55.72,0,0,0,0,ATB_46_2026-08-05.csv
2026-07-05T12:54:47Z,55,OTICE_v5_LoRA,65055,0,0,474.54,474.54,26.21,0,ATB_55_2026-08-05.csv
2026-07-05T12:55:10Z,59,OTICE_v5_LoRA,7,24.76,63.03,0,0,0,0,ATB_59_2026-08-05.csv
2026-07-05T12:55:13Z,46_out,OTICE_v5_LoRA,0,24.31,55.62,0,0,0,0,ATB_46_2026-08-05.csv
2026-07-05T12:55:20Z,47,OTICE_v5_LoRA,97,24.91,65.67,562.18,562.18,26.17,0,ATB_47_2026-08-05.csv
2026-07-05T12:55:43Z,46_out,OTICE_v5_LoRA,0,24.32,55.62,0,0,0,0,ATB_46_2026-08-05.csv
2026-07-05T12:56:10Z,59,OTICE_v5_LoRA,9,24.77,63.12,0,0,0,0,ATB_59_2026-08-05.csv
2026-07-05T12:56:13Z,46_out,OTICE_v5_LoRA,0,24.34,55.52,0,0,0,0,ATB_46_2026-08-05.csv
2026-07-05T12:56:20Z,47,OTICE_v5_LoRA,102,24.9,65.48,559.74,559.74,26.25,0,ATB_47_2026-08-05.csv
2026-07-05T12:56:22Z,54,OTICE_v5_LoRA,0,24.88,61.4,578.48,578.48,26.28,0,ATB_54_2026-08-05.csv
2026-07-05T12:56:44Z,46_out,OTICE_v5_LoRA,0,24.34,55.32,0,0,0,0,ATB_46_2026-08-05.csv
2026-07-05T12:56:48Z,55,OTICE_v5_LoRA,0,0,0,455.14,455.14,26.23,0,ATB_55_2026-08-05.csv
2026-07-05T12:57:10Z,59,OTICE_v5_LoRA,8,24.77,63.12,0,0,0,0,ATB_59_2026-08-05.csv
2026-07-05T12:57:14Z,46_out,OTICE_v5_LoRA,0,24.35,55.23,0,0,0,0,ATB_46_2026-08-05.csv
2026-07-05T12:57:20Z,47,OTICE_v5_LoRA,103,24.93,65.58,560.64,560.64,26.35,0,ATB_47_2026-08-05.csv
2026-07-05T12:57:23Z,54,OTICE_v5_LoRA,0,24.89,61.7,585.18,585.18,26.35,0,ATB_54_2026-08-05.csv
2026-07-05T12:57:44Z,46_out,OTICE_v5_LoRA,0,24.34,55.12,0,0,0,0,ATB_46_2026-08-05.csv
2026-07-05T12:57:48Z,55,OTICE_v5_LoRA,0,0,0,466.81,466.81,26.23,0,ATB_55_2026-08-05.csv
2026-07-05T12:58:10Z,59,OTICE_v5_LoRA,6,24.77,62.82,0,0,0,0,ATB_59_2026-08-05.csv
2026-07-05T12:58:14Z,46_out,OTICE_v5_LoRA,0,24.35,55.02,0,0,0,0,ATB_46_2026-08-05.csv
2026-07-05T12:58:20Z,47,OTICE_v5_LoRA,103,24.9,65.78,563.56,563.56,26.32,0,ATB_47_2026-08-05.csv
2026-07-05T12:58:23Z,54,OTICE_v5_LoRA,0,24.88,61.8,588.2,588.2,26.39,0,ATB_54_2026-08-05.csv
2026-07-05T12:58:44Z,46_out,OTICE_v5_LoRA,0,24.37,55.02,0,0,0,0,ATB_46_2026-08-05.csv
2026-07-05T12:58:48Z,55,OTICE_v5_LoRA,0,0,0,469.88,469.88,26.26,0,ATB_55_2026-08-05.csv
2026-07-05T12:59:10Z,59,OTICE_v5_LoRA,10,24.76,62.92,0,0,0,0,ATB_59_2026-08-05.csv
2026-07-05T12:59:14Z,46_out,OTICE_v5_LoRA,0,24.39,54.93,0,0,0,0,ATB_46_2026-08-05.csv
2026-07-05T12:59:20Z,47,OTICE_v5_LoRA,107,24.89,65.51,561.97,561.97,26.35,0,ATB_47_2026-08-05.csv
2026-07-05T12:59:23Z,54,OTICE_v5_LoRA,0,24.88,61.6,586.49,586.49,26.41,0,ATB_54_2026-08-05.csv
2026-07-05T12:59:44Z,46_out,OTICE_v5_LoRA,0,24.39,54.93,0,0,0,0,ATB_46_2026-08-05.csv
2026-07-05T12:59:48Z,55,OTICE_v5_LoRA,0,0,0,471.39,471.39,26.25,0,ATB_55_2026-08-05.csv
2026-07-05T13:00:10Z,59,OTICE_v5_LoRA,5,24.76,62.73,0,0,0,0,ATB_59_2026-08-05.csv
2026-07-05T13:00:14Z,46_out,OTICE_v5_LoRA,0,24.42,54.93,0,0,0,0,ATB_46_2026-08-05.csv
2026-07-05T13:00:20Z,47,OTICE_v5_LoRA,100,24.89,65.31,560.77,560.77,26.32,0,ATB_47_2026-08-05.csv
2026-07-05T13:00:23Z,54,OTICE_v5_LoRA,0,24.88,61.1,586.62,586.62,26.41,0,ATB_54_2026-08-05.csv
2026-07-05T13:00:44Z,46_out,OTICE_v5_LoRA,0,24.43,54.93,0,0,0,0,ATB_46_2026-08-05.csv
2026-07-05T13:00:48Z,55,OTICE_v5_LoRA,0,0,0,473.62,473.62,26.26,0,ATB_55_2026-08-05.csv
2026-07-05T13:01:10Z,59,OTICE_v5_LoRA,4,24.76,62.73,0,0,0,0,ATB_59_2026-08-05.csv
2026-07-05T13:01:14Z,46_out,OTICE_v5_LoRA,0,24.45,54.93,0,0,0,0,ATB_46_2026-08-05.csv
2026-07-05T13:01:21Z,47,OTICE_v5_LoRA,100,24.87,65.41,560.57,560.57,26.34,0,ATB_47_2026-08-05.csv
2026-07-05T13:01:23Z,54,OTICE_v5_LoRA,0,24.88,61.1,587.38,587.38,26.42,0,ATB_54_2026-08-05.csv
2026-07-05T13:01:45Z,46_out,OTICE_v5_LoRA,0,24.43,54.93,0,0,0,0,ATB_46_2026-08-05.csv
2026-07-05T13:01:48Z,55,OTICE_v5_LoRA,0,0,0,476.44,476.44,26.28,0,ATB_55_2026-08-05.csv
2026-07-05T13:02:10Z,59,OTICE_v5_LoRA,7,24.76,62.73,0,0,0,0,ATB_59_2026-08-05.csv
2026-07-05T13:02:15Z,46_out,OTICE_v5_LoRA,0,24.43,54.82,0,0,0,0,ATB_46_2026-08-05.csv
2026-07-05T13:02:21Z,47,OTICE_v5_LoRA,90,24.86,65.41,560.33,560.33,26.29,0,ATB_47_2026-08-05.csv
2026-07-05T13:02:23Z,54,OTICE_v5_LoRA,0,24.86,61.21,588.89,588.89,26.39,0,ATB_54_2026-08-05.csv
2026-07-05T13:02:45Z,46_out,OTICE_v5_LoRA,0,24.43,54.93,0,0,0,0,ATB_46_2026-08-05.csv
2026-07-05T13:02:48Z,55,OTICE_v5_LoRA,0,0,0,478.5,478.5,26.26,0,ATB_55_2026-08-05.csv
2026-07-05T13:03:10Z,59,OTICE_v5_LoRA,7,24.75,62.82,0,0,0,0,ATB_59_2026-08-05.csv
2026-07-05T13:03:15Z,46_out,OTICE_v5_LoRA,0,24.45,54.93,0,0,0,0,ATB_46_2026-08-05.csv
2026-07-05T13:03:21Z,47,OTICE_v5_LoRA,98,24.84,65.61,559.41,559.41,26.31,0,ATB_47_2026-08-05.csv
2026-07-05T13:03:23Z,54,OTICE_v5_LoRA,0,24.85,61.51,592.77,592.77,26.41,0,ATB_54_2026-08-05.csv
2026-07-05T13:03:45Z,46_out,OTICE_v5_LoRA,0,24.43,54.82,0,0,0,0,ATB_46_2026-08-05.csv
2026-07-05T13:03:48Z,55,OTICE_v5_LoRA,0,0,0,479.31,479.31,26.28,0,ATB_55_2026-08-05.csv
2026-07-05T13:04:10Z,59,OTICE_v5_LoRA,5,24.72,62.95,0,0,0,0,ATB_59_2026-08-05.csv
2026-07-05T13:04:15Z,46_out,OTICE_v5_LoRA,0,24.45,54.82,0,0,0,0,ATB_46_2026-08-05.csv
2026-07-05T13:04:21Z,47,OTICE_v5_LoRA,99,24.82,65.41,559.51,559.51,26.27,0,ATB_47_2026-08-05.csv
2026-07-05T13:04:23Z,54,OTICE_v5_LoRA,0,24.85,61.21,591.29,591.29,26.38,0,ATB_54_2026-08-05.csv
2026-07-05T13:04:45Z,46_out,OTICE_v5_LoRA,0,24.45,54.82,0,0,0,0,ATB_46_2026-08-05.csv
2026-07-05T13:04:48Z,55,OTICE_v5_LoRA,0,0,0,482.22,482.22,26.28,0,ATB_55_2026-08-05.csv
2026-07-05T13:05:10Z,59,OTICE_v5_LoRA,5,24.75,62.92,0,0,0,0,ATB_59_2026-08-05.csv
2026-07-05T13:05:15Z,46_out,OTICE_v5_LoRA,0,24.45,54.73,0,0,0,0,ATB_46_2026-08-05.csv
2026-07-05T13:05:21Z,47,OTICE_v5_LoRA,96,24.82,65.51,557.25,557.25,26.29,0,ATB_47_2026-08-05.csv
2026-07-05T13:05:23Z,54,OTICE_v5_LoRA,0,24.82,61.4,591.84,591.84,26.39,0,ATB_54_2026-08-05.csv
2026-07-05T13:05:45Z,46_out,OTICE_v5_LoRA,0,24.45,54.73,0,0,0,0,ATB_46_2026-08-05.csv
2026-07-05T13:05:48Z,55,OTICE_v5_LoRA,0,0,0,478.89,478.89,26.26,0,ATB_55_2026-08-05.csv
2026-07-05T13:06:10Z,59,OTICE_v5_LoRA,3,24.76,62.82,0,0,0,0,ATB_59_2026-08-05.csv
2026-07-05T13:06:15Z,46_out,OTICE_v5_LoRA,0,24.45,54.73,0,0,0,0,ATB_46_2026-08-05.csv
2026-07-05T13:06:21Z,47,OTICE_v5_LoRA,107,24.84,65.51,557.06,557.06,26.36,0,ATB_47_2026-08-05.csv
2026-07-05T13:06:23Z,54,OTICE_v5_LoRA,0,24.83,61.4,590.1,590.1,26.42,0,ATB_54_2026-08-05.csv
2026-07-05T13:06:45Z,46_out,OTICE_v5_LoRA,0,24.43,54.73,0,0,0,0,ATB_46_2026-08-05.csv
2026-07-05T13:06:48Z,55,OTICE_v5_LoRA,0,0,0,478.3,478.3,26.28,0,ATB_55_2026-08-05.csv
2026-07-05T13:07:11Z,59,OTICE_v5_LoRA,4,24.75,62.82,0,0,0,0,ATB_59_2026-08-05.csv
2026-07-05T13:07:16Z,46_out,OTICE_v5_LoRA,0,24.4,54.82,0,0,0,0,ATB_46_2026-08-05.csv
2026-07-05T13:07:21Z,47,OTICE_v5_LoRA,102,24.84,65.61,559.24,559.24,26.31,0,ATB_47_2026-08-05.csv
2026-07-05T13:07:24Z,54,OTICE_v5_LoRA,0,24.83,61.4,587.35,587.35,26.39,0,ATB_54_2026-08-05.csv
2026-07-05T13:07:46Z,46_out,OTICE_v5_LoRA,0,24.39,54.82,0,0,0,0,ATB_46_2026-08-05.csv
2026-07-05T13:07:48Z,55,OTICE_v5_LoRA,0,0,0,479.68,479.68,26.31,0,ATB_55_2026-08-05.csv
2026-07-05T13:08:11Z,59,OTICE_v5_LoRA,7,24.75,62.73,0,0,0,0,ATB_59_2026-08-05.csv
2026-07-05T13:08:16Z,46_out,OTICE_v5_LoRA,0,24.39,54.82,0,0,0,0,ATB_46_2026-08-05.csv
2026-07-05T13:08:21Z,47,OTICE_v5_LoRA,107,24.86,65.71,560.76,560.76,26.32,0,ATB_47_2026-08-05.csv
2026-07-05T13:08:24Z,54,OTICE_v5_LoRA,0,24.83,61.4,585.66,585.66,26.36,0,ATB_54_2026-08-05.csv
2026-07-05T13:08:46Z,46_out,OTICE_v5_LoRA,0,24.4,54.93,0,0,0,0,ATB_46_2026-08-05.csv
2026-07-05T13:08:48Z,55,OTICE_v5_LoRA,0,0,0,483.55,483.55,26.26,0,ATB_55_2026-08-05.csv
2026-07-05T13:09:11Z,59,OTICE_v5_LoRA,1,24.72,62.76,0,0,0,0,ATB_59_2026-08-05.csv
2026-07-05T13:09:16Z,46_out,OTICE_v5_LoRA,0,24.4,54.82,0,0,0,0,ATB_46_2026-08-05.csv
2026-07-05T13:09:22Z,47,OTICE_v5_LoRA,98,24.84,65.51,563.34,563.34,26.29,0,ATB_47_2026-08-05.csv
2026-07-05T13:09:24Z,54,OTICE_v5_LoRA,0,24.83,61.4,585.68,585.68,26.39,0,ATB_54_2026-08-05.csv
2026-07-05T13:09:46Z,46_out,OTICE_v5_LoRA,0,24.42,54.93,0,0,0,0,ATB_46_2026-08-05.csv
2026-07-05T13:09:48Z,55,OTICE_v5_LoRA,0,0,0,487.1,487.1,26.29,0,ATB_55_2026-08-05.csv
2026-07-05T13:10:11Z,59,OTICE_v5_LoRA,3,24.75,62.63,0,0,0,0,ATB_59_2026-08-05.csv
2026-07-05T13:10:16Z,46_out,OTICE_v5_LoRA,0,24.43,54.93,0,0,0,0,ATB_46_2026-08-05.csv
2026-07-05T13:10:22Z,47,OTICE_v5_LoRA,100,24.84,65.61,564.13,564.13,26.32,0,ATB_47_2026-08-05.csv
2026-07-05T13:10:24Z,54,OTICE_v5_LoRA,0,24.82,61.4,583.57,583.57,26.35,0,ATB_54_2026-08-05.csv
2026-07-05T13:10:46Z,46_out,OTICE_v5_LoRA,0,24.42,54.82,0,0,0,0,ATB_46_2026-08-05.csv
2026-07-05T13:10:49Z,55,OTICE_v5_LoRA,0,0,0,488.18,488.18,26.28,0,ATB_55_2026-08-05.csv
2026-07-05T13:11:11Z,59,OTICE_v5_LoRA,1,24.75,62.73,0,0,0,0,ATB_59_2026-08-05.csv
2026-07-05T13:11:16Z,46_out,OTICE_v5_LoRA,0,24.4,54.93,0,0,0,0,ATB_46_2026-08-05.csv
2026-07-05T13:11:22Z,47,OTICE_v5_LoRA,100,24.84,65.41,562.7,562.7,26.31,0,ATB_47_2026-08-05.csv
2026-07-05T13:11:24Z,54,OTICE_v5_LoRA,0,24.82,61.3,583.76,583.76,26.38,0,ATB_54_2026-08-05.csv
2026-07-05T13:11:46Z,46_out,OTICE_v5_LoRA,0,24.4,54.82,0,0,0,0,ATB_46_2026-08-05.csv
2026-07-05T13:11:49Z,55,OTICE_v5_LoRA,0,0,0,488.93,488.93,26.26,0,ATB_55_2026-08-05.csv
2026-07-05T13:12:11Z,59,OTICE_v5_LoRA,6,24.72,62.76,0,0,0,0,ATB_59_2026-08-05.csv
2026-07-05T13:12:16Z,46_out,OTICE_v5_LoRA,0,24.43,54.82,0,0,0,0,ATB_46_2026-08-05.csv
2026-07-05T13:12:22Z,47,OTICE_v5_LoRA,103,24.84,65.51,563.91,563.91,26.35,0,ATB_47_2026-08-05.csv
2026-07-05T13:12:24Z,54,OTICE_v5_LoRA,0,24.82,61.3,583.56,583.56,26.39,0,ATB_54_2026-08-05.csv
2026-07-05T13:12:47Z,46_out,OTICE_v5_LoRA,0,24.42,54.82,0,0,0,0,ATB_46_2026-08-05.csv
2026-07-05T13:12:49Z,55,OTICE_v5_LoRA,0,0,0,486.2,486.2,26.29,0,ATB_55_2026-08-05.csv
2026-07-05T13:13:11Z,59,OTICE_v5_LoRA,7,24.72,62.76,0,0,0,0,ATB_59_2026-08-05.csv
2026-07-05T13:13:17Z,46_out,OTICE_v5_LoRA,0,24.45,54.82,0,0,0,0,ATB_46_2026-08-05.csv
2026-07-05T13:13:22Z,47,OTICE_v5_LoRA,98,24.86,65.61,562.49,562.49,26.35,0,ATB_47_2026-08-05.csv
2026-07-05T13:13:24Z,54,OTICE_v5_LoRA,0,24.83,61.4,582.42,582.42,26.41,0,ATB_54_2026-08-05.csv
2026-07-05T13:13:47Z,46_out,OTICE_v5_LoRA,0,24.46,54.73,0,0,0,0,ATB_46_2026-08-05.csv
2026-07-05T13:13:49Z,55,OTICE_v5_LoRA,0,0,0,482.6,482.6,26.29,0,ATB_55_2026-08-05.csv
2026-07-05T13:14:11Z,59,OTICE_v5_LoRA,4,24.76,62.63,0,0,0,0,ATB_59_2026-08-05.csv
2026-07-05T13:14:17Z,46_out,OTICE_v5_LoRA,0,24.47,54.73,0,0,0,0,ATB_46_2026-08-05.csv
2026-07-05T13:14:22Z,47,OTICE_v5_LoRA,105,24.89,65.61,560.64,560.64,26.36,0,ATB_47_2026-08-05.csv
2026-07-05T13:14:24Z,54,OTICE_v5_LoRA,0,24.86,61.3,583.18,583.18,26.45,0,ATB_54_2026-08-05.csv
2026-07-05T13:14:47Z,46_out,OTICE_v5_LoRA,0,24.49,54.73,0,0,0,0,ATB_46_2026-08-05.csv
2026-07-05T13:14:49Z,55,OTICE_v5_LoRA,0,0,0,483.24,483.24,26.32,0,ATB_55_2026-08-05.csv
2026-07-05T13:15:11Z,59,OTICE_v5_LoRA,7,24.77,62.63,0,0,0,0,ATB_59_2026-08-05.csv
2026-07-05T13:15:17Z,46_out,OTICE_v5_LoRA,0,24.47,54.63,0,0,0,0,ATB_46_2026-08-05.csv
2026-07-05T13:15:22Z,47,OTICE_v5_LoRA,105,24.9,65.38,561.73,561.73,26.38,0,ATB_47_2026-08-05.csv
2026-07-05T13:15:24Z,54,OTICE_v5_LoRA,0,24.88,61.4,586.43,586.43,26.44,0,ATB_54_2026-08-05.csv
2026-07-05T13:15:49Z,55,OTICE_v5_LoRA,0,0,0,479.87,479.87,26.31,0,ATB_55_2026-08-05.csv
2026-07-05T13:15:57Z,46_out,OTICE_v5_LoRA,0,24.47,54.52,0,0,0,0,ATB_46_2026-08-05.csv
2026-07-05T13:16:11Z,59,OTICE_v5_LoRA,3,24.79,62.73,0,0,0,0,ATB_59_2026-08-05.csv
2026-07-05T13:16:22Z,47,OTICE_v5_LoRA,104,24.9,65.58,562.74,562.74,26.43,0,ATB_47_2026-08-05.csv
2026-07-05T13:16:24Z,54,OTICE_v5_LoRA,0,24.88,61.4,587.28,587.28,26.44,0,ATB_54_2026-08-05.csv
2026-07-05T13:16:28Z,46_out,OTICE_v5_LoRA,0,24.47,54.52,0,0,0,0,ATB_46_2026-08-05.csv
2026-07-05T13:16:49Z,55,OTICE_v5_LoRA,0,0,0,480.4,480.4,26.32,0,ATB_55_2026-08-05.csv
2026-07-05T13:16:58Z,46_out,OTICE_v5_LoRA,0,24.49,54.52,0,0,0,0,ATB_46_2026-08-05.csv
2026-07-05T13:17:22Z,47,OTICE_v5_LoRA,107,24.93,65.08,565.08,565.08,26.39,0,ATB_47_2026-08-05.csv
2026-07-05T13:17:24Z,54,OTICE_v5_LoRA,0,24.89,61.1,589.31,589.31,26.49,0,ATB_54_2026-08-05.csv
2026-07-05T13:17:28Z,46_out,OTICE_v5_LoRA,0,24.49,54.52,0,0,0,0,ATB_46_2026-08-05.csv
2026-07-05T13:17:49Z,55,OTICE_v5_LoRA,0,0,0,479.43,479.43,26.31,0,ATB_55_2026-08-05.csv
2026-07-05T13:17:58Z,46_out,OTICE_v5_LoRA,0,24.5,54.5,0,0,0,0,ATB_46_2026-08-05.csv
2026-07-05T13:18:10Z,59,OTICE_v5_LoRA,8,24.8,62.33,0,0,0,0,ATB_59_2026-08-05.csv
2026-07-05T13:18:22Z,47,OTICE_v5_LoRA,102,24.91,65.08,563.28,563.28,26.42,0,ATB_47_2026-08-05.csv
2026-07-05T13:18:24Z,54,OTICE_v5_LoRA,0,24.91,61.21,587.58,587.58,26.49,0,ATB_54_2026-08-05.csv
2026-07-05T13:18:28Z,46_out,OTICE_v5_LoRA,0,24.53,54.4,0,0,0,0,ATB_46_2026-08-05.csv
2026-07-05T13:18:49Z,55,OTICE_v5_LoRA,0,0,0,481.1,481.1,26.33,0,ATB_55_2026-08-05.csv
2026-07-05T13:18:58Z,46_out,OTICE_v5_LoRA,0,24.55,54.4,0,0,0,0,ATB_46_2026-08-05.csv
2026-07-05T13:19:10Z,59,OTICE_v5_LoRA,0,24.82,62.13,0,0,0,0,ATB_59_2026-08-05.csv
2026-07-05T13:19:22Z,47,OTICE_v5_LoRA,99,24.91,64.88,561.5,561.5,26.42,0,ATB_47_2026-08-05.csv
2026-07-05T13:19:24Z,54,OTICE_v5_LoRA,0,24.91,60.81,587.86,587.86,26.51,0,ATB_54_2026-08-05.csv
2026-07-05T13:19:28Z,46_out,OTICE_v5_LoRA,0,24.53,54.3,0,0,0,0,ATB_46_2026-08-05.csv
2026-07-05T13:19:49Z,55,OTICE_v5_LoRA,0,0,0,482.93,482.93,26.36,0,ATB_55_2026-08-05.csv
2026-07-05T13:19:58Z,46_out,OTICE_v5_LoRA,0,24.52,54.4,0,0,0,0,ATB_46_2026-08-05.csv
2026-07-05T13:20:10Z,59,OTICE_v5_LoRA,5,24.83,62.23,0,0,0,0,ATB_59_2026-08-05.csv
2026-07-05T13:20:22Z,47,OTICE_v5_LoRA,95,24.91,64.88,558.56,558.56,26.42,0,ATB_47_2026-08-05.csv
2026-07-05T13:20:25Z,54,OTICE_v5_LoRA,0,24.93,60.71,587.44,587.44,26.51,0,ATB_54_2026-08-05.csv
2026-07-05T13:20:28Z,46_out,OTICE_v5_LoRA,0,24.5,54.4,0,0,0,0,ATB_46_2026-08-05.csv
2026-07-05T13:20:49Z,55,OTICE_v5_LoRA,0,0,0,481.78,481.78,26.36,0,ATB_55_2026-08-05.csv
2026-07-05T13:20:58Z,46_out,OTICE_v5_LoRA,0,24.49,54.43,0,0,0,0,ATB_46_2026-08-05.csv
2026-07-05T13:21:10Z,59,OTICE_v5_LoRA,0,24.84,62.23,0,0,0,0,ATB_59_2026-08-05.csv
2026-07-05T13:21:22Z,47,OTICE_v5_LoRA,100,24.93,64.88,560.63,560.63,26.41,0,ATB_47_2026-08-05.csv
2026-07-05T13:21:24Z,54,OTICE_v5_LoRA,0,24.96,60.71,586.94,586.94,26.45,0,ATB_54_2026-08-05.csv
2026-07-05T13:21:28Z,46_out,OTICE_v5_LoRA,0,24.5,54.4,0,0,0,0,ATB_46_2026-08-05.csv
2026-07-05T13:21:49Z,55,OTICE_v5_LoRA,0,0,0,484.42,484.42,26.36,0,ATB_55_2026-08-05.csv
2026-07-05T13:21:59Z,46_out,OTICE_v5_LoRA,0,24.5,54.4,0,0,0,0,ATB_46_2026-08-05.csv
2026-07-05T13:22:10Z,59,OTICE_v5_LoRA,7,24.86,62.23,0,0,0,0,ATB_59_2026-08-05.csv
2026-07-05T13:22:23Z,47,OTICE_v5_LoRA,94,24.93,64.78,560.93,560.93,26.38,0,ATB_47_2026-08-05.csv
2026-07-05T13:22:25Z,54,OTICE_v5_LoRA,0,24.96,60.71,585.45,585.45,26.49,0,ATB_54_2026-08-05.csv
2026-07-05T13:22:29Z,46_out,OTICE_v5_LoRA,0,24.5,54.4,0,0,0,0,ATB_46_2026-08-05.csv
2026-07-05T13:22:49Z,55,OTICE_v5_LoRA,0,0,0,484,484,26.38,0,ATB_55_2026-08-05.csv
2026-07-05T13:22:59Z,46_out,OTICE_v5_LoRA,0,24.5,54.4,0,0,0,0,ATB_46_2026-08-05.csv
2026-07-05T13:23:10Z,59,OTICE_v5_LoRA,3,24.84,62.23,0,0,0,0,ATB_59_2026-08-05.csv
2026-07-05T13:23:23Z,47,OTICE_v5_LoRA,96,24.96,64.88,559.75,559.75,26.41,0,ATB_47_2026-08-05.csv
2026-07-05T13:23:25Z,54,OTICE_v5_LoRA,0,24.97,60.61,588.06,588.06,26.52,0,ATB_54_2026-08-05.csv
2026-07-05T13:23:29Z,46_out,OTICE_v5_LoRA,0,24.49,54.43,0,0,0,0,ATB_46_2026-08-05.csv
2026-07-05T13:23:49Z,55,OTICE_v5_LoRA,0,0,0,484.53,484.53,26.4,0,ATB_55_2026-08-05.csv
2026-07-05T13:23:59Z,46_out,OTICE_v5_LoRA,0,24.5,54.5,0,0,0,0,ATB_46_2026-08-05.csv
2026-07-05T13:24:10Z,59,OTICE_v5_LoRA,7,24.87,62.23,0,0,0,0,ATB_59_2026-08-05.csv
2026-07-05T13:24:23Z,47,OTICE_v5_LoRA,98,24.97,64.88,560.89,560.89,26.46,0,ATB_47_2026-08-05.csv
2026-07-05T13:24:25Z,54,OTICE_v5_LoRA,0,24.97,60.61,589.77,589.77,26.54,0,ATB_54_2026-08-05.csv
2026-07-05T13:24:29Z,46_out,OTICE_v5_LoRA,0,24.5,54.4,0,0,0,0,ATB_46_2026-08-05.csv
2026-07-05T13:24:49Z,55,OTICE_v5_LoRA,0,0,0,483.85,483.85,26.39,0,ATB_55_2026-08-05.csv
2026-07-05T13:24:59Z,46_out,OTICE_v5_LoRA,0,24.53,54.4,0,0,0,0,ATB_46_2026-08-05.csv
2026-07-05T13:25:10Z,59,OTICE_v5_LoRA,2,24.89,62.23,0,0,0,0,ATB_59_2026-08-05.csv
2026-07-05T13:25:23Z,47,OTICE_v5_LoRA,98,24.97,64.78,559.78,559.78,26.48,0,ATB_47_2026-08-05.csv
2026-07-05T13:25:25Z,54,OTICE_v5_LoRA,0,25,60.71,590.42,590.42,26.58,0,ATB_54_2026-08-05.csv
2026-07-05T13:25:29Z,46_out,OTICE_v5_LoRA,0,24.55,54.3,0,0,0,0,ATB_46_2026-08-05.csv
2026-07-05T13:25:49Z,55,OTICE_v5_LoRA,0,0,0,482.87,482.87,26.38,0,ATB_55_2026-08-05.csv
2026-07-05T13:25:59Z,46_out,OTICE_v5_LoRA,0,24.55,54.3,0,0,0,0,ATB_46_2026-08-05.csv
2026-07-05T13:26:10Z,59,OTICE_v5_LoRA,2,24.89,62.23,0,0,0,0,ATB_59_2026-08-05.csv
2026-07-05T13:26:23Z,47,OTICE_v5_LoRA,101,24.99,64.88,557.88,557.88,26.49,0,ATB_47_2026-08-05.csv
2026-07-05T13:26:25Z,54,OTICE_v5_LoRA,0,24.98,60.71,588.59,588.59,26.58,0,ATB_54_2026-08-05.csv
2026-07-05T13:26:29Z,46_out,OTICE_v5_LoRA,0,24.53,54.2,0,0,0,0,ATB_46_2026-08-05.csv
2026-07-05T13:26:49Z,55,OTICE_v5_LoRA,0,0,0,482.24,482.24,26.39,0,ATB_55_2026-08-05.csv
2026-07-05T13:27:00Z,46_out,OTICE_v5_LoRA,0,24.53,54.3,0,0,0,0,ATB_46_2026-08-05.csv
2026-07-05T13:27:11Z,59,OTICE_v5_LoRA,0,24.89,61.93,0,0,0,0,ATB_59_2026-08-05.csv
2026-07-05T13:27:23Z,47,OTICE_v5_LoRA,103,25,64.48,556.38,556.38,26.43,0,ATB_47_2026-08-05.csv
2026-07-05T13:27:25Z,54,OTICE_v5_LoRA,0,24.96,60.71,586.34,586.34,26.52,0,ATB_54_2026-08-05.csv
2026-07-05T13:27:30Z,46_out,OTICE_v5_LoRA,0,24.52,54.2,0,0,0,0,ATB_46_2026-08-05.csv
2026-07-05T13:27:49Z,55,OTICE_v5_LoRA,0,0,0,480.59,480.59,26.4,0,ATB_55_2026-08-05.csv
2026-07-05T13:28:00Z,46_out,OTICE_v5_LoRA,0,24.5,54.5,0,0,0,0,ATB_46_2026-08-05.csv
2026-07-05T13:28:11Z,59,OTICE_v5_LoRA,4,24.89,62.03,0,0,0,0,ATB_59_2026-08-05.csv
2026-07-05T13:28:23Z,47,OTICE_v5_LoRA,99,25.05,64.58,554.49,554.49,26.35,0,ATB_47_2026-08-05.csv
2026-07-05T13:28:25Z,54,OTICE_v5_LoRA,0,25,60.51,584.45,584.45,26.44,0,ATB_54_2026-08-05.csv
2026-07-05T13:28:30Z,46_out,OTICE_v5_LoRA,0,24.5,54.5,0,0,0,0,ATB_46_2026-08-05.csv
2026-07-05T13:28:49Z,55,OTICE_v5_LoRA,0,0,0,482.67,482.67,26.38,0,ATB_55_2026-08-05.csv
2026-07-05T13:29:00Z,46_out,OTICE_v5_LoRA,0,24.5,54.6,0,0,0,0,ATB_46_2026-08-05.csv
2026-07-05T13:29:11Z,59,OTICE_v5_LoRA,6,24.89,62.23,0,0,0,0,ATB_59_2026-08-05.csv
2026-07-05T13:29:23Z,47,OTICE_v5_LoRA,91,25.08,64.69,555.23,555.23,26.36,0,ATB_47_2026-08-05.csv
2026-07-05T13:29:25Z,54,OTICE_v5_LoRA,0,25.03,60.61,584.31,584.31,26.42,0,ATB_54_2026-08-05.csv
2026-07-05T13:29:30Z,46_out,OTICE_v5_LoRA,0,24.5,54.8,0,0,0,0,ATB_46_2026-08-05.csv
2026-07-05T13:29:50Z,55,OTICE_v5_LoRA,0,0,0,482.69,482.69,26.36,0,ATB_55_2026-08-05.csv
2026-07-05T13:30:00Z,46_out,OTICE_v5_LoRA,0,24.5,54.8,0,0,0,0,ATB_46_2026-08-05.csv
2026-07-05T13:30:11Z,59,OTICE_v5_LoRA,3,24.89,62.23,0,0,0,0,ATB_59_2026-08-05.csv
2026-07-05T13:30:23Z,47,OTICE_v5_LoRA,94,25.08,64.39,556.67,556.67,26.29,0,ATB_47_2026-08-05.csv
2026-07-05T13:30:25Z,54,OTICE_v5_LoRA,0,25.06,60.18,585.49,585.49,26.35,0,ATB_54_2026-08-05.csv
2026-07-05T13:30:30Z,46_out,OTICE_v5_LoRA,0,24.5,54.9,0,0,0,0,ATB_46_2026-08-05.csv
2026-07-05T13:30:50Z,55,OTICE_v5_LoRA,0,0,0,484.1,484.1,26.39,0,ATB_55_2026-08-05.csv
2026-07-05T13:31:00Z,46_out,OTICE_v5_LoRA,0,24.47,54.93,0,0,0,0,ATB_46_2026-08-05.csv
2026-07-05T13:31:11Z,59,OTICE_v5_LoRA,4,24.9,62.53,0,0,0,0,ATB_59_2026-08-05.csv
2026-07-05T13:31:23Z,47,OTICE_v5_LoRA,95,25.08,64.78,556.44,556.44,26.36,0,ATB_47_2026-08-05.csv
2026-07-05T13:31:25Z,54,OTICE_v5_LoRA,0,25.03,60.81,591.21,591.21,26.44,0,ATB_54_2026-08-05.csv
2026-07-05T13:31:30Z,46_out,OTICE_v5_LoRA,0,24.49,55.02,0,0,0,0,ATB_46_2026-08-05.csv
2026-07-05T13:31:50Z,55,OTICE_v5_LoRA,0,0,0,481.91,481.91,26.39,0,ATB_55_2026-08-05.csv
2026-07-05T13:32:00Z,46_out,OTICE_v5_LoRA,0,24.49,55.02,0,0,0,0,ATB_46_2026-08-05.csv
2026-07-05T13:32:11Z,59,OTICE_v5_LoRA,1,24.9,62.53,0,0,0,0,ATB_59_2026-08-05.csv
2026-07-05T13:32:23Z,47,OTICE_v5_LoRA,93,25.11,64.48,555.18,555.18,26.27,0,ATB_47_2026-08-05.csv
2026-07-05T13:32:25Z,54,OTICE_v5_LoRA,0,25.03,60.41,589.78,589.78,26.34,0,ATB_54_2026-08-05.csv
2026-07-05T13:32:31Z,46_out,OTICE_v5_LoRA,0,24.49,55.02,0,0,0,0,ATB_46_2026-08-05.csv
2026-07-05T13:32:50Z,55,OTICE_v5_LoRA,0,0,0,481.12,481.12,26.39,0,ATB_55_2026-08-05.csv
2026-07-05T13:33:01Z,46_out,OTICE_v5_LoRA,0,24.49,55.02,0,0,0,0,ATB_46_2026-08-05.csv
2026-07-05T13:33:11Z,59,OTICE_v5_LoRA,0,24.92,62.03,0,0,0,0,ATB_59_2026-08-05.csv
2026-07-05T13:33:23Z,47,OTICE_v5_LoRA,90,25.12,64.48,554.78,554.78,26.28,0,ATB_47_2026-08-05.csv
2026-07-05T13:33:25Z,54,OTICE_v5_LoRA,0,25.06,60.38,587.9,587.9,26.3,0,ATB_54_2026-08-05.csv
2026-07-05T13:33:31Z,46_out,OTICE_v5_LoRA,0,24.47,55.02,0,0,0,0,ATB_46_2026-08-05.csv
2026-07-05T13:33:50Z,55,OTICE_v5_LoRA,0,0,0,481.35,481.35,26.39,0,ATB_55_2026-08-05.csv
2026-07-05T13:34:01Z,46_out,OTICE_v5_LoRA,0,24.5,55,0,0,0,0,ATB_46_2026-08-05.csv
2026-07-05T13:34:11Z,59,OTICE_v5_LoRA,2,24.94,62.13,0,0,0,0,ATB_59_2026-08-05.csv
2026-07-05T13:34:23Z,47,OTICE_v5_LoRA,91,25.12,64.19,556.97,556.97,26.25,0,ATB_47_2026-08-05.csv
2026-07-05T13:34:25Z,54,OTICE_v5_LoRA,0,25.06,59.99,587.29,587.29,26.31,0,ATB_54_2026-08-05.csv
2026-07-05T13:34:31Z,46_out,OTICE_v5_LoRA,0,24.49,55.02,0,0,0,0,ATB_46_2026-08-05.csv
2026-07-05T13:34:50Z,55,OTICE_v5_LoRA,0,0,0,478.6,478.6,26.39,0,ATB_55_2026-08-05.csv
2026-07-05T13:35:01Z,46_out,OTICE_v5_LoRA,0,24.49,55.02,0,0,0,0,ATB_46_2026-08-05.csv
2026-07-05T13:35:11Z,59,OTICE_v5_LoRA,5,24.92,62.23,0,0,0,0,ATB_59_2026-08-05.csv
2026-07-05T13:35:23Z,47,OTICE_v5_LoRA,81,25.11,64.19,557.57,557.57,26.21,0,ATB_47_2026-08-05.csv
2026-07-05T13:35:25Z,54,OTICE_v5_LoRA,0,25.04,60.11,586.42,586.42,26.25,0,ATB_54_2026-08-05.csv
2026-07-05T13:35:31Z,46_out,OTICE_v5_LoRA,0,24.46,55.02,0,0,0,0,ATB_46_2026-08-05.csv
2026-07-05T13:35:50Z,55,OTICE_v5_LoRA,0,0,0,479.77,479.77,26.39,0,ATB_55_2026-08-05.csv
2026-07-05T13:36:01Z,46_out,OTICE_v5_LoRA,0,24.45,55.12,0,0,0,0,ATB_46_2026-08-05.csv
2026-07-05T13:36:11Z,59,OTICE_v5_LoRA,5,24.89,62.13,0,0,0,0,ATB_59_2026-08-05.csv
2026-07-05T13:36:24Z,47,OTICE_v5_LoRA,91,25.12,64.39,557.34,557.34,26.24,0,ATB_47_2026-08-05.csv
2026-07-05T13:36:26Z,54,OTICE_v5_LoRA,0,25.04,60.31,584.88,584.88,26.28,0,ATB_54_2026-08-05.csv
2026-07-05T13:36:31Z,46_out,OTICE_v5_LoRA,0,24.45,55.12,0,0,0,0,ATB_46_2026-08-05.csv
2026-07-05T13:36:50Z,55,OTICE_v5_LoRA,0,0,0,479.66,479.66,26.35,0,ATB_55_2026-08-05.csv
2026-07-05T13:37:01Z,46_out,OTICE_v5_LoRA,0,24.47,55.12,0,0,0,0,ATB_46_2026-08-05.csv
2026-07-05T13:37:12Z,59,OTICE_v5_LoRA,1,24.89,62.03,0,0,0,0,ATB_59_2026-08-05.csv
2026-07-05T13:37:31Z,46_out,OTICE_v5_LoRA,0,24.45,55.12,0,0,0,0,ATB_46_2026-08-05.csv
2026-07-05T13:37:33Z,47,OTICE_v5_LoRA,93,25.12,64.19,560.2,560.2,26.19,0,ATB_47_2026-08-05.csv
2026-07-05T13:37:35Z,54,OTICE_v5_LoRA,0,25.06,60.08,592.34,592.34,26.18,0,ATB_54_2026-08-05.csv
2026-07-05T13:37:50Z,55,OTICE_v5_LoRA,0,0,0,476.38,476.38,26.38,0,ATB_55_2026-08-05.csv
2026-07-05T13:38:02Z,46_out,OTICE_v5_LoRA,0,24.47,55.12,0,0,0,0,ATB_46_2026-08-05.csv
2026-07-05T13:38:12Z,59,OTICE_v5_LoRA,0,24.94,61.63,0,0,0,0,ATB_59_2026-08-05.csv
2026-07-05T13:38:32Z,46_out,OTICE_v5_LoRA,0,24.49,55.02,0,0,0,0,ATB_46_2026-08-05.csv
2026-07-05T13:38:33Z,47,OTICE_v5_LoRA,89,25.12,64.19,562.87,562.87,26.21,0,ATB_47_2026-08-05.csv
2026-07-05T13:38:35Z,54,OTICE_v5_LoRA,0,25.07,60.08,588.49,588.49,26.21,0,ATB_54_2026-08-05.csv
2026-07-05T13:38:50Z,55,OTICE_v5_LoRA,0,0,0,475.76,475.76,26.36,0,ATB_55_2026-08-05.csv
2026-07-05T13:39:02Z,46_out,OTICE_v5_LoRA,0,24.49,55.12,0,0,0,0,ATB_46_2026-08-05.csv
2026-07-05T13:39:12Z,59,OTICE_v5_LoRA,1,24.98,61.8,0,0,0,0,ATB_59_2026-08-05.csv
2026-07-05T13:39:32Z,46_out,OTICE_v5_LoRA,0,24.5,55,0,0,0,0,ATB_46_2026-08-05.csv
2026-07-05T13:39:33Z,47,OTICE_v5_LoRA,91,25.12,64.09,565.93,565.93,26.15,0,ATB_47_2026-08-05.csv
2026-07-05T13:39:35Z,54,OTICE_v5_LoRA,0,25.06,60.08,587.28,587.28,26.2,0,ATB_54_2026-08-05.csv
2026-07-05T13:39:50Z,55,OTICE_v5_LoRA,0,0,0,477.99,477.99,26.35,0,ATB_55_2026-08-05.csv
2026-07-05T13:40:02Z,46_out,OTICE_v5_LoRA,0,24.49,55.02,0,0,0,0,ATB_46_2026-08-05.csv
2026-07-05T13:40:12Z,59,OTICE_v5_LoRA,0,24.95,61.73,0,0,0,0,ATB_59_2026-08-05.csv
2026-07-05T13:40:32Z,46_out,OTICE_v5_LoRA,0,24.49,55.12,0,0,0,0,ATB_46_2026-08-05.csv
2026-07-05T13:40:33Z,47,OTICE_v5_LoRA,88,25.12,64.09,561.62,561.62,26.15,0,ATB_47_2026-08-05.csv
2026-07-05T13:40:35Z,54,OTICE_v5_LoRA,0,25.08,60.08,584.42,584.42,26.2,0,ATB_54_2026-08-05.csv
2026-07-05T13:40:50Z,55,OTICE_v5_LoRA,0,0,0,477.17,477.17,26.35,0,ATB_55_2026-08-05.csv
2026-07-05T13:41:02Z,46_out,OTICE_v5_LoRA,0,24.47,55.02,0,0,0,0,ATB_46_2026-08-05.csv
2026-07-05T13:41:12Z,59,OTICE_v5_LoRA,3,24.98,62,0,0,0,0,ATB_59_2026-08-05.csv
2026-07-05T13:41:32Z,46_out,OTICE_v5_LoRA,0,24.47,55.02,0,0,0,0,ATB_46_2026-08-05.csv
2026-07-05T13:41:33Z,47,OTICE_v5_LoRA,93,25.12,64.09,561.5,561.5,26.19,0,ATB_47_2026-08-05.csv
2026-07-05T13:41:35Z,54,OTICE_v5_LoRA,0,25.08,60.08,583.83,583.83,26.25,0,ATB_54_2026-08-05.csv
2026-07-05T13:41:50Z,55,OTICE_v5_LoRA,0,0,0,478.33,478.33,26.32,0,ATB_55_2026-08-05.csv
2026-07-05T13:42:02Z,46_out,OTICE_v5_LoRA,0,24.47,55.12,0,0,0,0,ATB_46_2026-08-05.csv
2026-07-05T13:42:12Z,59,OTICE_v5_LoRA,0,24.97,61.53,0,0,0,0,ATB_59_2026-08-05.csv
2026-07-05T13:42:32Z,46_out,OTICE_v5_LoRA,0,24.46,55.02,0,0,0,0,ATB_46_2026-08-05.csv
2026-07-05T13:42:33Z,47,OTICE_v5_LoRA,89,25.12,63.79,560.11,560.11,26.14,0,ATB_47_2026-08-05.csv
2026-07-05T13:42:35Z,54,OTICE_v5_LoRA,0,25.08,59.69,585.65,585.65,26.21,0,ATB_54_2026-08-05.csv
2026-07-05T13:42:50Z,55,OTICE_v5_LoRA,0,0,0,482.8,482.8,26.33,0,ATB_55_2026-08-05.csv
2026-07-05T13:43:02Z,46_out,OTICE_v5_LoRA,0,24.47,55.02,0,0,0,0,ATB_46_2026-08-05.csv
2026-07-05T13:43:12Z,59,OTICE_v5_LoRA,1,24.98,62,0,0,0,0,ATB_59_2026-08-05.csv
2026-07-05T13:43:32Z,46_out,OTICE_v5_LoRA,0,24.47,55.02,0,0,0,0,ATB_46_2026-08-05.csv
2026-07-05T13:43:33Z,47,OTICE_v5_LoRA,89,25.12,64.19,559.81,559.81,26.21,0,ATB_47_2026-08-05.csv
2026-07-05T13:43:35Z,54,OTICE_v5_LoRA,0,25.07,60.08,584.76,584.76,26.25,0,ATB_54_2026-08-05.csv
2026-07-05T13:43:50Z,55,OTICE_v5_LoRA,0,0,0,486.55,486.55,26.35,0,ATB_55_2026-08-05.csv
2026-07-05T13:44:03Z,46_out,OTICE_v5_LoRA,0,24.49,55.12,0,0,0,0,ATB_46_2026-08-05.csv
2026-07-05T13:44:12Z,59,OTICE_v5_LoRA,3,24.95,61.63,0,0,0,0,ATB_59_2026-08-05.csv
2026-07-05T13:44:33Z,46_out,OTICE_v5_LoRA,0,24.49,55.02,0,0,0,0,ATB_46_2026-08-05.csv
2026-07-05T13:44:33Z,47,OTICE_v5_LoRA,85,25.12,64.09,560.52,560.52,26.27,0,ATB_47_2026-08-05.csv
2026-07-05T13:44:35Z,54,OTICE_v5_LoRA,0,25.1,59.69,585.55,585.55,26.28,0,ATB_54_2026-08-05.csv
2026-07-05T13:44:50Z,55,OTICE_v5_LoRA,0,0,0,486.96,486.96,26.4,0,ATB_55_2026-08-05.csv
2026-07-05T13:45:03Z,46_out,OTICE_v5_LoRA,0,24.49,55.02,0,0,0,0,ATB_46_2026-08-05.csv
2026-07-05T13:45:12Z,59,OTICE_v5_LoRA,0,24.99,61.21,0,0,0,0,ATB_59_2026-08-05.csv
2026-07-05T13:45:33Z,46_out,OTICE_v5_LoRA,0,24.5,54.9,0,0,0,0,ATB_46_2026-08-05.csv
2026-07-05T13:45:33Z,47,OTICE_v5_LoRA,88,25.14,63.86,561.09,561.09,26.19,0,ATB_47_2026-08-05.csv
2026-07-05T13:45:35Z,54,OTICE_v5_LoRA,0,25.1,59.88,589.91,589.91,26.24,0,ATB_54_2026-08-05.csv
2026-07-05T13:45:50Z,55,OTICE_v5_LoRA,0,0,0,491.2,491.2,26.38,0,ATB_55_2026-08-05.csv
2026-07-05T13:46:03Z,46_out,OTICE_v5_LoRA,0,24.49,54.93,0,0,0,0,ATB_46_2026-08-05.csv
2026-07-05T13:46:12Z,59,OTICE_v5_LoRA,3,25.01,61.51,0,0,0,0,ATB_59_2026-08-05.csv
2026-07-05T13:46:33Z,46_out,OTICE_v5_LoRA,0,24.47,54.93,0,0,0,0,ATB_46_2026-08-05.csv
2026-07-05T13:46:33Z,47,OTICE_v5_LoRA,85,25.11,63.89,563.17,563.17,26.14,0,ATB_47_2026-08-05.csv
2026-07-05T13:46:36Z,54,OTICE_v5_LoRA,0,25.07,59.69,590.97,590.97,26.18,0,ATB_54_2026-08-05.csv
2026-07-05T13:46:50Z,55,OTICE_v5_LoRA,0,0,0,492.71,492.71,26.38,0,ATB_55_2026-08-05.csv
2026-07-05T13:47:03Z,46_out,OTICE_v5_LoRA,0,24.49,54.93,0,0,0,0,ATB_46_2026-08-05.csv
2026-07-05T13:47:12Z,59,OTICE_v5_LoRA,4,24.99,61.8,0,0,0,0,ATB_59_2026-08-05.csv
2026-07-05T13:47:33Z,46_out,OTICE_v5_LoRA,0,24.49,54.93,0,0,0,0,ATB_46_2026-08-05.csv
2026-07-05T13:47:33Z,47,OTICE_v5_LoRA,90,25.11,63.89,561.35,561.35,26.14,0,ATB_47_2026-08-05.csv
2026-07-05T13:47:36Z,54,OTICE_v5_LoRA,0,25.07,59.79,591.7,591.7,26.2,0,ATB_54_2026-08-05.csv
2026-07-05T13:47:50Z,55,OTICE_v5_LoRA,0,0,0,492.03,492.03,26.38,0,ATB_55_2026-08-05.csv
2026-07-05T13:48:03Z,46_out,OTICE_v5_LoRA,0,24.5,54.9,0,0,0,0,ATB_46_2026-08-05.csv
2026-07-05T13:48:12Z,59,OTICE_v5_LoRA,0,25.01,61.7,0,0,0,0,ATB_59_2026-08-05.csv
2026-07-05T13:48:33Z,46_out,OTICE_v5_LoRA,0,24.52,54.8,0,0,0,0,ATB_46_2026-08-05.csv
2026-07-05T13:48:33Z,47,OTICE_v5_LoRA,99,25.11,64.78,563.88,563.88,26.35,0,ATB_47_2026-08-05.csv
2026-07-05T13:48:36Z,54,OTICE_v5_LoRA,0,25.07,60.58,595.47,595.47,26.35,0,ATB_54_2026-08-05.csv
2026-07-05T13:48:50Z,55,OTICE_v5_LoRA,0,0,0,491,491,26.39,0,ATB_55_2026-08-05.csv
2026-07-05T13:49:04Z,46_out,OTICE_v5_LoRA,0,24.52,54.8,0,0,0,0,ATB_46_2026-08-05.csv
2026-07-05T13:49:12Z,59,OTICE_v5_LoRA,2,24.99,62.1,0,0,0,0,ATB_59_2026-08-05.csv
2026-07-05T13:49:34Z,46_out,OTICE_v5_LoRA,0,24.55,54.6,0,0,0,0,ATB_46_2026-08-05.csv
2026-07-05T13:49:34Z,47,OTICE_v5_LoRA,99,25.09,64.58,565.83,565.83,26.43,0,ATB_47_2026-08-05.csv
2026-07-05T13:49:36Z,54,OTICE_v5_LoRA,0,25.08,60.48,595.8,595.8,26.44,0,ATB_54_2026-08-05.csv
2026-07-05T13:49:50Z,55,OTICE_v5_LoRA,0,0,0,488.12,488.12,26.38,0,ATB_55_2026-08-05.csv
2026-07-05T13:50:04Z,46_out,OTICE_v5_LoRA,0,24.55,54.3,0,0,0,0,ATB_46_2026-08-05.csv
2026-07-05T13:50:12Z,59,OTICE_v5_LoRA,5,24.99,62.2,0,0,0,0,ATB_59_2026-08-05.csv
2026-07-05T13:50:34Z,46_out,OTICE_v5_LoRA,0,24.53,54.3,0,0,0,0,ATB_46_2026-08-05.csv
2026-07-05T13:50:34Z,47,OTICE_v5_LoRA,96,25.11,64.78,567.65,567.65,26.49,0,ATB_47_2026-08-05.csv
2026-07-05T13:50:36Z,54,OTICE_v5_LoRA,0,25.1,60.88,597.63,597.63,26.54,0,ATB_54_2026-08-05.csv
2026-07-05T13:50:50Z,55,OTICE_v5_LoRA,0,0,0,489.91,489.91,26.43,0,ATB_55_2026-08-05.csv
2026-07-05T13:51:04Z,46_out,OTICE_v5_LoRA,0,24.55,54.3,0,0,0,0,ATB_46_2026-08-05.csv
2026-07-05T13:51:13Z,59,OTICE_v5_LoRA,4,24.99,61.9,0,0,0,0,ATB_59_2026-08-05.csv
2026-07-05T13:51:34Z,46_out,OTICE_v5_LoRA,0,24.52,54.3,0,0,0,0,ATB_46_2026-08-05.csv
2026-07-05T13:51:34Z,47,OTICE_v5_LoRA,102,25.09,64.78,566.61,566.61,26.53,0,ATB_47_2026-08-05.csv
2026-07-05T13:51:36Z,54,OTICE_v5_LoRA,0,25.08,60.78,596.97,596.97,26.55,0,ATB_54_2026-08-05.csv
2026-07-05T13:51:50Z,55,OTICE_v5_LoRA,0,0,0,487.53,487.53,26.44,0,ATB_55_2026-08-05.csv
2026-07-05T13:52:04Z,46_out,OTICE_v5_LoRA,0,24.53,54.1,0,0,0,0,ATB_46_2026-08-05.csv
2026-07-05T13:52:13Z,59,OTICE_v5_LoRA,0,24.98,61.8,0,0,0,0,ATB_59_2026-08-05.csv
2026-07-05T13:52:34Z,46_out,OTICE_v5_LoRA,0,24.5,54.2,0,0,0,0,ATB_46_2026-08-05.csv
2026-07-05T13:52:34Z,47,OTICE_v5_LoRA,95,25.06,64.58,566.95,566.95,26.51,0,ATB_47_2026-08-05.csv
2026-07-05T13:52:36Z,54,OTICE_v5_LoRA,0,25.08,60.48,594.87,594.87,26.62,0,ATB_54_2026-08-05.csv
2026-07-05T13:52:51Z,55,OTICE_v5_LoRA,0,0,0,482.74,482.74,26.43,0,ATB_55_2026-08-05.csv
2026-07-05T13:53:04Z,46_out,OTICE_v5_LoRA,0,24.52,54.2,0,0,0,0,ATB_46_2026-08-05.csv
2026-07-05T13:53:13Z,59,OTICE_v5_LoRA,4,24.97,61.73,0,0,0,0,ATB_59_2026-08-05.csv
2026-07-05T13:53:34Z,46_out,OTICE_v5_LoRA,0,24.55,54.1,0,0,0,0,ATB_46_2026-08-05.csv
2026-07-05T13:53:34Z,47,OTICE_v5_LoRA,100,25.09,64.48,567.49,567.49,26.53,0,ATB_47_2026-08-05.csv
2026-07-05T13:53:36Z,54,OTICE_v5_LoRA,0,25.08,60.48,596,596,26.62,0,ATB_54_2026-08-05.csv
2026-07-05T13:53:50Z,55,OTICE_v5_LoRA,0,0,0,483.01,483.01,26.44,0,ATB_55_2026-08-05.csv
2026-07-05T13:54:04Z,46_out,OTICE_v5_LoRA,0,24.57,54.1,0,0,0,0,ATB_46_2026-08-05.csv
2026-07-05T13:54:13Z,59,OTICE_v5_LoRA,6,24.97,61.73,0,0,0,0,ATB_59_2026-08-05.csv
2026-07-05T13:54:34Z,47,OTICE_v5_LoRA,101,25.08,64.28,566.84,566.84,26.51,0,ATB_47_2026-08-05.csv
2026-07-05T13:54:35Z,46_out,OTICE_v5_LoRA,0,24.58,54.01,0,0,0,0,ATB_46_2026-08-05.csv
2026-07-05T13:54:36Z,54,OTICE_v5_LoRA,0,25.08,60.18,594.21,594.21,26.62,0,ATB_54_2026-08-05.csv
2026-07-05T13:54:51Z,55,OTICE_v5_LoRA,0,0,0,485.2,485.2,26.46,0,ATB_55_2026-08-05.csv
2026-07-05T13:55:05Z,46_out,OTICE_v5_LoRA,0,24.6,54.01,0,0,0,0,ATB_46_2026-08-05.csv
2026-07-05T13:55:13Z,59,OTICE_v5_LoRA,0,24.98,61.4,0,0,0,0,ATB_59_2026-08-05.csv
2026-07-05T13:55:34Z,47,OTICE_v5_LoRA,97,25.09,64.28,566.25,566.25,26.53,0,ATB_47_2026-08-05.csv
2026-07-05T13:55:35Z,46_out,OTICE_v5_LoRA,0,24.6,53.9,0,0,0,0,ATB_46_2026-08-05.csv
2026-07-05T13:55:36Z,54,OTICE_v5_LoRA,0,25.08,60.18,593.58,593.58,26.6,0,ATB_54_2026-08-05.csv
2026-07-05T13:55:51Z,55,OTICE_v5_LoRA,0,0,0,488.25,488.25,26.44,0,ATB_55_2026-08-05.csv
2026-07-05T13:56:05Z,46_out,OTICE_v5_LoRA,0,24.6,53.9,0,0,0,0,ATB_46_2026-08-05.csv
2026-07-05T13:56:13Z,59,OTICE_v5_LoRA,0,24.98,61.7,0,0,0,0,ATB_59_2026-08-05.csv
2026-07-05T13:56:34Z,47,OTICE_v5_LoRA,97,25.09,64.28,567.5,567.5,26.55,0,ATB_47_2026-08-05.csv
2026-07-05T13:56:35Z,46_out,OTICE_v5_LoRA,0,24.6,53.9,0,0,0,0,ATB_46_2026-08-05.csv
2026-07-05T13:56:36Z,54,OTICE_v5_LoRA,0,25.08,60.18,592.3,592.3,26.65,0,ATB_54_2026-08-05.csv
2026-07-05T13:56:56Z,55,OTICE_v5_LoRA,0,0,0,482.89,482.89,26.44,0,ATB_55_2026-08-05.csv
2026-07-05T13:57:05Z,46_out,OTICE_v5_LoRA,0,24.6,53.8,0,0,0,0,ATB_46_2026-08-05.csv
2026-07-05T13:57:13Z,59,OTICE_v5_LoRA,1,24.98,61.7,0,0,0,0,ATB_59_2026-08-05.csv
2026-07-05T13:57:34Z,47,OTICE_v5_LoRA,95,25.08,64.19,565.42,565.42,26.55,0,ATB_47_2026-08-05.csv
2026-07-05T13:57:35Z,46_out,OTICE_v5_LoRA,0,24.6,53.71,0,0,0,0,ATB_46_2026-08-05.csv
2026-07-05T13:57:36Z,54,OTICE_v5_LoRA,0,25.07,60.18,592.3,592.3,26.63,0,ATB_54_2026-08-05.csv
2026-07-05T13:57:56Z,55,OTICE_v5_LoRA,0,0,0,483.85,483.85,26.46,0,ATB_55_2026-08-05.csv
2026-07-05T13:58:05Z,46_out,OTICE_v5_LoRA,0,24.6,53.71,0,0,0,0,ATB_46_2026-08-05.csv
2026-07-05T13:58:13Z,59,OTICE_v5_LoRA,6,24.98,61.51,0,0,0,0,ATB_59_2026-08-05.csv
2026-07-05T13:58:34Z,47,OTICE_v5_LoRA,95,25.06,64.28,563.35,563.35,26.55,0,ATB_47_2026-08-05.csv
2026-07-05T13:58:35Z,46_out,OTICE_v5_LoRA,0,24.57,53.8,0,0,0,0,ATB_46_2026-08-05.csv
2026-07-05T13:58:36Z,54,OTICE_v5_LoRA,0,25.06,60.08,591.36,591.36,26.62,0,ATB_54_2026-08-05.csv
2026-07-05T13:58:56Z,55,OTICE_v5_LoRA,0,0,0,488.7,488.7,26.47,0,ATB_55_2026-08-05.csv
2026-07-05T13:59:05Z,46_out,OTICE_v5_LoRA,0,24.57,53.8,0,0,0,0,ATB_46_2026-08-05.csv
2026-07-05T13:59:14Z,59,OTICE_v5_LoRA,1,24.99,61.6,0,0,0,0,ATB_59_2026-08-05.csv
2026-07-05T13:59:34Z,47,OTICE_v5_LoRA,101,25.05,64.19,561.34,561.34,26.56,0,ATB_47_2026-08-05.csv
2026-07-05T13:59:35Z,46_out,OTICE_v5_LoRA,0,24.61,53.71,0,0,0,0,ATB_46_2026-08-05.csv
2026-07-05T13:59:37Z,54,OTICE_v5_LoRA,0,25.07,59.99,590.26,590.26,26.62,0,ATB_54_2026-08-05.csv
2026-07-05T13:59:56Z,55,OTICE_v5_LoRA,0,0,0,491.87,491.87,26.46,0,ATB_55_2026-08-05.csv
2026-07-05T14:00:06Z,46_out,OTICE_v5_LoRA,0,24.58,53.8,0,0,0,0,ATB_46_2026-08-05.csv
2026-07-05T14:00:13Z,59,OTICE_v5_LoRA,0,24.97,61.53,0,0,0,0,ATB_59_2026-08-05.csv
2026-07-05T14:00:34Z,47,OTICE_v5_LoRA,100,25.05,64.28,561.17,561.17,26.52,0,ATB_47_2026-08-05.csv
2026-07-05T14:00:36Z,46_out,OTICE_v5_LoRA,0,24.55,53.8,0,0,0,0,ATB_46_2026-08-05.csv
2026-07-05T14:00:37Z,54,OTICE_v5_LoRA,0,25.07,60.18,590.44,590.44,26.6,0,ATB_54_2026-08-05.csv
2026-07-05T14:00:56Z,55,OTICE_v5_LoRA,0,0,0,495.06,495.06,26.46,0,ATB_55_2026-08-05.csv
2026-07-05T14:01:06Z,46_out,OTICE_v5_LoRA,0,24.55,53.9,0,0,0,0,ATB_46_2026-08-05.csv
2026-07-05T14:01:14Z,59,OTICE_v5_LoRA,4,24.97,61.53,0,0,0,0,ATB_59_2026-08-05.csv
2026-07-05T14:01:35Z,47,OTICE_v5_LoRA,101,25.05,64.48,561.51,561.51,26.52,0,ATB_47_2026-08-05.csv
2026-07-05T14:01:36Z,46_out,OTICE_v5_LoRA,0,24.53,53.9,0,0,0,0,ATB_46_2026-08-05.csv
2026-07-05T14:01:37Z,54,OTICE_v5_LoRA,0,25.07,60.18,589.1,589.1,26.59,0,ATB_54_2026-08-05.csv
2026-07-05T14:01:56Z,55,OTICE_v5_LoRA,0,0,0,494.84,494.84,26.44,0,ATB_55_2026-08-05.csv
2026-07-05T14:02:06Z,46_out,OTICE_v5_LoRA,0,24.55,53.9,0,0,0,0,ATB_46_2026-08-05.csv
2026-07-05T14:02:13Z,59,OTICE_v5_LoRA,2,24.97,61.63,0,0,0,0,ATB_59_2026-08-05.csv
2026-07-05T14:02:35Z,47,OTICE_v5_LoRA,99,25.04,64.39,560.01,560.01,26.52,0,ATB_47_2026-08-05.csv
2026-07-05T14:02:36Z,46_out,OTICE_v5_LoRA,0,24.55,53.9,0,0,0,0,ATB_46_2026-08-05.csv
2026-07-05T14:02:37Z,54,OTICE_v5_LoRA,0,25.06,60.08,587.32,587.32,26.6,0,ATB_54_2026-08-05.csv
2026-07-05T14:02:56Z,55,OTICE_v5_LoRA,0,0,0,495.19,495.19,26.47,0,ATB_55_2026-08-05.csv
2026-07-05T14:03:06Z,46_out,OTICE_v5_LoRA,0,24.55,53.9,0,0,0,0,ATB_46_2026-08-05.csv
2026-07-05T14:03:14Z,59,OTICE_v5_LoRA,4,24.97,61.53,0,0,0,0,ATB_59_2026-08-05.csv
2026-07-05T14:03:35Z,47,OTICE_v5_LoRA,102,25.05,64.28,561.6,561.6,26.58,0,ATB_47_2026-08-05.csv
2026-07-05T14:03:36Z,46_out,OTICE_v5_LoRA,0,24.58,53.8,0,0,0,0,ATB_46_2026-08-05.csv
2026-07-05T14:03:37Z,54,OTICE_v5_LoRA,0,25.07,60.18,587.73,587.73,26.62,0,ATB_54_2026-08-05.csv
2026-07-05T14:03:56Z,55,OTICE_v5_LoRA,0,0,0,496.45,496.45,26.46,0,ATB_55_2026-08-05.csv
2026-07-05T14:04:06Z,46_out,OTICE_v5_LoRA,0,24.57,53.8,0,0,0,0,ATB_46_2026-08-05.csv
2026-07-05T14:04:14Z,59,OTICE_v5_LoRA,5,24.98,61.51,0,0,0,0,ATB_59_2026-08-05.csv
2026-07-05T14:04:35Z,47,OTICE_v5_LoRA,100,25.06,64.19,560.62,560.62,26.56,0,ATB_47_2026-08-05.csv
2026-07-05T14:04:36Z,46_out,OTICE_v5_LoRA,0,24.57,53.8,0,0,0,0,ATB_46_2026-08-05.csv
2026-07-05T14:04:37Z,54,OTICE_v5_LoRA,0,25.07,60.18,586.95,586.95,26.66,0,ATB_54_2026-08-05.csv
2026-07-05T14:04:56Z,55,OTICE_v5_LoRA,0,0,0,497.54,497.54,26.47,0,ATB_55_2026-08-05.csv
2026-07-05T14:05:06Z,46_out,OTICE_v5_LoRA,0,24.57,53.8,0,0,0,0,ATB_46_2026-08-05.csv
2026-07-05T14:05:14Z,59,OTICE_v5_LoRA,3,24.99,61.51,0,0,0,0,ATB_59_2026-08-05.csv
2026-07-05T14:05:35Z,47,OTICE_v5_LoRA,104,25.08,64.39,560.61,560.61,26.6,0,ATB_47_2026-08-05.csv
2026-07-05T14:05:37Z,46_out,OTICE_v5_LoRA,0,24.6,53.71,0,0,0,0,ATB_46_2026-08-05.csv
2026-07-05T14:05:37Z,54,OTICE_v5_LoRA,0,25.07,60.28,587.48,587.48,26.65,0,ATB_54_2026-08-05.csv
2026-07-05T14:05:56Z,55,OTICE_v5_LoRA,0,0,0,500.02,500.02,26.44,0,ATB_55_2026-08-05.csv
2026-07-05T14:06:07Z,46_out,OTICE_v5_LoRA,0,24.6,53.71,0,0,0,0,ATB_46_2026-08-05.csv
2026-07-05T14:06:14Z,59,OTICE_v5_LoRA,5,24.98,61.4,0,0,0,0,ATB_59_2026-08-05.csv
2026-07-05T14:06:35Z,47,OTICE_v5_LoRA,109,25.06,64.39,560.37,560.37,26.58,0,ATB_47_2026-08-05.csv
2026-07-05T14:06:37Z,46_out,OTICE_v5_LoRA,0,24.58,53.8,0,0,0,0,ATB_46_2026-08-05.csv
2026-07-05T14:06:37Z,54,OTICE_v5_LoRA,0,25.04,60.31,587.19,587.19,26.63,0,ATB_54_2026-08-05.csv
2026-07-05T14:06:56Z,55,OTICE_v5_LoRA,255,0,0,499.58,499.58,26.47,0,ATB_55_2026-08-05.csv
2026-07-05T14:07:07Z,46_out,OTICE_v5_LoRA,0,24.57,53.8,0,0,0,0,ATB_46_2026-08-05.csv
2026-07-05T14:07:14Z,59,OTICE_v5_LoRA,2,24.98,61.4,0,0,0,0,ATB_59_2026-08-05.csv
2026-07-05T14:07:35Z,47,OTICE_v5_LoRA,103,25.06,64.28,560.64,560.64,26.55,0,ATB_47_2026-08-05.csv
2026-07-05T14:07:37Z,46_out,OTICE_v5_LoRA,0,24.55,53.8,0,0,0,0,ATB_46_2026-08-05.csv
2026-07-05T14:07:37Z,54,OTICE_v5_LoRA,0,25.07,60.18,585.03,585.03,26.65,0,ATB_54_2026-08-05.csv
2026-07-05T14:07:57Z,55,OTICE_v5_LoRA,255,0,0,498.35,498.35,26.46,0,ATB_55_2026-08-05.csv
2026-07-05T14:08:07Z,46_out,OTICE_v5_LoRA,0,24.55,53.8,0,0,0,0,ATB_46_2026-08-05.csv
2026-07-05T14:08:15Z,59,OTICE_v5_LoRA,3,24.97,61.53,0,0,0,0,ATB_59_2026-08-05.csv
2026-07-05T14:08:35Z,47,OTICE_v5_LoRA,102,25.08,64.19,562.43,562.43,26.55,0,ATB_47_2026-08-05.csv
2026-07-05T14:08:37Z,46_out,OTICE_v5_LoRA,0,24.57,53.71,0,0,0,0,ATB_46_2026-08-05.csv
2026-07-05T14:08:37Z,54,OTICE_v5_LoRA,0,25.06,60.08,582.95,582.95,26.62,0,ATB_54_2026-08-05.csv
2026-07-05T14:08:57Z,55,OTICE_v5_LoRA,255,0,0,497.43,497.43,26.47,0,ATB_55_2026-08-05.csv
2026-07-05T14:09:07Z,46_out,OTICE_v5_LoRA,0,24.53,53.8,0,0,0,0,ATB_46_2026-08-05.csv
2026-07-05T14:09:15Z,59,OTICE_v5_LoRA,0,24.98,61.4,0,0,0,0,ATB_59_2026-08-05.csv
2026-07-05T14:09:36Z,47,OTICE_v5_LoRA,99,25.06,64.09,564.47,564.47,26.56,0,ATB_47_2026-08-05.csv
2026-07-05T14:09:37Z,46_out,OTICE_v5_LoRA,0,24.55,53.71,0,0,0,0,ATB_46_2026-08-05.csv
2026-07-05T14:09:38Z,54,OTICE_v5_LoRA,0,25.06,59.99,580.63,580.63,26.63,0,ATB_54_2026-08-05.csv
2026-07-05T14:09:57Z,55,OTICE_v5_LoRA,255,0,0,494.86,494.86,26.47,0,ATB_55_2026-08-05.csv
2026-07-05T14:10:07Z,46_out,OTICE_v5_LoRA,0,24.55,53.71,0,0,0,0,ATB_46_2026-08-05.csv
2026-07-05T14:10:14Z,59,OTICE_v5_LoRA,1,24.98,61.3,0,0,0,0,ATB_59_2026-08-05.csv
2026-07-05T14:10:36Z,47,OTICE_v5_LoRA,101,25.08,64.09,562.55,562.55,26.59,0,ATB_47_2026-08-05.csv
2026-07-05T14:10:37Z,46_out,OTICE_v5_LoRA,0,24.6,53.61,0,0,0,0,ATB_46_2026-08-05.csv
2026-07-05T14:10:37Z,54,OTICE_v5_LoRA,0,25.08,59.88,581.3,581.3,26.63,0,ATB_54_2026-08-05.csv
2026-07-05T14:10:57Z,55,OTICE_v5_LoRA,0,0,0,495.22,495.22,26.49,0,ATB_55_2026-08-05.csv
2026-07-05T14:11:08Z,46_out,OTICE_v5_LoRA,0,24.61,53.61,0,0,0,0,ATB_46_2026-08-05.csv
2026-07-05T14:11:15Z,59,OTICE_v5_LoRA,2,25.01,61.3,0,0,0,0,ATB_59_2026-08-05.csv
2026-07-05T14:11:36Z,47,OTICE_v5_LoRA,95,25.09,64.09,562.75,562.75,26.62,0,ATB_47_2026-08-05.csv
2026-07-05T14:11:38Z,46_out,OTICE_v5_LoRA,0,24.6,53.5,0,0,0,0,ATB_46_2026-08-05.csv
2026-07-05T14:11:38Z,54,OTICE_v5_LoRA,0,25.1,59.99,585,585,26.62,0,ATB_54_2026-08-05.csv
2026-07-05T14:11:57Z,55,OTICE_v5_LoRA,0,0,0,497.46,497.46,26.44,0,ATB_55_2026-08-05.csv
2026-07-05T14:12:08Z,46_out,OTICE_v5_LoRA,0,24.61,53.5,0,0,0,0,ATB_46_2026-08-05.csv
2026-07-05T14:12:15Z,59,OTICE_v5_LoRA,0,25.01,61.21,0,0,0,0,ATB_59_2026-08-05.csv
2026-07-05T14:12:36Z,47,OTICE_v5_LoRA,98,25.11,64.19,560.74,560.74,26.6,0,ATB_47_2026-08-05.csv
2026-07-05T14:12:38Z,46_out,OTICE_v5_LoRA,0,24.64,53.41,0,0,0,0,ATB_46_2026-08-05.csv
2026-07-05T14:12:38Z,54,OTICE_v5_LoRA,0,25.1,59.99,586.91,586.91,26.66,0,ATB_54_2026-08-05.csv
2026-07-05T14:12:57Z,55,OTICE_v5_LoRA,0,0,0,494.71,494.71,26.49,0,ATB_55_2026-08-05.csv
2026-07-05T14:13:08Z,46_out,OTICE_v5_LoRA,0,24.61,53.5,0,0,0,0,ATB_46_2026-08-05.csv
2026-07-05T14:13:15Z,59,OTICE_v5_LoRA,5,25.02,61.21,0,0,0,0,ATB_59_2026-08-05.csv
2026-07-05T14:13:36Z,47,OTICE_v5_LoRA,100,25.12,64.19,560.52,560.52,26.63,0,ATB_47_2026-08-05.csv
2026-07-05T14:13:38Z,46_out,OTICE_v5_LoRA,0,24.61,53.5,0,0,0,0,ATB_46_2026-08-05.csv
2026-07-05T14:13:38Z,54,OTICE_v5_LoRA,0,25.1,59.99,585.57,585.57,26.69,0,ATB_54_2026-08-05.csv
2026-07-05T14:13:57Z,55,OTICE_v5_LoRA,0,0,0,493.48,493.48,26.5,0,ATB_55_2026-08-05.csv
2026-07-05T14:14:08Z,46_out,OTICE_v5_LoRA,0,24.6,53.5,0,0,0,0,ATB_46_2026-08-05.csv
2026-07-05T14:14:15Z,59,OTICE_v5_LoRA,6,25.01,61.4,0,0,0,0,ATB_59_2026-08-05.csv
2026-07-05T14:14:36Z,47,OTICE_v5_LoRA,102,25.11,64.09,562.01,562.01,26.65,0,ATB_47_2026-08-05.csv
2026-07-05T14:14:38Z,46_out,OTICE_v5_LoRA,0,24.6,53.61,0,0,0,0,ATB_46_2026-08-05.csv
2026-07-05T14:14:38Z,54,OTICE_v5_LoRA,0,25.1,59.99,584.84,584.84,26.71,0,ATB_54_2026-08-05.csv
2026-07-05T14:14:57Z,55,OTICE_v5_LoRA,4,0,2.48,489.5,489.5,26.49,0,ATB_55_2026-08-05.csv
2026-07-05T14:15:08Z,46_out,OTICE_v5_LoRA,0,24.6,53.61,0,0,0,0,ATB_46_2026-08-05.csv
2026-07-05T14:15:15Z,59,OTICE_v5_LoRA,0,25.02,61.21,0,0,0,0,ATB_59_2026-08-05.csv
2026-07-05T14:15:36Z,47,OTICE_v5_LoRA,100,25.12,64.19,559.91,559.91,26.65,0,ATB_47_2026-08-05.csv
2026-07-05T14:15:38Z,54,OTICE_v5_LoRA,0,25.1,60.08,586.26,586.26,26.72,0,ATB_54_2026-08-05.csv
2026-07-05T14:15:57Z,55,OTICE_v5_LoRA,252,0,0,485.55,485.55,26.49,0,ATB_55_2026-08-05.csv
2026-07-05T14:16:00Z,46_out,OTICE_v5_LoRA,0,24.6,53.5,0,0,0,0,ATB_46_2026-08-05.csv
2026-07-05T14:16:15Z,59,OTICE_v5_LoRA,6,25.04,61.21,0,0,0,0,ATB_59_2026-08-05.csv
2026-07-05T14:16:30Z,46_out,OTICE_v5_LoRA,0,24.6,53.5,0,0,0,0,ATB_46_2026-08-05.csv
2026-07-05T14:16:36Z,47,OTICE_v5_LoRA,103,25.12,63.99,558.5,558.5,26.66,0,ATB_47_2026-08-05.csv
2026-07-05T14:16:38Z,54,OTICE_v5_LoRA,0,25.13,59.79,585.28,585.28,26.71,0,ATB_54_2026-08-05.csv
2026-07-05T14:16:57Z,55,OTICE_v5_LoRA,0,0.64,0,486.94,486.94,26.5,0,ATB_55_2026-08-05.csv
2026-07-05T14:17:00Z,46_out,OTICE_v5_LoRA,0,24.6,53.5,0,0,0,0,ATB_46_2026-08-05.csv
2026-07-05T14:17:30Z,46_out,OTICE_v5_LoRA,0,24.61,53.5,0,0,0,0,ATB_46_2026-08-05.csv
2026-07-05T14:17:36Z,47,OTICE_v5_LoRA,102,25.12,63.79,558.9,558.9,26.6,0,ATB_47_2026-08-05.csv
2026-07-05T14:17:38Z,54,OTICE_v5_LoRA,0,25.13,59.59,588.56,588.56,26.69,0,ATB_54_2026-08-05.csv
2026-07-05T14:17:57Z,55,OTICE_v5_LoRA,0,0.64,0,488.43,488.43,26.49,0,ATB_55_2026-08-05.csv
2026-07-05T14:18:00Z,46_out,OTICE_v5_LoRA,0,24.6,53.5,0,0,0,0,ATB_46_2026-08-05.csv
2026-07-05T14:18:13Z,59,OTICE_v5_LoRA,0,25.04,61.1,0,0,0,0,ATB_59_2026-08-05.csv
2026-07-05T14:18:30Z,46_out,OTICE_v5_LoRA,0,24.58,53.41,0,0,0,0,ATB_46_2026-08-05.csv
2026-07-05T14:18:36Z,47,OTICE_v5_LoRA,102,25.12,63.89,557.2,557.2,26.68,0,ATB_47_2026-08-05.csv
2026-07-05T14:18:38Z,54,OTICE_v5_LoRA,0,25.13,59.69,590.07,590.07,26.73,0,ATB_54_2026-08-05.csv
2026-07-05T14:18:57Z,55,OTICE_v5_LoRA,0,0.64,0,490.89,490.89,26.5,0,ATB_55_2026-08-05.csv
2026-07-05T14:19:01Z,46_out,OTICE_v5_LoRA,0,24.58,53.5,0,0,0,0,ATB_46_2026-08-05.csv
2026-07-05T14:19:13Z,59,OTICE_v5_LoRA,0,25.05,60.91,0,0,0,0,ATB_59_2026-08-05.csv
2026-07-05T14:19:31Z,46_out,OTICE_v5_LoRA,0,24.6,53.61,0,0,0,0,ATB_46_2026-08-05.csv
2026-07-05T14:19:37Z,47,OTICE_v5_LoRA,95,25.12,63.79,555.4,555.4,26.63,0,ATB_47_2026-08-05.csv
2026-07-05T14:19:38Z,54,OTICE_v5_LoRA,0,25.13,59.69,594.98,594.98,26.71,0,ATB_54_2026-08-05.csv
2026-07-05T14:19:57Z,55,OTICE_v5_LoRA,0,0.64,0,491.73,491.73,26.52,0,ATB_55_2026-08-05.csv
2026-07-05T14:20:01Z,46_out,OTICE_v5_LoRA,0,24.61,53.5,0,0,0,0,ATB_46_2026-08-05.csv
2026-07-05T14:20:13Z,59,OTICE_v5_LoRA,0,25.05,60.91,0,0,0,0,ATB_59_2026-08-05.csv
2026-07-05T14:20:31Z,46_out,OTICE_v5_LoRA,0,24.61,53.5,0,0,0,0,ATB_46_2026-08-05.csv
2026-07-05T14:20:37Z,47,OTICE_v5_LoRA,97,25.14,63.76,557.68,557.68,26.58,0,ATB_47_2026-08-05.csv
2026-07-05T14:20:38Z,54,OTICE_v5_LoRA,0,25.15,59.59,595.82,595.82,26.69,0,ATB_54_2026-08-05.csv
2026-07-05T14:20:57Z,55,OTICE_v5_LoRA,0,0.64,0,490.02,490.02,26.52,0,ATB_55_2026-08-05.csv
2026-07-05T14:21:01Z,46_out,OTICE_v5_LoRA,0,24.61,53.5,0,0,0,0,ATB_46_2026-08-05.csv
2026-07-05T14:21:14Z,59,OTICE_v5_LoRA,1,25.04,61.01,0,0,0,0,ATB_59_2026-08-05.csv
2026-07-05T14:21:31Z,46_out,OTICE_v5_LoRA,0,24.61,53.5,0,0,0,0,ATB_46_2026-08-05.csv
2026-07-05T14:21:37Z,47,OTICE_v5_LoRA,98,25.12,63.79,558.94,558.94,26.6,0,ATB_47_2026-08-05.csv
2026-07-05T14:21:38Z,54,OTICE_v5_LoRA,0,25.15,59.49,594.15,594.15,26.71,0,ATB_54_2026-08-05.csv
2026-07-05T14:21:57Z,55,OTICE_v5_LoRA,0,0.64,0,491.67,491.67,26.49,0,ATB_55_2026-08-05.csv
2026-07-05T14:22:01Z,46_out,OTICE_v5_LoRA,0,24.61,53.61,0,0,0,0,ATB_46_2026-08-05.csv
2026-07-05T14:22:14Z,59,OTICE_v5_LoRA,5,25.04,61.1,0,0,0,0,ATB_59_2026-08-05.csv
2026-07-05T14:22:31Z,46_out,OTICE_v5_LoRA,0,24.6,53.61,0,0,0,0,ATB_46_2026-08-05.csv
2026-07-05T14:22:37Z,47,OTICE_v5_LoRA,102,25.11,63.99,561.58,561.58,26.59,0,ATB_47_2026-08-05.csv
2026-07-05T14:22:38Z,54,OTICE_v5_LoRA,0,25.16,59.69,592.55,592.55,26.65,0,ATB_54_2026-08-05.csv
2026-07-05T14:22:58Z,55,OTICE_v5_LoRA,0,0.64,0,492.8,492.8,26.53,0,ATB_55_2026-08-05.csv
2026-07-05T14:23:01Z,46_out,OTICE_v5_LoRA,0,24.61,53.5,0,0,0,0,ATB_46_2026-08-05.csv
2026-07-05T14:23:14Z,59,OTICE_v5_LoRA,6,25.05,61.1,0,0,0,0,ATB_59_2026-08-05.csv
2026-07-05T14:23:31Z,46_out,OTICE_v5_LoRA,0,24.61,53.5,0,0,0,0,ATB_46_2026-08-05.csv
2026-07-05T14:23:37Z,47,OTICE_v5_LoRA,103,25.12,63.69,562.62,562.62,26.53,0,ATB_47_2026-08-05.csv
2026-07-05T14:23:39Z,54,OTICE_v5_LoRA,0,25.15,59.39,592.04,592.04,26.59,0,ATB_54_2026-08-05.csv
2026-07-05T14:23:57Z,55,OTICE_v5_LoRA,0,0.64,0,491.62,491.62,26.5,0,ATB_55_2026-08-05.csv
2026-07-05T14:24:02Z,46_out,OTICE_v5_LoRA,0,24.6,53.5,0,0,0,0,ATB_46_2026-08-05.csv
2026-07-05T14:24:14Z,59,OTICE_v5_LoRA,1,25.02,61.01,0,0,0,0,ATB_59_2026-08-05.csv
2026-07-05T14:24:32Z,46_out,OTICE_v5_LoRA,0,24.6,53.61,0,0,0,0,ATB_46_2026-08-05.csv
2026-07-05T14:24:37Z,47,OTICE_v5_LoRA,93,25.16,63.46,564.16,564.16,26.52,0,ATB_47_2026-08-05.csv
2026-07-05T14:24:38Z,54,OTICE_v5_LoRA,0,25.15,59.49,592.76,592.76,26.6,0,ATB_54_2026-08-05.csv
2026-07-05T14:24:57Z,55,OTICE_v5_LoRA,0,0,0,487.83,487.83,26.49,0,ATB_55_2026-08-05.csv
2026-07-05T14:25:02Z,46_out,OTICE_v5_LoRA,0,24.61,53.71,0,0,0,0,ATB_46_2026-08-05.csv
2026-07-05T14:25:14Z,59,OTICE_v5_LoRA,1,25.07,60.91,0,0,0,0,ATB_59_2026-08-05.csv
2026-07-05T14:25:32Z,46_out,OTICE_v5_LoRA,0,24.62,53.8,0,0,0,0,ATB_46_2026-08-05.csv
2026-07-05T14:25:37Z,47,OTICE_v5_LoRA,90,25.21,63.46,561.84,561.84,26.43,0,ATB_47_2026-08-05.csv
2026-07-05T14:25:39Z,54,OTICE_v5_LoRA,0,25.19,59.29,590.33,590.33,26.55,0,ATB_54_2026-08-05.csv
2026-07-05T14:25:57Z,55,OTICE_v5_LoRA,0,0,0,486.87,486.87,26.44,0,ATB_55_2026-08-05.csv
2026-07-05T14:26:03Z,46_out,OTICE_v5_LoRA,0,24.62,53.71,0,0,0,0,ATB_46_2026-08-05.csv
2026-07-05T14:26:14Z,59,OTICE_v5_LoRA,2,25.07,61.01,0,0,0,0,ATB_59_2026-08-05.csv
2026-07-05T14:26:32Z,46_out,OTICE_v5_LoRA,0,24.62,53.9,0,0,0,0,ATB_46_2026-08-05.csv
2026-07-05T14:26:37Z,47,OTICE_v5_LoRA,99,25.26,63.36,562.63,562.63,26.41,0,ATB_47_2026-08-05.csv
2026-07-05T14:26:39Z,54,OTICE_v5_LoRA,0,25.21,59.29,590.71,590.71,26.51,0,ATB_54_2026-08-05.csv
2026-07-05T14:26:57Z,55,OTICE_v5_LoRA,0,0,0,485.54,485.54,26.46,0,ATB_55_2026-08-05.csv
2026-07-05T14:27:03Z,46_out,OTICE_v5_LoRA,0,24.61,54.01,0,0,0,0,ATB_46_2026-08-05.csv
2026-07-05T14:27:14Z,59,OTICE_v5_LoRA,2,25.13,60.91,0,0,0,0,ATB_59_2026-08-05.csv
2026-07-05T14:27:32Z,46_out,OTICE_v5_LoRA,0,24.65,54.01,0,0,0,0,ATB_46_2026-08-05.csv
2026-07-05T14:27:37Z,47,OTICE_v5_LoRA,95,25.24,63.26,562,562,26.42,0,ATB_47_2026-08-05.csv
2026-07-05T14:27:39Z,54,OTICE_v5_LoRA,0,25.21,59.69,593.44,593.44,26.52,0,ATB_54_2026-08-05.csv
2026-07-05T14:27:58Z,55,OTICE_v5_LoRA,0,0,0,486.8,486.8,26.44,0,ATB_55_2026-08-05.csv
2026-07-05T14:28:02Z,46_out,OTICE_v5_LoRA,0,24.65,54.01,0,0,0,0,ATB_46_2026-08-05.csv
2026-07-05T14:28:14Z,59,OTICE_v5_LoRA,0,25.14,60.41,0,0,0,0,ATB_59_2026-08-05.csv
2026-07-05T14:28:32Z,46_out,OTICE_v5_LoRA,0,24.65,54.01,0,0,0,0,ATB_46_2026-08-05.csv
2026-07-05T14:28:37Z,47,OTICE_v5_LoRA,88,25.27,63.06,563.33,563.33,26.34,0,ATB_47_2026-08-05.csv
2026-07-05T14:28:39Z,54,OTICE_v5_LoRA,0,25.23,58.89,595.09,595.09,26.46,0,ATB_54_2026-08-05.csv
2026-07-05T14:28:58Z,55,OTICE_v5_LoRA,33023,0,0,487.55,487.55,26.44,0,ATB_55_2026-08-05.csv
2026-07-05T14:29:02Z,46_out,OTICE_v5_LoRA,0,24.65,54.01,0,0,0,0,ATB_46_2026-08-05.csv
2026-07-05T14:29:14Z,59,OTICE_v5_LoRA,0,25.16,60.81,0,0,0,0,ATB_59_2026-08-05.csv
2026-07-05T14:29:32Z,46_out,OTICE_v5_LoRA,0,24.64,53.9,0,0,0,0,ATB_46_2026-08-05.csv
2026-07-05T14:29:37Z,47,OTICE_v5_LoRA,92,25.27,63.06,561.46,561.46,26.36,0,ATB_47_2026-08-05.csv
2026-07-05T14:29:39Z,54,OTICE_v5_LoRA,0,25.23,58.99,594.22,594.22,26.48,0,ATB_54_2026-08-05.csv
2026-07-05T14:29:58Z,55,OTICE_v5_LoRA,33023,0,0,490.99,490.99,26.4,0,ATB_55_2026-08-05.csv
2026-07-05T14:30:03Z,46_out,OTICE_v5_LoRA,0,24.62,54.01,0,0,0,0,ATB_46_2026-08-05.csv
2026-07-05T14:30:15Z,59,OTICE_v5_LoRA,0,25.13,60.31,0,0,0,0,ATB_59_2026-08-05.csv
2026-07-05T14:30:33Z,46_out,OTICE_v5_LoRA,0,24.62,54.01,0,0,0,0,ATB_46_2026-08-05.csv
2026-07-05T14:30:37Z,47,OTICE_v5_LoRA,84,25.26,62.96,561.76,561.76,26.36,0,ATB_47_2026-08-05.csv
2026-07-05T14:30:39Z,54,OTICE_v5_LoRA,0,25.26,58.89,594.39,594.39,26.48,0,ATB_54_2026-08-05.csv
2026-07-05T14:30:58Z,55,OTICE_v5_LoRA,0,0,0,489.85,489.85,26.39,0,ATB_55_2026-08-05.csv
2026-07-05T14:31:03Z,46_out,OTICE_v5_LoRA,0,24.65,54.01,0,0,0,0,ATB_46_2026-08-05.csv
2026-07-05T14:31:15Z,59,OTICE_v5_LoRA,0,25.13,60.31,0,0,0,0,ATB_59_2026-08-05.csv
2026-07-05T14:31:33Z,46_out,OTICE_v5_LoRA,0,24.64,54.01,0,0,0,0,ATB_46_2026-08-05.csv
2026-07-05T14:31:37Z,47,OTICE_v5_LoRA,96,25.24,63.06,563.55,563.55,26.34,0,ATB_47_2026-08-05.csv
2026-07-05T14:31:39Z,54,OTICE_v5_LoRA,0,25.22,58.89,596.07,596.07,26.46,0,ATB_54_2026-08-05.csv
2026-07-05T14:31:58Z,55,OTICE_v5_LoRA,0,0,0,487.73,487.73,26.4,0,ATB_55_2026-08-05.csv
2026-07-05T14:32:03Z,46_out,OTICE_v5_LoRA,0,24.64,54.01,0,0,0,0,ATB_46_2026-08-05.csv
2026-07-05T14:32:15Z,59,OTICE_v5_LoRA,0,25.12,60.51,0,0,0,0,ATB_59_2026-08-05.csv
2026-07-05T14:32:33Z,46_out,OTICE_v5_LoRA,0,24.64,54.01,0,0,0,0,ATB_46_2026-08-05.csv
2026-07-05T14:32:37Z,47,OTICE_v5_LoRA,85,25.24,63.16,562.06,562.06,26.29,0,ATB_47_2026-08-05.csv
2026-07-05T14:32:39Z,54,OTICE_v5_LoRA,0,25.23,58.99,593.21,593.21,26.42,0,ATB_54_2026-08-05.csv
2026-07-05T14:32:58Z,55,OTICE_v5_LoRA,0,0,0,487.4,487.4,26.39,0,ATB_55_2026-08-05.csv
2026-07-05T14:33:03Z,46_out,OTICE_v5_LoRA,0,24.61,54.01,0,0,0,0,ATB_46_2026-08-05.csv
2026-07-05T14:33:15Z,59,OTICE_v5_LoRA,0,25.12,60.61,0,0,0,0,ATB_59_2026-08-05.csv
2026-07-05T14:33:33Z,46_out,OTICE_v5_LoRA,0,24.64,54.1,0,0,0,0,ATB_46_2026-08-05.csv
2026-07-05T14:33:37Z,47,OTICE_v5_LoRA,92,25.23,63.26,559.66,559.66,26.34,0,ATB_47_2026-08-05.csv
2026-07-05T14:33:39Z,54,OTICE_v5_LoRA,0,25.21,59.09,598.2,598.2,26.45,0,ATB_54_2026-08-05.csv
2026-07-05T14:33:58Z,55,OTICE_v5_LoRA,0,0,0,486.6,486.6,26.38,0,ATB_55_2026-08-05.csv
2026-07-05T14:34:03Z,46_out,OTICE_v5_LoRA,0,24.62,54.1,0,0,0,0,ATB_46_2026-08-05.csv
2026-07-05T14:34:15Z,59,OTICE_v5_LoRA,3,25.09,60.91,0,0,0,0,ATB_59_2026-08-05.csv
2026-07-05T14:34:33Z,46_out,OTICE_v5_LoRA,0,24.62,54.1,0,0,0,0,ATB_46_2026-08-05.csv
2026-07-05T14:34:37Z,47,OTICE_v5_LoRA,90,25.23,63.16,558.47,558.47,26.34,0,ATB_47_2026-08-05.csv
2026-07-05T14:34:40Z,54,OTICE_v5_LoRA,0,25.22,59.09,596.8,596.8,26.44,0,ATB_54_2026-08-05.csv
2026-07-05T14:34:58Z,55,OTICE_v5_LoRA,0,0,0,486.28,486.28,26.39,0,ATB_55_2026-08-05.csv
2026-07-05T14:35:03Z,46_out,OTICE_v5_LoRA,0,24.61,54.1,0,0,0,0,ATB_46_2026-08-05.csv
2026-07-05T14:35:15Z,59,OTICE_v5_LoRA,0,25.07,60.41,0,0,0,0,ATB_59_2026-08-05.csv
2026-07-05T14:35:34Z,46_out,OTICE_v5_LoRA,0,24.61,54.1,0,0,0,0,ATB_46_2026-08-05.csv
2026-07-05T14:35:38Z,47,OTICE_v5_LoRA,87,25.21,63.06,558.61,558.61,26.29,0,ATB_47_2026-08-05.csv
2026-07-05T14:35:39Z,54,OTICE_v5_LoRA,0,25.22,58.89,595.17,595.17,26.42,0,ATB_54_2026-08-05.csv
2026-07-05T14:35:58Z,55,OTICE_v5_LoRA,0,0,0,487.37,487.37,26.36,0,ATB_55_2026-08-05.csv
2026-07-05T14:36:04Z,46_out,OTICE_v5_LoRA,0,24.6,54.1,0,0,0,0,ATB_46_2026-08-05.csv
2026-07-05T14:36:15Z,59,OTICE_v5_LoRA,0,25.08,60.51,0,0,0,0,ATB_59_2026-08-05.csv
2026-07-05T14:36:34Z,46_out,OTICE_v5_LoRA,0,24.6,54.1,0,0,0,0,ATB_46_2026-08-05.csv
2026-07-05T14:36:58Z,55,OTICE_v5_LoRA,0,0,0,488.5,488.5,26.36,0,ATB_55_2026-08-05.csv
2026-07-05T14:37:04Z,46_out,OTICE_v5_LoRA,0,24.58,54.1,0,0,0,0,ATB_46_2026-08-05.csv
2026-07-05T14:37:15Z,59,OTICE_v5_LoRA,1,25.07,60.61,0,0,0,0,ATB_59_2026-08-05.csv
2026-07-05T14:37:34Z,46_out,OTICE_v5_LoRA,0,24.58,54.2,0,0,0,0,ATB_46_2026-08-05.csv
2026-07-05T14:37:36Z,47,OTICE_v5_LoRA,89,25.19,63.06,551.49,551.49,26.21,0,ATB_47_2026-08-05.csv
2026-07-05T14:37:39Z,54,OTICE_v5_LoRA,0,25.22,58.79,589.34,589.34,26.39,0,ATB_54_2026-08-05.csv
2026-07-05T14:37:58Z,55,OTICE_v5_LoRA,0,0,0,490.28,490.28,26.38,0,ATB_55_2026-08-05.csv
2026-07-05T14:38:04Z,46_out,OTICE_v5_LoRA,0,24.6,54.1,0,0,0,0,ATB_46_2026-08-05.csv
2026-07-05T14:38:15Z,59,OTICE_v5_LoRA,1,25.07,60.71,0,0,0,0,ATB_59_2026-08-05.csv
2026-07-05T14:38:34Z,46_out,OTICE_v5_LoRA,0,24.6,54.1,0,0,0,0,ATB_46_2026-08-05.csv
2026-07-05T14:38:36Z,47,OTICE_v5_LoRA,88,25.16,63.26,554.74,554.74,26.21,0,ATB_47_2026-08-05.csv
2026-07-05T14:38:39Z,54,OTICE_v5_LoRA,0,25.21,58.99,586.83,586.83,26.35,0,ATB_54_2026-08-05.csv
2026-07-05T14:38:58Z,55,OTICE_v5_LoRA,250,0,0,489.47,489.47,26.35,0,ATB_55_2026-08-05.csv
2026-07-05T14:39:04Z,46_out,OTICE_v5_LoRA,0,24.62,54.1,0,0,0,0,ATB_46_2026-08-05.csv
2026-07-05T14:39:15Z,59,OTICE_v5_LoRA,0,25.04,60.71,0,0,0,0,ATB_59_2026-08-05.csv
2026-07-05T14:39:34Z,46_out,OTICE_v5_LoRA,0,24.62,54.01,0,0,0,0,ATB_46_2026-08-05.csv
2026-07-05T14:39:36Z,47,OTICE_v5_LoRA,91,25.16,63.36,555.8,555.8,26.21,0,ATB_47_2026-08-05.csv
2026-07-05T14:39:39Z,54,OTICE_v5_LoRA,0,25.19,59.09,587.58,587.58,26.32,0,ATB_54_2026-08-05.csv
2026-07-05T14:39:58Z,55,OTICE_v5_LoRA,250,0,0,486.83,486.83,26.4,0,ATB_55_2026-08-05.csv
2026-07-05T14:40:04Z,46_out,OTICE_v5_LoRA,0,24.6,54.1,0,0,0,0,ATB_46_2026-08-05.csv
2026-07-05T14:40:15Z,59,OTICE_v5_LoRA,0,25.04,60.71,0,0,0,0,ATB_59_2026-08-05.csv
2026-07-05T14:40:34Z,46_out,OTICE_v5_LoRA,0,24.6,54.1,0,0,0,0,ATB_46_2026-08-05.csv
2026-07-05T14:40:36Z,47,OTICE_v5_LoRA,94,25.15,63.36,554.41,554.41,26.22,0,ATB_47_2026-08-05.csv
2026-07-05T14:40:39Z,54,OTICE_v5_LoRA,0,25.19,59.09,589.95,589.95,26.3,0,ATB_54_2026-08-05.csv
2026-07-05T14:40:59Z,55,OTICE_v5_LoRA,0,0,0,483.45,483.45,26.36,0,ATB_55_2026-08-05.csv
2026-07-05T14:41:05Z,46_out,OTICE_v5_LoRA,0,24.57,54.1,0,0,0,0,ATB_46_2026-08-05.csv
2026-07-05T14:41:16Z,59,OTICE_v5_LoRA,2,25.05,60.71,0,0,0,0,ATB_59_2026-08-05.csv
2026-07-05T14:41:35Z,46_out,OTICE_v5_LoRA,0,24.58,54.1,0,0,0,0,ATB_46_2026-08-05.csv
2026-07-05T14:41:36Z,47,OTICE_v5_LoRA,100,25.15,63.36,550.15,550.15,26.22,0,ATB_47_2026-08-05.csv
2026-07-05T14:41:39Z,54,OTICE_v5_LoRA,0,25.16,59.19,590.71,590.71,26.3,0,ATB_54_2026-08-05.csv
2026-07-05T14:41:58Z,55,OTICE_v5_LoRA,0,0,0,482.32,482.32,26.35,0,ATB_55_2026-08-05.csv
2026-07-05T14:42:05Z,46_out,OTICE_v5_LoRA,0,24.58,54.1,0,0,0,0,ATB_46_2026-08-05.csv
2026-07-05T14:42:16Z,59,OTICE_v5_LoRA,2,25.02,60.71,0,0,0,0,ATB_59_2026-08-05.csv
2026-07-05T14:42:35Z,46_out,OTICE_v5_LoRA,0,24.57,54.1,0,0,0,0,ATB_46_2026-08-05.csv
2026-07-05T14:42:37Z,47,OTICE_v5_LoRA,100,25.15,63.36,551.75,551.75,26.22,0,ATB_47_2026-08-05.csv
2026-07-05T14:42:39Z,54,OTICE_v5_LoRA,0,25.16,59.19,590.46,590.46,26.31,0,ATB_54_2026-08-05.csv
2026-07-05T14:42:59Z,55,OTICE_v5_LoRA,0,0,0,485.75,485.75,26.35,0,ATB_55_2026-08-05.csv
2026-07-05T14:43:05Z,46_out,OTICE_v5_LoRA,0,24.58,54.1,0,0,0,0,ATB_46_2026-08-05.csv
2026-07-05T14:43:16Z,59,OTICE_v5_LoRA,5,25.02,60.91,0,0,0,0,ATB_59_2026-08-05.csv
2026-07-05T14:43:35Z,46_out,OTICE_v5_LoRA,0,24.55,54.1,0,0,0,0,ATB_46_2026-08-05.csv
2026-07-05T14:43:36Z,47,OTICE_v5_LoRA,95,25.14,63.36,552.64,552.64,26.19,0,ATB_47_2026-08-05.csv
2026-07-05T14:43:39Z,54,OTICE_v5_LoRA,0,25.16,59.19,590.15,590.15,26.38,0,ATB_54_2026-08-05.csv
2026-07-05T14:43:59Z,55,OTICE_v5_LoRA,224,7.68,0,487.54,487.54,26.31,0,ATB_55_2026-08-05.csv
2026-07-05T14:44:05Z,46_out,OTICE_v5_LoRA,0,24.57,54.1,0,0,0,0,ATB_46_2026-08-05.csv
2026-07-05T14:44:16Z,59,OTICE_v5_LoRA,4,25.01,60.81,0,0,0,0,ATB_59_2026-08-05.csv
2026-07-05T14:44:35Z,46_out,OTICE_v5_LoRA,0,24.57,54.1,0,0,0,0,ATB_46_2026-08-05.csv
2026-07-05T14:44:37Z,47,OTICE_v5_LoRA,92,25.14,63.56,551.13,551.13,26.22,0,ATB_47_2026-08-05.csv
2026-07-05T14:44:39Z,54,OTICE_v5_LoRA,0,25.19,59.29,590.02,590.02,26.32,0,ATB_54_2026-08-05.csv
2026-07-05T14:44:59Z,55,OTICE_v5_LoRA,224,7.68,0,489.37,489.37,26.31,0,ATB_55_2026-08-05.csv
2026-07-05T14:45:05Z,46_out,OTICE_v5_LoRA,0,24.55,54.1,0,0,0,0,ATB_46_2026-08-05.csv
2026-07-05T14:45:16Z,59,OTICE_v5_LoRA,2,24.99,60.71,0,0,0,0,ATB_59_2026-08-05.csv
2026-07-05T14:45:35Z,46_out,OTICE_v5_LoRA,0,24.55,54.1,0,0,0,0,ATB_46_2026-08-05.csv
2026-07-05T14:45:37Z,47,OTICE_v5_LoRA,95,25.14,63.56,552,552,26.18,0,ATB_47_2026-08-05.csv
2026-07-05T14:45:39Z,54,OTICE_v5_LoRA,0,25.16,59.29,587.61,587.61,26.32,0,ATB_54_2026-08-05.csv
2026-07-05T14:45:59Z,55,OTICE_v5_LoRA,224,7.68,0,489.81,489.81,26.31,0,ATB_55_2026-08-05.csv
2026-07-05T14:46:05Z,46_out,OTICE_v5_LoRA,0,24.55,54.1,0,0,0,0,ATB_46_2026-08-05.csv
2026-07-05T14:46:16Z,59,OTICE_v5_LoRA,4,24.99,61.21,0,0,0,0,ATB_59_2026-08-05.csv
2026-07-05T14:46:36Z,46_out,OTICE_v5_LoRA,0,24.57,54.1,0,0,0,0,ATB_46_2026-08-05.csv
2026-07-05T14:46:37Z,47,OTICE_v5_LoRA,99,25.11,64.28,551.7,551.7,26.38,0,ATB_47_2026-08-05.csv
2026-07-05T14:46:39Z,54,OTICE_v5_LoRA,0,25.13,60.08,586.14,586.14,26.48,0,ATB_54_2026-08-05.csv
2026-07-05T14:46:59Z,55,OTICE_v5_LoRA,224,7.68,0,486.67,486.67,26.39,0,ATB_55_2026-08-05.csv
2026-07-05T14:47:06Z,46_out,OTICE_v5_LoRA,0,24.58,53.9,0,0,0,0,ATB_46_2026-08-05.csv
2026-07-05T14:47:16Z,59,OTICE_v5_LoRA,4,24.99,61.3,0,0,0,0,ATB_59_2026-08-05.csv
2026-07-05T14:47:36Z,46_out,OTICE_v5_LoRA,0,24.58,53.8,0,0,0,0,ATB_46_2026-08-05.csv
2026-07-05T14:47:37Z,47,OTICE_v5_LoRA,103,25.12,63.99,553.79,553.79,26.43,0,ATB_47_2026-08-05.csv
2026-07-05T14:47:39Z,54,OTICE_v5_LoRA,0,25.13,59.99,584.23,584.23,26.54,0,ATB_54_2026-08-05.csv
2026-07-05T14:47:59Z,55,OTICE_v5_LoRA,224,7.68,0,486.62,486.62,26.4,0,ATB_55_2026-08-05.csv
2026-07-05T14:48:06Z,46_out,OTICE_v5_LoRA,0,24.6,53.8,0,0,0,0,ATB_46_2026-08-05.csv
2026-07-05T14:48:16Z,59,OTICE_v5_LoRA,8,24.98,61.6,0,0,0,0,ATB_59_2026-08-05.csv
2026-07-05T14:48:36Z,46_out,OTICE_v5_LoRA,0,24.58,53.71,0,0,0,0,ATB_46_2026-08-05.csv
2026-07-05T14:48:37Z,47,OTICE_v5_LoRA,111,25.12,64.28,555.24,555.24,26.53,0,ATB_47_2026-08-05.csv
2026-07-05T14:48:39Z,54,OTICE_v5_LoRA,0,25.1,60.18,583.55,583.55,26.58,0,ATB_54_2026-08-05.csv
2026-07-05T14:48:59Z,55,OTICE_v5_LoRA,224,7.68,0,485.14,485.14,26.43,0,ATB_55_2026-08-05.csv
2026-07-05T14:49:06Z,46_out,OTICE_v5_LoRA,0,24.62,53.61,0,0,0,0,ATB_46_2026-08-05.csv
2026-07-05T14:49:16Z,59,OTICE_v5_LoRA,7,24.98,61.4,0,0,0,0,ATB_59_2026-08-05.csv
2026-07-05T14:49:36Z,46_out,OTICE_v5_LoRA,0,24.6,53.71,0,0,0,0,ATB_46_2026-08-05.csv
2026-07-05T14:49:37Z,47,OTICE_v5_LoRA,109,25.12,64.19,555.41,555.41,26.59,0,ATB_47_2026-08-05.csv
2026-07-05T14:49:40Z,54,OTICE_v5_LoRA,0,25.08,60.08,583.25,583.25,26.59,0,ATB_54_2026-08-05.csv
2026-07-05T14:49:59Z,55,OTICE_v5_LoRA,224,7.68,0,483.6,483.6,26.43,0,ATB_55_2026-08-05.csv
2026-07-05T14:50:06Z,46_out,OTICE_v5_LoRA,0,24.58,53.71,0,0,0,0,ATB_46_2026-08-05.csv
2026-07-05T14:50:16Z,59,OTICE_v5_LoRA,4,24.98,61.4,0,0,0,0,ATB_59_2026-08-05.csv
2026-07-05T14:50:36Z,46_out,OTICE_v5_LoRA,0,24.57,53.61,0,0,0,0,ATB_46_2026-08-05.csv
2026-07-05T14:50:37Z,47,OTICE_v5_LoRA,116,25.12,64.19,556.75,556.75,26.58,0,ATB_47_2026-08-05.csv
2026-07-05T14:50:40Z,54,OTICE_v5_LoRA,0,25.08,60.18,584.35,584.35,26.6,0,ATB_54_2026-08-05.csv
2026-07-05T14:50:59Z,55,OTICE_v5_LoRA,224,7.68,0,462.86,462.86,26.44,0,ATB_55_2026-08-05.csv
2026-07-05T14:51:06Z,46_out,OTICE_v5_LoRA,0,24.57,53.61,0,0,0,0,ATB_46_2026-08-05.csv
2026-07-05T14:51:17Z,59,OTICE_v5_LoRA,7,24.98,61.4,0,0,0,0,ATB_59_2026-08-05.csv
2026-07-05T14:51:36Z,46_out,OTICE_v5_LoRA,0,24.55,53.61,0,0,0,0,ATB_46_2026-08-05.csv
2026-07-05T14:51:37Z,47,OTICE_v5_LoRA,109,25.11,64.09,557.52,557.52,26.56,0,ATB_47_2026-08-05.csv
2026-07-05T14:51:40Z,54,OTICE_v5_LoRA,0,25.07,60.08,581.71,581.71,26.63,0,ATB_54_2026-08-05.csv
2026-07-05T14:51:59Z,55,OTICE_v5_LoRA,224,7.68,0,467.45,467.45,26.5,0,ATB_55_2026-08-05.csv
2026-07-05T14:52:06Z,46_out,OTICE_v5_LoRA,0,24.55,53.5,0,0,0,0,ATB_46_2026-08-05.csv
2026-07-05T14:52:17Z,59,OTICE_v5_LoRA,7,24.97,61.34,0,0,0,0,ATB_59_2026-08-05.csv
2026-07-05T14:52:37Z,46_out,OTICE_v5_LoRA,0,24.55,53.5,0,0,0,0,ATB_46_2026-08-05.csv
2026-07-05T14:52:37Z,47,OTICE_v5_LoRA,106,25.11,64.09,560.28,560.28,26.58,0,ATB_47_2026-08-05.csv
2026-07-05T14:52:40Z,54,OTICE_v5_LoRA,0,25.08,60.08,580.43,580.43,26.65,0,ATB_54_2026-08-05.csv
2026-07-05T14:52:59Z,55,OTICE_v5_LoRA,224,7.68,0,470.09,470.09,26.5,0,ATB_55_2026-08-05.csv
2026-07-05T14:53:07Z,46_out,OTICE_v5_LoRA,0,24.57,53.41,0,0,0,0,ATB_46_2026-08-05.csv
2026-07-05T14:53:17Z,59,OTICE_v5_LoRA,5,24.99,61.21,0,0,0,0,ATB_59_2026-08-05.csv
2026-07-05T14:53:37Z,46_out,OTICE_v5_LoRA,0,24.55,53.41,0,0,0,0,ATB_46_2026-08-05.csv
2026-07-05T14:53:37Z,47,OTICE_v5_LoRA,110,25.11,64.09,561.04,561.04,26.63,0,ATB_47_2026-08-05.csv
2026-07-05T14:53:40Z,54,OTICE_v5_LoRA,0,25.08,59.99,580.52,580.52,26.65,0,ATB_54_2026-08-05.csv
2026-07-05T14:53:59Z,55,OTICE_v5_LoRA,224,7.68,0,470.41,470.41,26.54,0,ATB_55_2026-08-05.csv
2026-07-05T14:54:07Z,46_out,OTICE_v5_LoRA,0,24.55,53.41,0,0,0,0,ATB_46_2026-08-05.csv
2026-07-05T14:54:17Z,59,OTICE_v5_LoRA,7,25.01,61.01,0,0,0,0,ATB_59_2026-08-05.csv
2026-07-05T14:54:37Z,46_out,OTICE_v5_LoRA,0,24.57,53.41,0,0,0,0,ATB_46_2026-08-05.csv
2026-07-05T14:54:37Z,47,OTICE_v5_LoRA,109,25.11,63.89,563.21,563.21,26.56,0,ATB_47_2026-08-05.csv
2026-07-05T14:54:40Z,54,OTICE_v5_LoRA,0,25.1,59.88,578.6,578.6,26.68,0,ATB_54_2026-08-05.csv
2026-07-05T14:54:59Z,55,OTICE_v5_LoRA,255,0,0,474.11,474.11,26.56,0,ATB_55_2026-08-05.csv
2026-07-05T14:55:07Z,46_out,OTICE_v5_LoRA,0,24.57,53.5,0,0,0,0,ATB_46_2026-08-05.csv
2026-07-05T14:55:17Z,59,OTICE_v5_LoRA,5,25.02,61.01,0,0,0,0,ATB_59_2026-08-05.csv
2026-07-05T14:55:37Z,46_out,OTICE_v5_LoRA,0,24.55,53.5,0,0,0,0,ATB_46_2026-08-05.csv
2026-07-05T14:55:38Z,47,OTICE_v5_LoRA,105,25.12,63.89,565.47,565.47,26.62,0,ATB_47_2026-08-05.csv
2026-07-05T14:55:40Z,54,OTICE_v5_LoRA,0,25.11,59.79,576.91,576.91,26.69,0,ATB_54_2026-08-05.csv
2026-07-05T14:56:07Z,46_out,OTICE_v5_LoRA,0,24.55,53.41,0,0,0,0,ATB_46_2026-08-05.csv
2026-07-05T14:56:17Z,59,OTICE_v5_LoRA,1,25.02,61.01,0,0,0,0,ATB_59_2026-08-05.csv
2026-07-05T14:56:37Z,46_out,OTICE_v5_LoRA,0,24.58,53.41,0,0,0,0,ATB_46_2026-08-05.csv
2026-07-05T14:56:38Z,47,OTICE_v5_LoRA,101,25.11,63.89,564.67,564.67,26.65,0,ATB_47_2026-08-05.csv
2026-07-05T14:56:40Z,54,OTICE_v5_LoRA,0,25.11,59.69,575.41,575.41,26.68,0,ATB_54_2026-08-05.csv
2026-07-05T14:56:59Z,55,OTICE_v5_LoRA,0,0,0,468.86,468.86,26.56,0,ATB_55_2026-08-05.csv
2026-07-05T14:57:07Z,46_out,OTICE_v5_LoRA,0,24.57,53.41,0,0,0,0,ATB_46_2026-08-05.csv
2026-07-05T14:57:17Z,59,OTICE_v5_LoRA,1,25.02,60.91,0,0,0,0,ATB_59_2026-08-05.csv
2026-07-05T14:57:37Z,46_out,OTICE_v5_LoRA,0,24.57,53.41,0,0,0,0,ATB_46_2026-08-05.csv
2026-07-05T14:57:38Z,47,OTICE_v5_LoRA,106,25.12,63.79,564.7,564.7,26.63,0,ATB_47_2026-08-05.csv
2026-07-05T14:57:40Z,54,OTICE_v5_LoRA,0,25.11,59.59,574.71,574.71,26.68,0,ATB_54_2026-08-05.csv
2026-07-05T14:58:00Z,55,OTICE_v5_LoRA,0,0,0,474.02,474.02,26.59,0,ATB_55_2026-08-05.csv
2026-07-05T14:58:08Z,46_out,OTICE_v5_LoRA,0,24.58,53.41,0,0,0,0,ATB_46_2026-08-05.csv
2026-07-05T14:58:17Z,59,OTICE_v5_LoRA,10,25.02,60.91,0,0,0,0,ATB_59_2026-08-05.csv
2026-07-05T14:58:38Z,46_out,OTICE_v5_LoRA,0,24.58,53.41,0,0,0,0,ATB_46_2026-08-05.csv
2026-07-05T14:58:38Z,47,OTICE_v5_LoRA,112,25.14,63.76,561.77,561.77,26.63,0,ATB_47_2026-08-05.csv
2026-07-05T14:58:40Z,54,OTICE_v5_LoRA,0,25.11,59.59,574.19,574.19,26.71,0,ATB_54_2026-08-05.csv
2026-07-05T14:59:00Z,55,OTICE_v5_LoRA,0,0,0,474.05,474.05,26.59,0,ATB_55_2026-08-05.csv
2026-07-05T14:59:08Z,46_out,OTICE_v5_LoRA,0,24.58,53.41,0,0,0,0,ATB_46_2026-08-05.csv
2026-07-05T14:59:17Z,59,OTICE_v5_LoRA,4,25.04,60.91,0,0,0,0,ATB_59_2026-08-05.csv
2026-07-05T14:59:38Z,46_out,OTICE_v5_LoRA,0,24.57,53.41,0,0,0,0,ATB_46_2026-08-05.csv
2026-07-05T14:59:38Z,47,OTICE_v5_LoRA,108,25.14,63.76,559.62,559.62,26.6,0,ATB_47_2026-08-05.csv
2026-07-05T14:59:41Z,54,OTICE_v5_LoRA,0,25.13,59.59,577.8,577.8,26.69,0,ATB_54_2026-08-05.csv
2026-07-05T15:00:00Z,55,OTICE_v5_LoRA,0,0,0,473.43,473.43,26.57,0,ATB_55_2026-08-05.csv
2026-07-05T15:00:08Z,46_out,OTICE_v5_LoRA,0,24.58,53.41,0,0,0,0,ATB_46_2026-08-05.csv
2026-07-05T15:00:17Z,59,OTICE_v5_LoRA,1,25.02,60.91,0,0,0,0,ATB_59_2026-08-05.csv
2026-07-05T15:00:38Z,46_out,OTICE_v5_LoRA,0,24.58,53.41,0,0,0,0,ATB_46_2026-08-05.csv
2026-07-05T15:00:38Z,47,OTICE_v5_LoRA,108,25.12,63.89,560.06,560.06,26.63,0,ATB_47_2026-08-05.csv
2026-07-05T15:00:41Z,54,OTICE_v5_LoRA,0,25.11,59.69,576.98,576.98,26.71,0,ATB_54_2026-08-05.csv
2026-07-05T15:01:00Z,55,OTICE_v5_LoRA,0,0,0,474.28,474.28,26.62,0,ATB_55_2026-08-05.csv
2026-07-05T15:01:08Z,46_out,OTICE_v5_LoRA,0,24.57,53.41,0,0,0,0,ATB_46_2026-08-05.csv
2026-07-05T15:01:18Z,59,OTICE_v5_LoRA,6,25.02,60.91,0,0,0,0,ATB_59_2026-08-05.csv
2026-07-05T15:01:38Z,46_out,OTICE_v5_LoRA,0,24.58,53.31,0,0,0,0,ATB_46_2026-08-05.csv
2026-07-05T15:01:38Z,47,OTICE_v5_LoRA,108,25.14,63.76,559.56,559.56,26.66,0,ATB_47_2026-08-05.csv
2026-07-05T15:01:41Z,54,OTICE_v5_LoRA,0,25.11,59.59,578.72,578.72,26.71,0,ATB_54_2026-08-05.csv
2026-07-05T15:02:00Z,55,OTICE_v5_LoRA,0,0,0,473.07,473.07,26.63,0,ATB_55_2026-08-05.csv
2026-07-05T15:02:08Z,46_out,OTICE_v5_LoRA,0,24.58,53.41,0,0,0,0,ATB_46_2026-08-05.csv
2026-07-05T15:02:18Z,59,OTICE_v5_LoRA,4,25.04,60.91,0,0,0,0,ATB_59_2026-08-05.csv
2026-07-05T15:02:38Z,46_out,OTICE_v5_LoRA,0,24.58,53.31,0,0,0,0,ATB_46_2026-08-05.csv
2026-07-05T15:02:38Z,47,OTICE_v5_LoRA,107,25.14,63.76,561.06,561.06,26.66,0,ATB_47_2026-08-05.csv
2026-07-05T15:02:41Z,54,OTICE_v5_LoRA,0,25.11,59.59,579.53,579.53,26.68,0,ATB_54_2026-08-05.csv
2026-07-05T15:03:00Z,55,OTICE_v5_LoRA,0,0,0,471.54,471.54,26.62,0,ATB_55_2026-08-05.csv
2026-07-05T15:03:08Z,46_out,OTICE_v5_LoRA,0,24.6,53.41,0,0,0,0,ATB_46_2026-08-05.csv
2026-07-05T15:03:18Z,59,OTICE_v5_LoRA,5,25.04,60.91,0,0,0,0,ATB_59_2026-08-05.csv
2026-07-05T15:03:38Z,47,OTICE_v5_LoRA,107,25.14,63.86,560.44,560.44,26.65,0,ATB_47_2026-08-05.csv
2026-07-05T15:03:39Z,46_out,OTICE_v5_LoRA,0,24.58,53.31,0,0,0,0,ATB_46_2026-08-05.csv
2026-07-05T15:03:41Z,54,OTICE_v5_LoRA,0,25.11,59.59,577.93,577.93,26.69,0,ATB_54_2026-08-05.csv
2026-07-05T15:04:00Z,55,OTICE_v5_LoRA,0,0,0,474.07,474.07,26.62,0,ATB_55_2026-08-05.csv
2026-07-05T15:04:09Z,46_out,OTICE_v5_LoRA,0,24.58,53.41,0,0,0,0,ATB_46_2026-08-05.csv
2026-07-05T15:04:18Z,59,OTICE_v5_LoRA,6,25.02,60.91,0,0,0,0,ATB_59_2026-08-05.csv
2026-07-05T15:04:38Z,47,OTICE_v5_LoRA,106,25.14,63.76,561.91,561.91,26.68,0,ATB_47_2026-08-05.csv
2026-07-05T15:04:39Z,46_out,OTICE_v5_LoRA,0,24.6,53.31,0,0,0,0,ATB_46_2026-08-05.csv
2026-07-05T15:04:41Z,54,OTICE_v5_LoRA,0,25.13,59.59,577.9,577.9,26.72,0,ATB_54_2026-08-05.csv
2026-07-05T15:05:00Z,55,OTICE_v5_LoRA,0,0,0,472.24,472.24,26.64,0,ATB_55_2026-08-05.csv
2026-07-05T15:05:09Z,46_out,OTICE_v5_LoRA,0,24.6,53.31,0,0,0,0,ATB_46_2026-08-05.csv
2026-07-05T15:05:18Z,59,OTICE_v5_LoRA,1,25.02,60.91,0,0,0,0,ATB_59_2026-08-05.csv
2026-07-05T15:05:38Z,47,OTICE_v5_LoRA,106,25.14,63.76,559.9,559.9,26.65,0,ATB_47_2026-08-05.csv
2026-07-05T15:05:39Z,46_out,OTICE_v5_LoRA,0,24.61,53.31,0,0,0,0,ATB_46_2026-08-05.csv
2026-07-05T15:05:41Z,54,OTICE_v5_LoRA,0,25.13,59.59,578.33,578.33,26.69,0,ATB_54_2026-08-05.csv
2026-07-05T15:06:00Z,55,OTICE_v5_LoRA,49152,0,0,473.56,473.56,26.62,0,ATB_55_2026-08-05.csv
2026-07-05T15:06:09Z,46_out,OTICE_v5_LoRA,0,24.61,53.31,0,0,0,0,ATB_46_2026-08-05.csv
2026-07-05T15:06:18Z,59,OTICE_v5_LoRA,5,25.02,60.91,0,0,0,0,ATB_59_2026-08-05.csv
2026-07-05T15:06:38Z,47,OTICE_v5_LoRA,109,25.14,63.76,560.95,560.95,26.66,0,ATB_47_2026-08-05.csv
2026-07-05T15:06:39Z,46_out,OTICE_v5_LoRA,0,24.61,53.31,0,0,0,0,ATB_46_2026-08-05.csv
2026-07-05T15:06:41Z,54,OTICE_v5_LoRA,0,25.11,59.59,579.29,579.29,26.69,0,ATB_54_2026-08-05.csv
2026-07-05T15:07:00Z,55,OTICE_v5_LoRA,49152,0,0,473.89,473.89,26.62,0,ATB_55_2026-08-05.csv
2026-07-05T15:07:09Z,46_out,OTICE_v5_LoRA,0,24.61,53.31,0,0,0,0,ATB_46_2026-08-05.csv
2026-07-05T15:07:18Z,59,OTICE_v5_LoRA,8,25.02,60.91,0,0,0,0,ATB_59_2026-08-05.csv
2026-07-05T15:07:39Z,46_out,OTICE_v5_LoRA,0,24.61,53.31,0,0,0,0,ATB_46_2026-08-05.csv
2026-07-05T15:07:39Z,47,OTICE_v5_LoRA,105,25.14,63.76,561.52,561.52,26.66,0,ATB_47_2026-08-05.csv
2026-07-05T15:07:41Z,54,OTICE_v5_LoRA,0,25.11,59.59,579.03,579.03,26.71,0,ATB_54_2026-08-05.csv
2026-07-05T15:08:00Z,55,OTICE_v5_LoRA,49152,0,0,476.58,476.58,26.63,0,ATB_55_2026-08-05.csv
2026-07-05T15:08:09Z,46_out,OTICE_v5_LoRA,0,24.61,53.31,0,0,0,0,ATB_46_2026-08-05.csv
2026-07-05T15:08:18Z,59,OTICE_v5_LoRA,3,25.02,60.91,0,0,0,0,ATB_59_2026-08-05.csv
2026-07-05T15:08:39Z,46_out,OTICE_v5_LoRA,0,24.61,53.31,0,0,0,0,ATB_46_2026-08-05.csv
2026-07-05T15:08:39Z,47,OTICE_v5_LoRA,107,25.14,63.76,560.68,560.68,26.69,0,ATB_47_2026-08-05.csv
2026-07-05T15:08:41Z,54,OTICE_v5_LoRA,0,25.11,59.59,580.21,580.21,26.69,0,ATB_54_2026-08-05.csv
2026-07-05T15:09:00Z,55,OTICE_v5_LoRA,49152,0,0,477.97,477.97,26.64,0,ATB_55_2026-08-05.csv
2026-07-05T15:09:10Z,46_out,OTICE_v5_LoRA,0,24.6,53.31,0,0,0,0,ATB_46_2026-08-05.csv
2026-07-05T15:09:18Z,59,OTICE_v5_LoRA,5,25.05,60.81,0,0,0,0,ATB_59_2026-08-05.csv
2026-07-05T15:09:39Z,47,OTICE_v5_LoRA,103,25.15,63.66,561.41,561.41,26.69,0,ATB_47_2026-08-05.csv
2026-07-05T15:09:40Z,46_out,OTICE_v5_LoRA,0,24.61,53.21,0,0,0,0,ATB_46_2026-08-05.csv
2026-07-05T15:09:41Z,54,OTICE_v5_LoRA,0,25.11,59.49,583.36,583.36,26.72,0,ATB_54_2026-08-05.csv
2026-07-05T15:10:00Z,55,OTICE_v5_LoRA,49152,0,0,481.56,481.56,26.63,0,ATB_55_2026-08-05.csv
2026-07-05T15:10:10Z,46_out,OTICE_v5_LoRA,0,24.61,53.21,0,0,0,0,ATB_46_2026-08-05.csv
2026-07-05T15:10:18Z,59,OTICE_v5_LoRA,6,25.05,60.71,0,0,0,0,ATB_59_2026-08-05.csv
2026-07-05T15:10:39Z,47,OTICE_v5_LoRA,102,25.18,63.66,559.13,559.13,26.69,0,ATB_47_2026-08-05.csv
2026-07-05T15:10:40Z,46_out,OTICE_v5_LoRA,0,24.61,53.11,0,0,0,0,ATB_46_2026-08-05.csv
2026-07-05T15:10:41Z,54,OTICE_v5_LoRA,0,25.13,59.49,584.27,584.27,26.71,0,ATB_54_2026-08-05.csv
2026-07-05T15:11:00Z,55,OTICE_v5_LoRA,255,0,0,482.06,482.06,26.64,0,ATB_55_2026-08-05.csv
2026-07-05T15:11:10Z,46_out,OTICE_v5_LoRA,0,24.61,53.11,0,0,0,0,ATB_46_2026-08-05.csv
2026-07-05T15:11:18Z,59,OTICE_v5_LoRA,0,25.07,60.71,0,0,0,0,ATB_59_2026-08-05.csv
2026-07-05T15:11:39Z,47,OTICE_v5_LoRA,107,25.16,63.66,558.79,558.79,26.73,0,ATB_47_2026-08-05.csv
2026-07-05T15:11:40Z,46_out,OTICE_v5_LoRA,0,24.61,53.11,0,0,0,0,ATB_46_2026-08-05.csv
2026-07-05T15:11:41Z,54,OTICE_v5_LoRA,0,25.13,59.49,584.26,584.26,26.72,0,ATB_54_2026-08-05.csv
2026-07-05T15:12:01Z,55,OTICE_v5_LoRA,255,0,0,479.73,479.73,26.63,0,ATB_55_2026-08-05.csv
2026-07-05T15:12:10Z,46_out,OTICE_v5_LoRA,0,24.62,53.11,0,0,0,0,ATB_46_2026-08-05.csv
2026-07-05T15:12:19Z,59,OTICE_v5_LoRA,5,25.05,60.71,0,0,0,0,ATB_59_2026-08-05.csv
2026-07-05T15:12:39Z,47,OTICE_v5_LoRA,101,25.16,63.46,561.45,561.45,26.63,0,ATB_47_2026-08-05.csv
2026-07-05T15:12:40Z,46_out,OTICE_v5_LoRA,0,24.61,53.11,0,0,0,0,ATB_46_2026-08-05.csv
2026-07-05T15:12:41Z,54,OTICE_v5_LoRA,0,25.13,59.29,583.67,583.67,26.65,0,ATB_54_2026-08-05.csv
2026-07-05T15:13:00Z,55,OTICE_v5_LoRA,255,0,0,480.87,480.87,26.6,0,ATB_55_2026-08-05.csv
2026-07-05T15:13:10Z,46_out,OTICE_v5_LoRA,0,24.61,53.11,0,0,0,0,ATB_46_2026-08-05.csv
2026-07-05T15:13:19Z,59,OTICE_v5_LoRA,0,25.07,60.21,0,0,0,0,ATB_59_2026-08-05.csv
2026-07-05T15:13:39Z,47,OTICE_v5_LoRA,105,25.21,62.87,557.98,557.98,26.48,0,ATB_47_2026-08-05.csv
2026-07-05T15:13:40Z,46_out,OTICE_v5_LoRA,0,24.62,53.11,0,0,0,0,ATB_46_2026-08-05.csv
2026-07-05T15:13:41Z,54,OTICE_v5_LoRA,0,25.16,58.69,581.76,581.76,26.56,0,ATB_54_2026-08-05.csv
2026-07-05T15:14:01Z,55,OTICE_v5_LoRA,255,0,0,478.22,478.22,26.57,0,ATB_55_2026-08-05.csv
2026-07-05T15:14:10Z,46_out,OTICE_v5_LoRA,0,24.64,53.11,0,0,0,0,ATB_46_2026-08-05.csv
2026-07-05T15:14:19Z,59,OTICE_v5_LoRA,1,25.08,60.11,0,0,0,0,ATB_59_2026-08-05.csv
2026-07-05T15:14:39Z,47,OTICE_v5_LoRA,96,25.23,62.87,556.26,556.26,26.46,0,ATB_47_2026-08-05.csv
2026-07-05T15:14:40Z,46_out,OTICE_v5_LoRA,0,24.64,53.11,0,0,0,0,ATB_46_2026-08-05.csv
2026-07-05T15:14:42Z,54,OTICE_v5_LoRA,0,25.19,59.09,581.43,581.43,26.59,0,ATB_54_2026-08-05.csv
2026-07-05T15:15:01Z,55,OTICE_v5_LoRA,255,0,0,478.64,478.64,26.56,0,ATB_55_2026-08-05.csv
2026-07-05T15:15:11Z,46_out,OTICE_v5_LoRA,0,24.64,53.31,0,0,0,0,ATB_46_2026-08-05.csv
2026-07-05T15:15:19Z,59,OTICE_v5_LoRA,5,25.08,60.51,0,0,0,0,ATB_59_2026-08-05.csv
2026-07-05T15:15:39Z,47,OTICE_v5_LoRA,97,25.24,62.96,554.99,554.99,26.43,0,ATB_47_2026-08-05.csv
2026-07-05T15:15:42Z,54,OTICE_v5_LoRA,0,25.19,58.99,580.7,580.7,26.55,0,ATB_54_2026-08-05.csv
2026-07-05T15:16:01Z,55,OTICE_v5_LoRA,255,0,0,480.25,480.25,26.52,0,ATB_55_2026-08-05.csv
2026-07-05T15:16:04Z,46_out,OTICE_v5_LoRA,0,24.65,53.41,0,0,0,0,ATB_46_2026-08-05.csv
2026-07-05T15:16:19Z,59,OTICE_v5_LoRA,0,25.08,60.11,0,0,0,0,ATB_59_2026-08-05.csv
2026-07-05T15:16:34Z,46_out,OTICE_v5_LoRA,0,24.64,53.5,0,0,0,0,ATB_46_2026-08-05.csv
2026-07-05T15:16:39Z,47,OTICE_v5_LoRA,91,25.26,62.57,555.63,555.63,26.42,0,ATB_47_2026-08-05.csv
2026-07-05T15:16:42Z,54,OTICE_v5_LoRA,0,25.25,58.5,579.38,579.38,26.54,0,ATB_54_2026-08-05.csv
2026-07-05T15:17:01Z,55,OTICE_v5_LoRA,255,0,0,479.14,479.14,26.5,0,ATB_55_2026-08-05.csv
2026-07-05T15:17:04Z,46_out,OTICE_v5_LoRA,0,24.64,53.41,0,0,0,0,ATB_46_2026-08-05.csv
2026-07-05T15:17:34Z,46_out,OTICE_v5_LoRA,0,24.65,53.5,0,0,0,0,ATB_46_2026-08-05.csv
2026-07-05T15:17:39Z,47,OTICE_v5_LoRA,91,25.27,62.76,555.2,555.2,26.42,0,ATB_47_2026-08-05.csv
2026-07-05T15:17:42Z,54,OTICE_v5_LoRA,0,25.25,58.79,580.2,580.2,26.54,0,ATB_54_2026-08-05.csv
2026-07-05T15:18:01Z,55,OTICE_v5_LoRA,255,0,0,479.59,479.59,26.52,0,ATB_55_2026-08-05.csv
2026-07-05T15:18:04Z,46_out,OTICE_v5_LoRA,0,24.65,53.61,0,0,0,0,ATB_46_2026-08-05.csv
2026-07-05T15:18:17Z,59,OTICE_v5_LoRA,1,25.12,60.21,0,0,0,0,ATB_59_2026-08-05.csv
2026-07-05T15:18:34Z,46_out,OTICE_v5_LoRA,0,24.65,53.5,0,0,0,0,ATB_46_2026-08-05.csv
2026-07-05T15:18:39Z,47,OTICE_v5_LoRA,93,25.26,62.87,551.62,551.62,26.41,0,ATB_47_2026-08-05.csv
2026-07-05T15:18:42Z,54,OTICE_v5_LoRA,0,25.23,58.69,579.81,579.81,26.51,0,ATB_54_2026-08-05.csv
2026-07-05T15:19:01Z,55,OTICE_v5_LoRA,255,0,0,479.13,479.13,26.5,0,ATB_55_2026-08-05.csv
2026-07-05T15:19:04Z,46_out,OTICE_v5_LoRA,0,24.64,53.61,0,0,0,0,ATB_46_2026-08-05.csv
2026-07-05T15:19:17Z,59,OTICE_v5_LoRA,1,25.08,60.11,0,0,0,0,ATB_59_2026-08-05.csv
2026-07-05T15:19:34Z,46_out,OTICE_v5_LoRA,0,24.64,53.61,0,0,0,0,ATB_46_2026-08-05.csv
2026-07-05T15:19:39Z,47,OTICE_v5_LoRA,93,25.24,62.76,553.37,553.37,26.39,0,ATB_47_2026-08-05.csv
2026-07-05T15:19:42Z,54,OTICE_v5_LoRA,0,25.21,58.59,586.43,586.43,26.49,0,ATB_54_2026-08-05.csv
2026-07-05T15:20:01Z,55,OTICE_v5_LoRA,255,0,0,478,478,26.5,0,ATB_55_2026-08-05.csv
2026-07-05T15:20:04Z,46_out,OTICE_v5_LoRA,0,24.64,53.5,0,0,0,0,ATB_46_2026-08-05.csv
2026-07-05T15:20:17Z,59,OTICE_v5_LoRA,0,25.08,60.11,0,0,0,0,ATB_59_2026-08-05.csv
2026-07-05T15:20:35Z,46_out,OTICE_v5_LoRA,0,24.64,53.5,0,0,0,0,ATB_46_2026-08-05.csv
2026-07-05T15:20:39Z,47,OTICE_v5_LoRA,90,25.23,62.67,552.03,552.03,26.36,0,ATB_47_2026-08-05.csv
2026-07-05T15:20:42Z,54,OTICE_v5_LoRA,0,25.23,58.5,582.93,582.93,26.49,0,ATB_54_2026-08-05.csv
2026-07-05T15:21:01Z,55,OTICE_v5_LoRA,255,0,0,478.57,478.57,26.46,0,ATB_55_2026-08-05.csv
2026-07-05T15:21:05Z,46_out,OTICE_v5_LoRA,0,24.64,53.61,0,0,0,0,ATB_46_2026-08-05.csv
2026-07-05T15:21:17Z,59,OTICE_v5_LoRA,0,25.08,59.91,0,0,0,0,ATB_59_2026-08-05.csv
2026-07-05T15:21:35Z,46_out,OTICE_v5_LoRA,0,24.65,53.61,0,0,0,0,ATB_46_2026-08-05.csv
2026-07-05T15:21:39Z,47,OTICE_v5_LoRA,93,25.21,62.46,550.32,550.32,26.29,0,ATB_47_2026-08-05.csv
2026-07-05T15:21:42Z,54,OTICE_v5_LoRA,0,25.23,58.39,583.41,583.41,26.44,0,ATB_54_2026-08-05.csv
2026-07-05T15:22:01Z,55,OTICE_v5_LoRA,255,0,0,479.2,479.2,26.49,0,ATB_55_2026-08-05.csv
2026-07-05T15:22:05Z,46_out,OTICE_v5_LoRA,0,24.65,53.5,0,0,0,0,ATB_46_2026-08-05.csv
2026-07-05T15:22:17Z,59,OTICE_v5_LoRA,0,25.08,59.91,0,0,0,0,ATB_59_2026-08-05.csv
2026-07-05T15:22:35Z,46_out,OTICE_v5_LoRA,0,24.64,53.61,0,0,0,0,ATB_46_2026-08-05.csv
2026-07-05T15:22:40Z,47,OTICE_v5_LoRA,90,25.24,62.67,549.74,549.74,26.38,0,ATB_47_2026-08-05.csv
2026-07-05T15:22:42Z,54,OTICE_v5_LoRA,0,25.23,58.79,583.54,583.54,26.52,0,ATB_54_2026-08-05.csv
2026-07-05T15:23:01Z,55,OTICE_v5_LoRA,255,0,0,478.62,478.62,26.49,0,ATB_55_2026-08-05.csv
2026-07-05T15:23:05Z,46_out,OTICE_v5_LoRA,0,24.64,53.5,0,0,0,0,ATB_46_2026-08-05.csv
2026-07-05T15:23:17Z,59,OTICE_v5_LoRA,0,25.07,60.21,0,0,0,0,ATB_59_2026-08-05.csv
2026-07-05T15:23:35Z,46_out,OTICE_v5_LoRA,0,24.64,53.61,0,0,0,0,ATB_46_2026-08-05.csv
2026-07-05T15:23:40Z,47,OTICE_v5_LoRA,88,25.24,62.76,549.64,549.64,26.36,0,ATB_47_2026-08-05.csv
2026-07-05T15:23:42Z,54,OTICE_v5_LoRA,0,25.25,58.59,585.13,585.13,26.46,0,ATB_54_2026-08-05.csv
2026-07-05T15:24:05Z,46_out,OTICE_v5_LoRA,0,24.62,53.5,0,0,0,0,ATB_46_2026-08-05.csv
2026-07-05T15:24:17Z,59,OTICE_v5_LoRA,2,25.07,60.11,0,0,0,0,ATB_59_2026-08-05.csv
2026-07-05T15:24:35Z,46_out,OTICE_v5_LoRA,0,24.64,53.5,0,0,0,0,ATB_46_2026-08-05.csv
2026-07-05T15:24:40Z,47,OTICE_v5_LoRA,93,25.23,62.87,548.33,548.33,26.41,0,ATB_47_2026-08-05.csv
2026-07-05T15:24:42Z,54,OTICE_v5_LoRA,0,25.25,58.89,585.14,585.14,26.55,0,ATB_54_2026-08-05.csv
2026-07-05T15:25:05Z,46_out,OTICE_v5_LoRA,0,24.62,53.61,0,0,0,0,ATB_46_2026-08-05.csv
2026-07-05T15:25:11Z,55,OTICE_v5_LoRA,0,0,0,471.65,471.65,26.44,0,ATB_55_2026-08-05.csv
2026-07-05T15:25:17Z,59,OTICE_v5_LoRA,0,25.07,60.21,0,0,0,0,ATB_59_2026-08-05.csv
2026-07-05T15:25:36Z,46_out,OTICE_v5_LoRA,0,24.62,53.5,0,0,0,0,ATB_46_2026-08-05.csv
2026-07-05T15:25:40Z,47,OTICE_v5_LoRA,92,25.23,62.87,550.33,550.33,26.38,0,ATB_47_2026-08-05.csv
2026-07-05T15:25:42Z,54,OTICE_v5_LoRA,0,25.25,58.69,583.99,583.99,26.51,0,ATB_54_2026-08-05.csv
2026-07-05T15:26:06Z,46_out,OTICE_v5_LoRA,0,24.62,53.61,0,0,0,0,ATB_46_2026-08-05.csv
2026-07-05T15:26:11Z,55,OTICE_v5_LoRA,252,2.56,0,469.69,469.69,26.49,0,ATB_55_2026-08-05.csv
2026-07-05T15:26:17Z,59,OTICE_v5_LoRA,0,25.08,60.11,0,0,0,0,ATB_59_2026-08-05.csv
2026-07-05T15:26:36Z,46_out,OTICE_v5_LoRA,0,24.62,53.61,0,0,0,0,ATB_46_2026-08-05.csv
2026-07-05T15:26:40Z,47,OTICE_v5_LoRA,90,25.24,62.87,552.97,552.97,26.43,0,ATB_47_2026-08-05.csv
2026-07-05T15:26:43Z,54,OTICE_v5_LoRA,0,25.25,59.09,581.5,581.5,26.52,0,ATB_54_2026-08-05.csv
2026-07-05T15:27:06Z,46_out,OTICE_v5_LoRA,0,24.62,53.61,0,0,0,0,ATB_46_2026-08-05.csv
2026-07-05T15:27:11Z,55,OTICE_v5_LoRA,255,0,0,467.38,467.38,26.52,0,ATB_55_2026-08-05.csv
2026-07-05T15:27:18Z,59,OTICE_v5_LoRA,9,25.08,60.91,0,0,0,0,ATB_59_2026-08-05.csv
2026-07-05T15:27:36Z,46_out,OTICE_v5_LoRA,0,24.62,53.61,0,0,0,0,ATB_46_2026-08-05.csv
2026-07-05T15:27:40Z,47,OTICE_v5_LoRA,101,25.19,63.56,554.04,554.04,26.55,0,ATB_47_2026-08-05.csv
2026-07-05T15:27:43Z,54,OTICE_v5_LoRA,0,25.19,59.39,583.09,583.09,26.6,0,ATB_54_2026-08-05.csv
2026-07-05T15:28:06Z,46_out,OTICE_v5_LoRA,0,24.64,53.5,0,0,0,0,ATB_46_2026-08-05.csv
2026-07-05T15:28:11Z,55,OTICE_v5_LoRA,255,0,0,469.51,469.51,26.56,0,ATB_55_2026-08-05.csv
2026-07-05T15:28:18Z,59,OTICE_v5_LoRA,7,25.05,61.01,0,0,0,0,ATB_59_2026-08-05.csv
2026-07-05T15:28:36Z,46_out,OTICE_v5_LoRA,0,24.65,53.41,0,0,0,0,ATB_46_2026-08-05.csv
2026-07-05T15:28:40Z,47,OTICE_v5_LoRA,102,25.19,63.46,553.62,553.62,26.59,0,ATB_47_2026-08-05.csv
2026-07-05T15:28:43Z,54,OTICE_v5_LoRA,0,25.19,59.39,584.5,584.5,26.62,0,ATB_54_2026-08-05.csv
2026-07-05T15:29:06Z,46_out,OTICE_v5_LoRA,0,24.64,53.41,0,0,0,0,ATB_46_2026-08-05.csv
2026-07-05T15:29:11Z,55,OTICE_v5_LoRA,255,0,0,474.24,474.24,26.54,0,ATB_55_2026-08-05.csv
2026-07-05T15:29:18Z,59,OTICE_v5_LoRA,8,25.02,61.1,0,0,0,0,ATB_59_2026-08-05.csv
2026-07-05T15:29:36Z,46_out,OTICE_v5_LoRA,0,24.64,53.31,0,0,0,0,ATB_46_2026-08-05.csv
2026-07-05T15:29:40Z,47,OTICE_v5_LoRA,112,25.18,63.86,553.88,553.88,26.66,0,ATB_47_2026-08-05.csv
2026-07-05T15:29:43Z,54,OTICE_v5_LoRA,0,25.18,59.69,585.59,585.59,26.65,0,ATB_54_2026-08-05.csv
2026-07-05T15:30:06Z,46_out,OTICE_v5_LoRA,0,24.65,53.21,0,0,0,0,ATB_46_2026-08-05.csv
2026-07-05T15:30:11Z,55,OTICE_v5_LoRA,0,0,0,477.26,477.26,26.57,0,ATB_55_2026-08-05.csv
2026-07-05T15:30:18Z,59,OTICE_v5_LoRA,6,25.04,60.91,0,0,0,0,ATB_59_2026-08-05.csv
2026-07-05T15:30:36Z,46_out,OTICE_v5_LoRA,0,24.64,53.21,0,0,0,0,ATB_46_2026-08-05.csv
2026-07-05T15:30:40Z,47,OTICE_v5_LoRA,105,25.18,63.66,554.52,554.52,26.65,0,ATB_47_2026-08-05.csv
2026-07-05T15:30:43Z,54,OTICE_v5_LoRA,0,25.16,59.49,583.92,583.92,26.66,0,ATB_54_2026-08-05.csv
2026-07-05T15:31:06Z,46_out,OTICE_v5_LoRA,0,24.62,53.21,0,0,0,0,ATB_46_2026-08-05.csv
2026-07-05T15:31:11Z,55,OTICE_v5_LoRA,0,0,0,479.45,479.45,26.59,0,ATB_55_2026-08-05.csv
2026-07-05T15:31:18Z,59,OTICE_v5_LoRA,7,25.02,61.1,0,0,0,0,ATB_59_2026-08-05.csv
2026-07-05T15:31:37Z,46_out,OTICE_v5_LoRA,0,24.64,53.11,0,0,0,0,ATB_46_2026-08-05.csv
2026-07-05T15:31:40Z,47,OTICE_v5_LoRA,106,25.16,63.86,553.3,553.3,26.68,0,ATB_47_2026-08-05.csv
2026-07-05T15:31:43Z,54,OTICE_v5_LoRA,0,25.15,59.69,583.6,583.6,26.69,0,ATB_54_2026-08-05.csv
2026-07-05T15:32:07Z,46_out,OTICE_v5_LoRA,0,24.62,53.11,0,0,0,0,ATB_46_2026-08-05.csv
2026-07-05T15:32:11Z,55,OTICE_v5_LoRA,0,0,0,478.08,478.08,26.63,0,ATB_55_2026-08-05.csv
2026-07-05T15:32:18Z,59,OTICE_v5_LoRA,6,25.02,61.01,0,0,0,0,ATB_59_2026-08-05.csv
2026-07-05T15:32:37Z,46_out,OTICE_v5_LoRA,0,24.64,53.11,0,0,0,0,ATB_46_2026-08-05.csv
2026-07-05T15:32:40Z,47,OTICE_v5_LoRA,107,25.15,63.56,553.12,553.12,26.63,0,ATB_47_2026-08-05.csv
2026-07-05T15:32:43Z,54,OTICE_v5_LoRA,0,25.15,59.59,579.27,579.27,26.66,0,ATB_54_2026-08-05.csv
2026-07-05T15:33:07Z,46_out,OTICE_v5_LoRA,0,24.62,53.11,0,0,0,0,ATB_46_2026-08-05.csv
2026-07-05T15:33:11Z,55,OTICE_v5_LoRA,0,0,0,481.61,481.61,26.62,0,ATB_55_2026-08-05.csv
2026-07-05T15:33:18Z,59,OTICE_v5_LoRA,7,25.02,61.01,0,0,0,0,ATB_59_2026-08-05.csv
2026-07-05T15:33:37Z,46_out,OTICE_v5_LoRA,0,24.61,53.11,0,0,0,0,ATB_46_2026-08-05.csv
2026-07-05T15:33:40Z,47,OTICE_v5_LoRA,105,25.14,63.66,554.56,554.56,26.66,0,ATB_47_2026-08-05.csv
2026-07-05T15:33:43Z,54,OTICE_v5_LoRA,0,25.15,59.49,577.28,577.28,26.66,0,ATB_54_2026-08-05.csv
2026-07-05T15:34:07Z,46_out,OTICE_v5_LoRA,0,24.61,53.11,0,0,0,0,ATB_46_2026-08-05.csv
2026-07-05T15:34:11Z,55,OTICE_v5_LoRA,0,0,0,479.46,479.46,26.63,0,ATB_55_2026-08-05.csv
2026-07-05T15:34:18Z,59,OTICE_v5_LoRA,9,25.02,60.91,0,0,0,0,ATB_59_2026-08-05.csv
2026-07-05T15:34:37Z,46_out,OTICE_v5_LoRA,0,24.61,53.11,0,0,0,0,ATB_46_2026-08-05.csv
2026-07-05T15:34:41Z,47,OTICE_v5_LoRA,108,25.15,63.56,555.26,555.26,26.65,0,ATB_47_2026-08-05.csv
2026-07-05T15:34:43Z,54,OTICE_v5_LoRA,0,25.13,59.39,577.1,577.1,26.68,0,ATB_54_2026-08-05.csv
2026-07-05T15:35:07Z,46_out,OTICE_v5_LoRA,0,24.61,53.11,0,0,0,0,ATB_46_2026-08-05.csv
2026-07-05T15:35:12Z,55,OTICE_v5_LoRA,0,0,0,479.19,479.19,26.6,0,ATB_55_2026-08-05.csv
2026-07-05T15:35:18Z,59,OTICE_v5_LoRA,4,25.04,60.81,0,0,0,0,ATB_59_2026-08-05.csv
2026-07-05T15:35:37Z,46_out,OTICE_v5_LoRA,0,24.61,53.11,0,0,0,0,ATB_46_2026-08-05.csv
2026-07-05T15:35:41Z,47,OTICE_v5_LoRA,107,25.14,63.46,554.84,554.84,26.65,0,ATB_47_2026-08-05.csv
2026-07-05T15:35:43Z,54,OTICE_v5_LoRA,0,25.13,59.39,576.79,576.79,26.66,0,ATB_54_2026-08-05.csv
2026-07-05T15:36:07Z,46_out,OTICE_v5_LoRA,0,24.61,53.01,0,0,0,0,ATB_46_2026-08-05.csv
2026-07-05T15:36:11Z,55,OTICE_v5_LoRA,263,0,0,477.7,477.7,26.63,0,ATB_55_2026-08-05.csv
2026-07-05T15:36:18Z,59,OTICE_v5_LoRA,5,25.04,60.71,0,0,0,0,ATB_59_2026-08-05.csv
2026-07-05T15:36:37Z,46_out,OTICE_v5_LoRA,0,24.61,53.01,0,0,0,0,ATB_46_2026-08-05.csv
2026-07-05T15:37:08Z,46_out,OTICE_v5_LoRA,0,24.61,53.01,0,0,0,0,ATB_46_2026-08-05.csv
2026-07-05T15:37:12Z,55,OTICE_v5_LoRA,263,0,0,478.17,478.17,26.63,0,ATB_55_2026-08-05.csv
2026-07-05T15:37:18Z,59,OTICE_v5_LoRA,8,25.04,60.71,0,0,0,0,ATB_59_2026-08-05.csv
2026-07-05T15:37:38Z,46_out,OTICE_v5_LoRA,0,24.61,52.91,0,0,0,0,ATB_46_2026-08-05.csv
2026-07-05T15:37:40Z,47,OTICE_v5_LoRA,112,25.15,63.46,551.92,551.92,26.69,0,ATB_47_2026-08-05.csv
2026-07-05T15:37:42Z,54,OTICE_v5_LoRA,0,25.13,59.39,585.3,585.3,26.69,0,ATB_54_2026-08-05.csv
2026-07-05T15:38:08Z,46_out,OTICE_v5_LoRA,0,24.61,52.91,0,0,0,0,ATB_46_2026-08-05.csv
2026-07-05T15:38:12Z,55,OTICE_v5_LoRA,263,0,0,480.37,480.37,26.63,0,ATB_55_2026-08-05.csv
2026-07-05T15:38:18Z,59,OTICE_v5_LoRA,3,25.02,60.71,0,0,0,0,ATB_59_2026-08-05.csv
2026-07-05T15:38:38Z,46_out,OTICE_v5_LoRA,0,24.61,52.81,0,0,0,0,ATB_46_2026-08-05.csv
2026-07-05T15:38:40Z,47,OTICE_v5_LoRA,101,25.15,63.46,558.03,558.03,26.69,0,ATB_47_2026-08-05.csv
2026-07-05T15:38:42Z,54,OTICE_v5_LoRA,0,25.13,59.39,582.54,582.54,26.69,0,ATB_54_2026-08-05.csv
2026-07-05T15:39:08Z,46_out,OTICE_v5_LoRA,0,24.62,52.91,0,0,0,0,ATB_46_2026-08-05.csv
2026-07-05T15:39:12Z,55,OTICE_v5_LoRA,255,0,0,481,481,26.66,0,ATB_55_2026-08-05.csv
2026-07-05T15:39:18Z,59,OTICE_v5_LoRA,9,25.02,60.61,0,0,0,0,ATB_59_2026-08-05.csv
2026-07-05T15:39:38Z,46_out,OTICE_v5_LoRA,0,24.61,52.91,0,0,0,0,ATB_46_2026-08-05.csv
2026-07-05T15:39:40Z,47,OTICE_v5_LoRA,108,25.14,63.46,557.36,557.36,26.66,0,ATB_47_2026-08-05.csv
2026-07-05T15:39:42Z,54,OTICE_v5_LoRA,0,25.11,59.19,580.66,580.66,26.71,0,ATB_54_2026-08-05.csv
2026-07-05T15:40:08Z,46_out,OTICE_v5_LoRA,0,24.62,52.91,0,0,0,0,ATB_46_2026-08-05.csv
2026-07-05T15:40:12Z,55,OTICE_v5_LoRA,32768,0,0,480,480,26.63,0,ATB_55_2026-08-05.csv
2026-07-05T15:40:19Z,59,OTICE_v5_LoRA,5,25.04,60.51,0,0,0,0,ATB_59_2026-08-05.csv
2026-07-05T15:40:38Z,46_out,OTICE_v5_LoRA,0,24.62,52.91,0,0,0,0,ATB_46_2026-08-05.csv
2026-07-05T15:40:40Z,47,OTICE_v5_LoRA,107,25.15,63.36,560.38,560.38,26.69,0,ATB_47_2026-08-05.csv
2026-07-05T15:40:43Z,54,OTICE_v5_LoRA,0,25.13,59.19,581.33,581.33,26.68,0,ATB_54_2026-08-05.csv
2026-07-05T15:41:08Z,46_out,OTICE_v5_LoRA,0,24.62,52.91,0,0,0,0,ATB_46_2026-08-05.csv
2026-07-05T15:41:12Z,55,OTICE_v5_LoRA,240,0,0,480.22,480.22,26.66,0,ATB_55_2026-08-05.csv
2026-07-05T15:41:19Z,59,OTICE_v5_LoRA,2,25.04,60.51,0,0,0,0,ATB_59_2026-08-05.csv
2026-07-05T15:41:38Z,46_out,OTICE_v5_LoRA,0,24.62,52.91,0,0,0,0,ATB_46_2026-08-05.csv
2026-07-05T15:41:40Z,47,OTICE_v5_LoRA,104,25.15,63.36,560.48,560.48,26.68,0,ATB_47_2026-08-05.csv
2026-07-05T15:41:42Z,54,OTICE_v5_LoRA,0,25.13,59.19,580.11,580.11,26.69,0,ATB_54_2026-08-05.csv
2026-07-05T15:42:09Z,46_out,OTICE_v5_LoRA,0,24.62,52.81,0,0,0,0,ATB_46_2026-08-05.csv
2026-07-05T15:42:12Z,55,OTICE_v5_LoRA,240,0,0,483.91,483.91,26.64,0,ATB_55_2026-08-05.csv
2026-07-05T15:42:19Z,59,OTICE_v5_LoRA,4,25.04,60.41,0,0,0,0,ATB_59_2026-08-05.csv
2026-07-05T15:42:39Z,46_out,OTICE_v5_LoRA,0,24.64,52.81,0,0,0,0,ATB_46_2026-08-05.csv
2026-07-05T15:42:40Z,47,OTICE_v5_LoRA,107,25.15,63.36,559.22,559.22,26.71,0,ATB_47_2026-08-05.csv
2026-07-05T15:42:43Z,54,OTICE_v5_LoRA,0,25.13,59.29,579.29,579.29,26.69,0,ATB_54_2026-08-05.csv
2026-07-05T15:43:09Z,46_out,OTICE_v5_LoRA,0,24.62,52.81,0,0,0,0,ATB_46_2026-08-05.csv
2026-07-05T15:43:12Z,55,OTICE_v5_LoRA,240,0,0,488.31,488.31,26.64,0,ATB_55_2026-08-05.csv
2026-07-05T15:43:19Z,59,OTICE_v5_LoRA,6,25.04,60.51,0,0,0,0,ATB_59_2026-08-05.csv
2026-07-05T15:43:39Z,46_out,OTICE_v5_LoRA,0,24.64,52.81,0,0,0,0,ATB_46_2026-08-05.csv
2026-07-05T15:43:40Z,47,OTICE_v5_LoRA,105,25.15,63.46,558.73,558.73,26.71,0,ATB_47_2026-08-05.csv
2026-07-05T15:43:43Z,54,OTICE_v5_LoRA,0,25.11,59.19,582.57,582.57,26.71,0,ATB_54_2026-08-05.csv
2026-07-05T15:44:09Z,46_out,OTICE_v5_LoRA,0,24.62,52.81,0,0,0,0,ATB_46_2026-08-05.csv
2026-07-05T15:44:12Z,55,OTICE_v5_LoRA,240,0,0,487.53,487.53,26.63,0,ATB_55_2026-08-05.csv
2026-07-05T15:44:19Z,59,OTICE_v5_LoRA,6,25.02,60.51,0,0,0,0,ATB_59_2026-08-05.csv
2026-07-05T15:44:39Z,46_out,OTICE_v5_LoRA,0,24.64,52.81,0,0,0,0,ATB_46_2026-08-05.csv
2026-07-05T15:44:40Z,47,OTICE_v5_LoRA,105,25.15,63.36,559.93,559.93,26.71,0,ATB_47_2026-08-05.csv
2026-07-05T15:44:43Z,54,OTICE_v5_LoRA,0,25.11,59.19,581.07,581.07,26.68,0,ATB_54_2026-08-05.csv
2026-07-05T15:45:09Z,46_out,OTICE_v5_LoRA,0,24.62,52.81,0,0,0,0,ATB_46_2026-08-05.csv
2026-07-05T15:45:12Z,55,OTICE_v5_LoRA,240,0,0,486.54,486.54,26.63,0,ATB_55_2026-08-05.csv
2026-07-05T15:45:19Z,59,OTICE_v5_LoRA,7,25.01,60.41,0,0,0,0,ATB_59_2026-08-05.csv
2026-07-05T15:45:39Z,46_out,OTICE_v5_LoRA,0,24.64,52.81,0,0,0,0,ATB_46_2026-08-05.csv
2026-07-05T15:45:40Z,47,OTICE_v5_LoRA,101,25.14,63.36,562.05,562.05,26.71,0,ATB_47_2026-08-05.csv
2026-07-05T15:45:43Z,54,OTICE_v5_LoRA,0,25.13,59.09,581.85,581.85,26.71,0,ATB_54_2026-08-05.csv
2026-07-05T15:46:09Z,46_out,OTICE_v5_LoRA,0,24.64,52.81,0,0,0,0,ATB_46_2026-08-05.csv
2026-07-05T15:46:12Z,55,OTICE_v5_LoRA,240,0,0,485.34,485.34,26.64,0,ATB_55_2026-08-05.csv
2026-07-05T15:46:19Z,59,OTICE_v5_LoRA,0,25.04,60.41,0,0,0,0,ATB_59_2026-08-05.csv
2026-07-05T15:46:39Z,46_out,OTICE_v5_LoRA,0,24.64,52.81,0,0,0,0,ATB_46_2026-08-05.csv
2026-07-05T15:46:40Z,47,OTICE_v5_LoRA,108,25.15,63.36,561.04,561.04,26.71,0,ATB_47_2026-08-05.csv
2026-07-05T15:46:43Z,54,OTICE_v5_LoRA,0,25.11,59.09,580.41,580.41,26.71,0,ATB_54_2026-08-05.csv
2026-07-05T15:47:09Z,46_out,OTICE_v5_LoRA,0,24.64,52.81,0,0,0,0,ATB_46_2026-08-05.csv
2026-07-05T15:47:12Z,55,OTICE_v5_LoRA,240,0,0,487.35,487.35,26.66,0,ATB_55_2026-08-05.csv
2026-07-05T15:47:19Z,59,OTICE_v5_LoRA,4,25.04,60.41,0,0,0,0,ATB_59_2026-08-05.csv
2026-07-05T15:47:40Z,46_out,OTICE_v5_LoRA,0,24.62,52.71,0,0,0,0,ATB_46_2026-08-05.csv
2026-07-05T15:47:41Z,47,OTICE_v5_LoRA,109,25.14,63.46,558.92,558.92,26.72,0,ATB_47_2026-08-05.csv
2026-07-05T15:47:43Z,54,OTICE_v5_LoRA,0,25.11,59.09,581.13,581.13,26.69,0,ATB_54_2026-08-05.csv
2026-07-05T15:48:10Z,46_out,OTICE_v5_LoRA,0,24.62,52.71,0,0,0,0,ATB_46_2026-08-05.csv
2026-07-05T15:48:12Z,55,OTICE_v5_LoRA,65280,0,0,487.15,487.15,26.67,0,ATB_55_2026-08-05.csv
2026-07-05T15:48:19Z,59,OTICE_v5_LoRA,7,25.04,60.41,0,0,0,0,ATB_59_2026-08-05.csv
2026-07-05T15:48:40Z,46_out,OTICE_v5_LoRA,0,24.62,52.71,0,0,0,0,ATB_46_2026-08-05.csv
2026-07-05T15:48:41Z,47,OTICE_v5_LoRA,110,25.15,63.36,559.11,559.11,26.69,0,ATB_47_2026-08-05.csv
2026-07-05T15:48:43Z,54,OTICE_v5_LoRA,0,25.11,59.19,580.07,580.07,26.72,0,ATB_54_2026-08-05.csv
2026-07-05T15:49:10Z,46_out,OTICE_v5_LoRA,0,24.62,52.71,0,0,0,0,ATB_46_2026-08-05.csv
2026-07-05T15:49:12Z,55,OTICE_v5_LoRA,65280,0,0,483.46,483.46,26.69,0,ATB_55_2026-08-05.csv
2026-07-05T15:49:19Z,59,OTICE_v5_LoRA,7,25.04,60.41,0,0,0,0,ATB_59_2026-08-05.csv
2026-07-05T15:49:40Z,46_out,OTICE_v5_LoRA,0,24.64,52.71,0,0,0,0,ATB_46_2026-08-05.csv
2026-07-05T15:49:41Z,47,OTICE_v5_LoRA,111,25.16,63.36,558.74,558.74,26.69,0,ATB_47_2026-08-05.csv
2026-07-05T15:49:43Z,54,OTICE_v5_LoRA,0,25.11,59.09,578.98,578.98,26.68,0,ATB_54_2026-08-05.csv
2026-07-05T15:50:10Z,46_out,OTICE_v5_LoRA,0,24.64,52.71,0,0,0,0,ATB_46_2026-08-05.csv
2026-07-05T15:50:12Z,55,OTICE_v5_LoRA,65280,0,0,484,484,26.67,0,ATB_55_2026-08-05.csv
2026-07-05T15:50:20Z,59,OTICE_v5_LoRA,2,25.04,60.41,0,0,0,0,ATB_59_2026-08-05.csv
2026-07-05T15:50:40Z,46_out,OTICE_v5_LoRA,0,24.64,52.81,0,0,0,0,ATB_46_2026-08-05.csv
2026-07-05T15:50:41Z,47,OTICE_v5_LoRA,109,25.15,63.26,557.01,557.01,26.69,0,ATB_47_2026-08-05.csv
2026-07-05T15:50:43Z,54,OTICE_v5_LoRA,0,25.11,59.09,580.13,580.13,26.71,0,ATB_54_2026-08-05.csv
2026-07-05T15:51:10Z,46_out,OTICE_v5_LoRA,0,24.64,52.81,0,0,0,0,ATB_46_2026-08-05.csv
2026-07-05T15:51:13Z,55,OTICE_v5_LoRA,512,0,0,481.05,481.05,26.67,0,ATB_55_2026-08-05.csv
2026-07-05T15:51:20Z,59,OTICE_v5_LoRA,2,25.05,60.31,0,0,0,0,ATB_59_2026-08-05.csv
2026-07-05T15:51:40Z,46_out,OTICE_v5_LoRA,0,24.64,52.81,0,0,0,0,ATB_46_2026-08-05.csv
2026-07-05T15:51:41Z,47,OTICE_v5_LoRA,107,25.15,63.36,559.03,559.03,26.68,0,ATB_47_2026-08-05.csv
2026-07-05T15:51:43Z,54,OTICE_v5_LoRA,0,25.13,58.99,579.11,579.11,26.71,0,ATB_54_2026-08-05.csv
2026-07-05T15:52:10Z,46_out,OTICE_v5_LoRA,0,24.62,52.71,0,0,0,0,ATB_46_2026-08-05.csv
2026-07-05T15:52:13Z,55,OTICE_v5_LoRA,0,0,0,480.47,480.47,26.67,0,ATB_55_2026-08-05.csv
2026-07-05T15:52:20Z,59,OTICE_v5_LoRA,6,25.07,60.21,0,0,0,0,ATB_59_2026-08-05.csv
2026-07-05T15:52:40Z,46_out,OTICE_v5_LoRA,0,24.62,52.81,0,0,0,0,ATB_46_2026-08-05.csv
2026-07-05T15:52:41Z,47,OTICE_v5_LoRA,106,25.14,63.26,560.54,560.54,26.68,0,ATB_47_2026-08-05.csv
2026-07-05T15:52:43Z,54,OTICE_v5_LoRA,0,25.11,58.99,580.16,580.16,26.68,0,ATB_54_2026-08-05.csv
2026-07-05T15:53:11Z,46_out,OTICE_v5_LoRA,0,24.64,52.81,0,0,0,0,ATB_46_2026-08-05.csv
2026-07-05T15:53:13Z,55,OTICE_v5_LoRA,0,0,0,483.27,483.27,26.66,0,ATB_55_2026-08-05.csv
2026-07-05T15:53:20Z,59,OTICE_v5_LoRA,5,25.05,60.31,0,0,0,0,ATB_59_2026-08-05.csv
2026-07-05T15:53:41Z,46_out,OTICE_v5_LoRA,0,24.64,52.51,0,0,0,0,ATB_46_2026-08-05.csv
2026-07-05T15:53:41Z,47,OTICE_v5_LoRA,106,25.12,63,562.71,562.71,26.52,0,ATB_47_2026-08-05.csv
2026-07-05T15:53:43Z,54,OTICE_v5_LoRA,0,25.11,58.69,579.46,579.46,26.59,0,ATB_54_2026-08-05.csv
2026-07-05T15:54:11Z,46_out,OTICE_v5_LoRA,0,24.62,52.71,0,0,0,0,ATB_46_2026-08-05.csv
2026-07-05T15:54:13Z,55,OTICE_v5_LoRA,0,0,0,483.76,483.76,26.62,0,ATB_55_2026-08-05.csv
2026-07-05T15:54:20Z,59,OTICE_v5_LoRA,0,25.02,59.82,0,0,0,0,ATB_59_2026-08-05.csv
2026-07-05T15:54:41Z,46_out,OTICE_v5_LoRA,0,24.64,52.71,0,0,0,0,ATB_46_2026-08-05.csv
2026-07-05T15:54:41Z,47,OTICE_v5_LoRA,99,25.16,62.57,557.81,557.81,26.46,0,ATB_47_2026-08-05.csv
2026-07-05T15:54:43Z,54,OTICE_v5_LoRA,0,25.16,58.39,575.79,575.79,26.49,0,ATB_54_2026-08-05.csv
2026-07-05T15:55:11Z,46_out,OTICE_v5_LoRA,0,24.64,52.61,0,0,0,0,ATB_46_2026-08-05.csv
2026-07-05T15:55:13Z,55,OTICE_v5_LoRA,0,0,0,483.13,483.13,26.57,0,ATB_55_2026-08-05.csv
2026-07-05T15:55:20Z,59,OTICE_v5_LoRA,0,25.05,59.72,0,0,0,0,ATB_59_2026-08-05.csv
2026-07-05T15:55:41Z,46_out,OTICE_v5_LoRA,0,24.64,52.71,0,0,0,0,ATB_46_2026-08-05.csv
2026-07-05T15:55:41Z,47,OTICE_v5_LoRA,98,25.16,62.46,556.99,556.99,26.41,0,ATB_47_2026-08-05.csv
2026-07-05T15:55:43Z,54,OTICE_v5_LoRA,0,25.19,58.5,572.83,572.83,26.52,0,ATB_54_2026-08-05.csv
2026-07-05T15:56:11Z,46_out,OTICE_v5_LoRA,0,24.65,52.81,0,0,0,0,ATB_46_2026-08-05.csv
2026-07-05T15:56:13Z,55,OTICE_v5_LoRA,0,0,0,480.52,480.52,26.57,0,ATB_55_2026-08-05.csv
2026-07-05T15:56:20Z,59,OTICE_v5_LoRA,1,25.05,59.91,0,0,0,0,ATB_59_2026-08-05.csv
2026-07-05T15:56:41Z,46_out,OTICE_v5_LoRA,0,24.67,52.81,0,0,0,0,ATB_46_2026-08-05.csv
2026-07-05T15:56:41Z,47,OTICE_v5_LoRA,103,25.18,62.57,560.76,560.76,26.41,0,ATB_47_2026-08-05.csv
2026-07-05T15:56:44Z,54,OTICE_v5_LoRA,0,25.19,58.39,578.17,578.17,26.54,0,ATB_54_2026-08-05.csv
2026-07-05T15:57:11Z,46_out,OTICE_v5_LoRA,0,24.67,52.81,0,0,0,0,ATB_46_2026-08-05.csv
2026-07-05T15:57:20Z,59,OTICE_v5_LoRA,1,25.02,59.72,0,0,0,0,ATB_59_2026-08-05.csv
2026-07-05T15:57:23Z,55,OTICE_v5_LoRA,0,0,0,469.89,469.89,26.47,0,ATB_55_2026-08-05.csv
2026-07-05T15:57:41Z,46_out,OTICE_v5_LoRA,0,24.65,52.81,0,0,0,0,ATB_46_2026-08-05.csv
2026-07-05T15:57:41Z,47,OTICE_v5_LoRA,95,25.19,62.37,556.42,556.42,26.35,0,ATB_47_2026-08-05.csv
2026-07-05T15:57:44Z,54,OTICE_v5_LoRA,0,25.22,58.2,575.14,575.14,26.51,0,ATB_54_2026-08-05.csv
2026-07-05T15:58:11Z,46_out,OTICE_v5_LoRA,0,24.64,53.01,0,0,0,0,ATB_46_2026-08-05.csv
2026-07-05T15:58:20Z,59,OTICE_v5_LoRA,0,25.05,59.82,0,0,0,0,ATB_59_2026-08-05.csv
2026-07-05T15:58:23Z,55,OTICE_v5_LoRA,0,0,0,470.6,470.6,26.49,0,ATB_55_2026-08-05.csv
2026-07-05T15:58:41Z,47,OTICE_v5_LoRA,98,25.19,62.67,554.6,554.6,26.36,0,ATB_47_2026-08-05.csv
2026-07-05T15:58:42Z,46_out,OTICE_v5_LoRA,0,24.65,53.01,0,0,0,0,ATB_46_2026-08-05.csv
2026-07-05T15:58:44Z,54,OTICE_v5_LoRA,0,25.19,58.89,575.42,575.42,26.52,0,ATB_54_2026-08-05.csv
2026-07-05T15:58:56Z,48,OTICE_v5_LoRA,0,24.87,54.67,0,0,0,0,ATB_48_2026-08-05.csv
2026-07-05T15:59:12Z,46_out,OTICE_v5_LoRA,0,24.65,53.01,0,0,0,0,ATB_46_2026-08-05.csv
2026-07-05T15:59:21Z,59,OTICE_v5_LoRA,2,25.05,59.91,0,0,0,0,ATB_59_2026-08-05.csv
2026-07-05T15:59:23Z,55,OTICE_v5_LoRA,0,0,0,470.69,470.69,26.47,0,ATB_55_2026-08-05.csv
2026-07-05T15:59:26Z,48,OTICE_v5_LoRA,0,24.86,54.67,0,0,0,0,ATB_48_2026-08-05.csv
2026-07-05T15:59:41Z,47,OTICE_v5_LoRA,95,25.18,62.46,556.47,556.47,26.28,0,ATB_47_2026-08-05.csv
2026-07-05T15:59:42Z,46_out,OTICE_v5_LoRA,0,24.65,53.01,0,0,0,0,ATB_46_2026-08-05.csv
2026-07-05T15:59:44Z,54,OTICE_v5_LoRA,0,25.22,58.3,574.36,574.36,26.42,0,ATB_54_2026-08-05.csv
2026-07-05T15:59:56Z,48,OTICE_v5_LoRA,0,24.86,54.77,0,0,0,0,ATB_48_2026-08-05.csv
2026-07-05T16:00:12Z,46_out,OTICE_v5_LoRA,0,24.62,53.11,0,0,0,0,ATB_46_2026-08-05.csv
2026-07-05T16:00:21Z,59,OTICE_v5_LoRA,5,25.04,59.91,0,0,0,0,ATB_59_2026-08-05.csv
2026-07-05T16:00:23Z,55,OTICE_v5_LoRA,0,0,0,470.35,470.35,26.47,0,ATB_55_2026-08-05.csv
2026-07-05T16:00:26Z,48,OTICE_v5_LoRA,0,24.89,54.77,0,0,0,0,ATB_48_2026-08-05.csv
2026-07-05T16:00:42Z,46_out,OTICE_v5_LoRA,0,24.62,53.21,0,0,0,0,ATB_46_2026-08-05.csv
2026-07-05T16:00:42Z,47,OTICE_v5_LoRA,104,25.19,62.67,557.39,557.39,26.32,0,ATB_47_2026-08-05.csv
2026-07-05T16:00:44Z,54,OTICE_v5_LoRA,0,25.19,58.5,574.61,574.61,26.44,0,ATB_54_2026-08-05.csv
2026-07-05T16:00:56Z,48,OTICE_v5_LoRA,0,24.89,54.77,0,0,0,0,ATB_48_2026-08-05.csv
2026-07-05T16:01:12Z,46_out,OTICE_v5_LoRA,0,24.62,53.21,0,0,0,0,ATB_46_2026-08-05.csv
2026-07-05T16:01:21Z,59,OTICE_v5_LoRA,4,25.04,59.82,0,0,0,0,ATB_59_2026-08-05.csv
2026-07-05T16:01:23Z,55,OTICE_v5_LoRA,0,0,0,472.09,472.09,26.5,0,ATB_55_2026-08-05.csv
2026-07-05T16:01:26Z,48,OTICE_v5_LoRA,0,24.89,54.67,0,0,0,0,ATB_48_2026-08-05.csv
2026-07-05T16:01:42Z,46_out,OTICE_v5_LoRA,0,24.61,53.21,0,0,0,0,ATB_46_2026-08-05.csv
2026-07-05T16:01:42Z,47,OTICE_v5_LoRA,98,25.15,62.57,557.32,557.32,26.28,0,ATB_47_2026-08-05.csv
2026-07-05T16:01:44Z,54,OTICE_v5_LoRA,0,25.16,58.39,576.05,576.05,26.38,0,ATB_54_2026-08-05.csv
2026-07-05T16:01:56Z,48,OTICE_v5_LoRA,0,24.89,54.67,0,0,0,0,ATB_48_2026-08-05.csv
2026-07-05T16:02:12Z,46_out,OTICE_v5_LoRA,0,24.61,53.21,0,0,0,0,ATB_46_2026-08-05.csv
2026-07-05T16:02:21Z,59,OTICE_v5_LoRA,0,25.02,59.61,0,0,0,0,ATB_59_2026-08-05.csv
2026-07-05T16:02:23Z,55,OTICE_v5_LoRA,0,0,0,475.01,475.01,26.49,0,ATB_55_2026-08-05.csv
2026-07-05T16:02:26Z,48,OTICE_v5_LoRA,0,24.89,54.67,0,0,0,0,ATB_48_2026-08-05.csv
2026-07-05T16:02:42Z,46_out,OTICE_v5_LoRA,0,24.62,52.91,0,0,0,0,ATB_46_2026-08-05.csv
2026-07-05T16:02:42Z,47,OTICE_v5_LoRA,100,25.16,62.27,558.66,558.66,26.25,0,ATB_47_2026-08-05.csv
2026-07-05T16:02:44Z,54,OTICE_v5_LoRA,0,25.19,58,578.82,578.82,26.39,0,ATB_54_2026-08-05.csv
2026-07-05T16:02:56Z,48,OTICE_v5_LoRA,0,24.87,54.67,0,0,0,0,ATB_48_2026-08-05.csv
2026-07-05T16:03:12Z,46_out,OTICE_v5_LoRA,0,24.62,53.11,0,0,0,0,ATB_46_2026-08-05.csv
2026-07-05T16:03:21Z,59,OTICE_v5_LoRA,3,25.01,59.82,0,0,0,0,ATB_59_2026-08-05.csv
2026-07-05T16:03:23Z,55,OTICE_v5_LoRA,0,0,0,476.21,476.21,26.46,0,ATB_55_2026-08-05.csv
2026-07-05T16:03:26Z,48,OTICE_v5_LoRA,0,24.87,54.67,0,0,0,0,ATB_48_2026-08-05.csv
2026-07-05T16:03:42Z,47,OTICE_v5_LoRA,91,25.15,62.37,558.6,558.6,26.22,0,ATB_47_2026-08-05.csv
2026-07-05T16:03:43Z,46_out,OTICE_v5_LoRA,0,24.64,53.11,0,0,0,0,ATB_46_2026-08-05.csv
2026-07-05T16:03:44Z,54,OTICE_v5_LoRA,0,25.19,58.09,581.5,581.5,26.41,0,ATB_54_2026-08-05.csv
2026-07-05T16:03:56Z,48,OTICE_v5_LoRA,0,24.89,54.67,0,0,0,0,ATB_48_2026-08-05.csv
2026-07-05T16:04:13Z,46_out,OTICE_v5_LoRA,0,24.62,53.11,0,0,0,0,ATB_46_2026-08-05.csv
2026-07-05T16:04:21Z,59,OTICE_v5_LoRA,0,24.99,59.52,0,0,0,0,ATB_59_2026-08-05.csv
2026-07-05T16:04:23Z,55,OTICE_v5_LoRA,0,0,0,479.76,479.76,26.44,0,ATB_55_2026-08-05.csv
2026-07-05T16:04:26Z,48,OTICE_v5_LoRA,0,24.87,54.67,0,0,0,0,ATB_48_2026-08-05.csv
2026-07-05T16:04:42Z,47,OTICE_v5_LoRA,101,25.14,62.46,556.01,556.01,26.21,0,ATB_47_2026-08-05.csv
2026-07-05T16:04:43Z,46_out,OTICE_v5_LoRA,0,24.64,52.91,0,0,0,0,ATB_46_2026-08-05.csv
2026-07-05T16:04:44Z,54,OTICE_v5_LoRA,0,25.18,58.2,579.55,579.55,26.32,0,ATB_54_2026-08-05.csv
2026-07-05T16:04:56Z,48,OTICE_v5_LoRA,0,24.86,54.57,0,0,0,0,ATB_48_2026-08-05.csv
2026-07-05T16:05:13Z,46_out,OTICE_v5_LoRA,0,24.62,53.01,0,0,0,0,ATB_46_2026-08-05.csv
2026-07-05T16:05:21Z,59,OTICE_v5_LoRA,0,24.99,59.61,0,0,0,0,ATB_59_2026-08-05.csv
2026-07-05T16:05:23Z,55,OTICE_v5_LoRA,65343,0,0,481.42,481.42,26.47,0,ATB_55_2026-08-05.csv
2026-07-05T16:05:26Z,48,OTICE_v5_LoRA,0,24.87,54.57,0,0,0,0,ATB_48_2026-08-05.csv
2026-07-05T16:05:42Z,47,OTICE_v5_LoRA,99,25.12,62.5,555.97,555.97,26.21,0,ATB_47_2026-08-05.csv
2026-07-05T16:05:43Z,46_out,OTICE_v5_LoRA,0,24.61,53.01,0,0,0,0,ATB_46_2026-08-05.csv
2026-07-05T16:05:44Z,54,OTICE_v5_LoRA,0,25.18,58.2,580.24,580.24,26.32,0,ATB_54_2026-08-05.csv
2026-07-05T16:05:56Z,48,OTICE_v5_LoRA,0,24.86,54.57,0,0,0,0,ATB_48_2026-08-05.csv
2026-07-05T16:06:13Z,46_out,OTICE_v5_LoRA,0,24.62,53.01,0,0,0,0,ATB_46_2026-08-05.csv
2026-07-05T16:06:22Z,59,OTICE_v5_LoRA,0,24.99,59.61,0,0,0,0,ATB_59_2026-08-05.csv
2026-07-05T16:06:23Z,55,OTICE_v5_LoRA,65343,0,0,485.96,485.96,26.43,0,ATB_55_2026-08-05.csv
2026-07-05T16:06:27Z,48,OTICE_v5_LoRA,0,24.86,54.77,0,0,0,0,ATB_48_2026-08-05.csv
2026-07-05T16:06:42Z,47,OTICE_v5_LoRA,96,25.14,62.37,554.97,554.97,26.18,0,ATB_47_2026-08-05.csv
2026-07-05T16:06:43Z,46_out,OTICE_v5_LoRA,0,24.62,53.11,0,0,0,0,ATB_46_2026-08-05.csv
2026-07-05T16:06:44Z,54,OTICE_v5_LoRA,0,25.19,58.09,582.63,582.63,26.34,0,ATB_54_2026-08-05.csv
2026-07-05T16:06:57Z,48,OTICE_v5_LoRA,0,24.84,54.67,0,0,0,0,ATB_48_2026-08-05.csv
2026-07-05T16:07:13Z,46_out,OTICE_v5_LoRA,0,24.6,53.01,0,0,0,0,ATB_46_2026-08-05.csv
2026-07-05T16:07:22Z,59,OTICE_v5_LoRA,3,24.98,59.72,0,0,0,0,ATB_59_2026-08-05.csv
2026-07-05T16:07:23Z,55,OTICE_v5_LoRA,65343,0,0,489.9,489.9,26.43,0,ATB_55_2026-08-05.csv
2026-07-05T16:07:27Z,48,OTICE_v5_LoRA,0,24.86,54.67,0,0,0,0,ATB_48_2026-08-05.csv
2026-07-05T16:07:42Z,47,OTICE_v5_LoRA,93,25.12,62.4,554.7,554.7,26.15,0,ATB_47_2026-08-05.csv
2026-07-05T16:07:43Z,46_out,OTICE_v5_LoRA,0,24.61,53.11,0,0,0,0,ATB_46_2026-08-05.csv
2026-07-05T16:07:44Z,54,OTICE_v5_LoRA,0,25.15,58.09,583.99,583.99,26.27,0,ATB_54_2026-08-05.csv
2026-07-05T16:07:57Z,48,OTICE_v5_LoRA,0,24.84,54.67,0,0,0,0,ATB_48_2026-08-05.csv
2026-07-05T16:08:13Z,46_out,OTICE_v5_LoRA,0,24.6,53.11,0,0,0,0,ATB_46_2026-08-05.csv
2026-07-05T16:08:22Z,59,OTICE_v5_LoRA,0,24.97,59.74,0,0,0,0,ATB_59_2026-08-05.csv
2026-07-05T16:08:23Z,55,OTICE_v5_LoRA,65343,0,0,492.16,492.16,26.44,0,ATB_55_2026-08-05.csv
2026-07-05T16:08:27Z,48,OTICE_v5_LoRA,0,24.83,54.67,0,0,0,0,ATB_48_2026-08-05.csv
2026-07-05T16:08:42Z,47,OTICE_v5_LoRA,96,25.09,62.6,553.01,553.01,26.19,0,ATB_47_2026-08-05.csv
2026-07-05T16:08:43Z,46_out,OTICE_v5_LoRA,0,24.61,53.11,0,0,0,0,ATB_46_2026-08-05.csv
2026-07-05T16:08:44Z,54,OTICE_v5_LoRA,0,25.16,58.2,583.22,583.22,26.31,0,ATB_54_2026-08-05.csv
2026-07-05T16:08:57Z,48,OTICE_v5_LoRA,0,24.82,54.67,0,0,0,0,ATB_48_2026-08-05.csv
2026-07-05T16:09:13Z,46_out,OTICE_v5_LoRA,0,24.6,53.11,0,0,0,0,ATB_46_2026-08-05.csv
2026-07-05T16:09:22Z,59,OTICE_v5_LoRA,1,24.97,59.85,0,0,0,0,ATB_59_2026-08-05.csv
2026-07-05T16:09:23Z,55,OTICE_v5_LoRA,65343,0,0,490.14,490.14,26.44,0,ATB_55_2026-08-05.csv
2026-07-05T16:09:27Z,48,OTICE_v5_LoRA,0,24.83,54.67,0,0,0,0,ATB_48_2026-08-05.csv
2026-07-05T16:09:42Z,47,OTICE_v5_LoRA,96,25.09,62.5,553.56,553.56,26.18,0,ATB_47_2026-08-05.csv
2026-07-05T16:09:44Z,46_out,OTICE_v5_LoRA,0,24.61,53.11,0,0,0,0,ATB_46_2026-08-05.csv
2026-07-05T16:09:44Z,54,OTICE_v5_LoRA,0,25.15,58.09,583.84,583.84,26.31,0,ATB_54_2026-08-05.csv
2026-07-05T16:09:57Z,48,OTICE_v5_LoRA,0,24.84,54.67,0,0,0,0,ATB_48_2026-08-05.csv
2026-07-05T16:10:14Z,46_out,OTICE_v5_LoRA,0,24.6,53.11,0,0,0,0,ATB_46_2026-08-05.csv
2026-07-05T16:10:22Z,59,OTICE_v5_LoRA,3,24.97,59.94,0,0,0,0,ATB_59_2026-08-05.csv
2026-07-05T16:10:23Z,55,OTICE_v5_LoRA,65343,0,0,487.81,487.81,26.43,0,ATB_55_2026-08-05.csv
2026-07-05T16:10:27Z,48,OTICE_v5_LoRA,0,24.83,54.67,0,0,0,0,ATB_48_2026-08-05.csv
2026-07-05T16:10:42Z,47,OTICE_v5_LoRA,96,25.08,62.5,550.46,550.46,26.18,0,ATB_47_2026-08-05.csv
2026-07-05T16:10:44Z,46_out,OTICE_v5_LoRA,0,24.58,53.11,0,0,0,0,ATB_46_2026-08-05.csv
2026-07-05T16:10:45Z,54,OTICE_v5_LoRA,0,25.15,58.2,583.25,583.25,26.35,0,ATB_54_2026-08-05.csv
2026-07-05T16:10:57Z,48,OTICE_v5_LoRA,0,24.83,54.77,0,0,0,0,ATB_48_2026-08-05.csv
2026-07-05T16:11:14Z,46_out,OTICE_v5_LoRA,0,24.58,53.21,0,0,0,0,ATB_46_2026-08-05.csv
2026-07-05T16:11:22Z,59,OTICE_v5_LoRA,11,24.97,60.34,0,0,0,0,ATB_59_2026-08-05.csv
2026-07-05T16:11:23Z,55,OTICE_v5_LoRA,65343,0,0,482.07,482.07,26.46,0,ATB_55_2026-08-05.csv
2026-07-05T16:11:30Z,48,OTICE_v5_LoRA,0,24.83,54.67,0,0,0,0,ATB_48_2026-08-05.csv
2026-07-05T16:11:42Z,47,OTICE_v5_LoRA,106,25.08,63.29,553.12,553.12,26.34,0,ATB_47_2026-08-05.csv
2026-07-05T16:11:44Z,46_out,OTICE_v5_LoRA,0,24.58,53.21,0,0,0,0,ATB_46_2026-08-05.csv
2026-07-05T16:11:45Z,54,OTICE_v5_LoRA,0,25.11,59.09,586.7,586.7,26.46,0,ATB_54_2026-08-05.csv
2026-07-05T16:12:00Z,48,OTICE_v5_LoRA,0,24.83,54.57,0,0,0,0,ATB_48_2026-08-05.csv
2026-07-05T16:12:14Z,46_out,OTICE_v5_LoRA,0,24.58,53.01,0,0,0,0,ATB_46_2026-08-05.csv
2026-07-05T16:12:22Z,59,OTICE_v5_LoRA,7,24.98,60.41,0,0,0,0,ATB_59_2026-08-05.csv
2026-07-05T16:12:23Z,55,OTICE_v5_LoRA,65343,0,0,481.62,481.62,26.54,0,ATB_55_2026-08-05.csv
2026-07-05T16:12:30Z,48,OTICE_v5_LoRA,0,24.84,54.47,0,0,0,0,ATB_48_2026-08-05.csv
2026-07-05T16:12:42Z,47,OTICE_v5_LoRA,107,25.09,63.09,552.88,552.88,26.42,0,ATB_47_2026-08-05.csv
2026-07-05T16:12:44Z,46_out,OTICE_v5_LoRA,0,24.6,53.01,0,0,0,0,ATB_46_2026-08-05.csv
2026-07-05T16:12:45Z,54,OTICE_v5_LoRA,0,25.11,58.89,588.99,588.99,26.54,0,ATB_54_2026-08-05.csv
2026-07-05T16:13:00Z,48,OTICE_v5_LoRA,0,24.83,54.27,0,0,0,0,ATB_48_2026-08-05.csv
2026-07-05T16:13:14Z,46_out,OTICE_v5_LoRA,0,24.61,52.91,0,0,0,0,ATB_46_2026-08-05.csv
2026-07-05T16:13:22Z,59,OTICE_v5_LoRA,10,24.97,60.74,0,0,0,0,ATB_59_2026-08-05.csv
2026-07-05T16:13:23Z,55,OTICE_v5_LoRA,65343,0,0,482.43,482.43,26.57,0,ATB_55_2026-08-05.csv
2026-07-05T16:13:30Z,48,OTICE_v5_LoRA,0,24.84,54.27,0,0,0,0,ATB_48_2026-08-05.csv
2026-07-05T16:13:43Z,47,OTICE_v5_LoRA,110,25.09,63.49,552.62,552.62,26.55,0,ATB_47_2026-08-05.csv
2026-07-05T16:13:44Z,46_out,OTICE_v5_LoRA,0,24.61,52.81,0,0,0,0,ATB_46_2026-08-05.csv
2026-07-05T16:13:45Z,54,OTICE_v5_LoRA,0,25.1,59.29,591.5,591.5,26.58,0,ATB_54_2026-08-05.csv
2026-07-05T16:14:00Z,48,OTICE_v5_LoRA,0,24.86,54.18,0,0,0,0,ATB_48_2026-08-05.csv
2026-07-05T16:14:14Z,46_out,OTICE_v5_LoRA,0,24.61,52.71,0,0,0,0,ATB_46_2026-08-05.csv
2026-07-05T16:14:22Z,59,OTICE_v5_LoRA,3,24.97,60.34,0,0,0,0,ATB_59_2026-08-05.csv
2026-07-05T16:14:23Z,55,OTICE_v5_LoRA,65343,0,0,483.41,483.41,26.59,0,ATB_55_2026-08-05.csv
2026-07-05T16:14:30Z,48,OTICE_v5_LoRA,0,24.84,54.18,0,0,0,0,ATB_48_2026-08-05.csv
2026-07-05T16:14:43Z,47,OTICE_v5_LoRA,111,25.08,63.29,550.42,550.42,26.55,0,ATB_47_2026-08-05.csv
2026-07-05T16:14:44Z,46_out,OTICE_v5_LoRA,0,24.6,52.71,0,0,0,0,ATB_46_2026-08-05.csv
2026-07-05T16:14:45Z,54,OTICE_v5_LoRA,0,25.1,59.19,585.95,585.95,26.6,0,ATB_54_2026-08-05.csv
2026-07-05T16:15:00Z,48,OTICE_v5_LoRA,0,24.83,54.18,0,0,0,0,ATB_48_2026-08-05.csv
2026-07-05T16:15:15Z,46_out,OTICE_v5_LoRA,0,24.58,52.71,0,0,0,0,ATB_46_2026-08-05.csv
2026-07-05T16:15:22Z,59,OTICE_v5_LoRA,8,24.95,60.44,0,0,0,0,ATB_59_2026-08-05.csv
2026-07-05T16:15:23Z,55,OTICE_v5_LoRA,65343,0,0,483.04,483.04,26.62,0,ATB_55_2026-08-05.csv
2026-07-05T16:15:30Z,48,OTICE_v5_LoRA,0,24.83,54.18,0,0,0,0,ATB_48_2026-08-05.csv
2026-07-05T16:15:43Z,47,OTICE_v5_LoRA,114,25.08,63.29,550.93,550.93,26.56,0,ATB_47_2026-08-05.csv
2026-07-05T16:15:45Z,54,OTICE_v5_LoRA,0,25.08,59.09,584.98,584.98,26.62,0,ATB_54_2026-08-05.csv
2026-07-05T16:16:00Z,48,OTICE_v5_LoRA,0,24.83,54.18,0,0,0,0,ATB_48_2026-08-05.csv
2026-07-05T16:16:07Z,46_out,OTICE_v5_LoRA,0,24.6,52.71,0,0,0,0,ATB_46_2026-08-05.csv
2026-07-05T16:16:23Z,55,OTICE_v5_LoRA,65343,0,0,484.2,484.2,26.63,0,ATB_55_2026-08-05.csv
2026-07-05T16:16:23Z,59,OTICE_v5_LoRA,11,24.97,60.44,0,0,0,0,ATB_59_2026-08-05.csv
2026-07-05T16:16:30Z,48,OTICE_v5_LoRA,0,24.82,54.18,0,0,0,0,ATB_48_2026-08-05.csv
2026-07-05T16:16:37Z,46_out,OTICE_v5_LoRA,0,24.6,52.61,0,0,0,0,ATB_46_2026-08-05.csv
2026-07-05T16:16:43Z,47,OTICE_v5_LoRA,116,25.06,63.29,551.06,551.06,26.56,0,ATB_47_2026-08-05.csv
2026-07-05T16:16:45Z,54,OTICE_v5_LoRA,0,25.08,59.09,584.6,584.6,26.62,0,ATB_54_2026-08-05.csv
2026-07-05T16:17:00Z,48,OTICE_v5_LoRA,0,24.8,54.18,0,0,0,0,ATB_48_2026-08-05.csv
2026-07-05T16:17:07Z,46_out,OTICE_v5_LoRA,0,24.58,52.71,0,0,0,0,ATB_46_2026-08-05.csv
2026-07-05T16:17:23Z,55,OTICE_v5_LoRA,0,0,0,481.37,481.37,26.64,0,ATB_55_2026-08-05.csv
2026-07-05T16:17:30Z,48,OTICE_v5_LoRA,0,24.82,54.18,0,0,0,0,ATB_48_2026-08-05.csv
2026-07-05T16:17:37Z,46_out,OTICE_v5_LoRA,0,24.58,52.71,0,0,0,0,ATB_46_2026-08-05.csv
2026-07-05T16:17:43Z,47,OTICE_v5_LoRA,107,25.08,63.39,550.63,550.63,26.55,0,ATB_47_2026-08-05.csv
2026-07-05T16:17:45Z,54,OTICE_v5_LoRA,0,25.07,59.09,583.85,583.85,26.62,0,ATB_54_2026-08-05.csv
2026-07-05T16:18:00Z,48,OTICE_v5_LoRA,0,24.8,54.18,0,0,0,0,ATB_48_2026-08-05.csv
2026-07-05T16:18:08Z,46_out,OTICE_v5_LoRA,0,24.58,52.61,0,0,0,0,ATB_46_2026-08-05.csv
2026-07-05T16:18:20Z,59,OTICE_v5_LoRA,6,24.99,60.41,0,0,0,0,ATB_59_2026-08-05.csv
2026-07-05T16:18:23Z,55,OTICE_v5_LoRA,0,0,0,480.62,480.62,26.64,0,ATB_55_2026-08-05.csv
2026-07-05T16:18:30Z,48,OTICE_v5_LoRA,0,24.82,54.18,0,0,0,0,ATB_48_2026-08-05.csv
2026-07-05T16:18:38Z,46_out,OTICE_v5_LoRA,0,24.58,52.71,0,0,0,0,ATB_46_2026-08-05.csv
2026-07-05T16:18:43Z,47,OTICE_v5_LoRA,113,25.06,63.39,553.72,553.72,26.53,0,ATB_47_2026-08-05.csv
2026-07-05T16:18:45Z,54,OTICE_v5_LoRA,0,25.08,58.99,584.8,584.8,26.6,0,ATB_54_2026-08-05.csv
2026-07-05T16:19:00Z,48,OTICE_v5_LoRA,0,24.8,54.18,0,0,0,0,ATB_48_2026-08-05.csv
2026-07-05T16:19:08Z,46_out,OTICE_v5_LoRA,0,24.58,52.71,0,0,0,0,ATB_46_2026-08-05.csv
2026-07-05T16:19:20Z,59,OTICE_v5_LoRA,9,24.98,60.41,0,0,0,0,ATB_59_2026-08-05.csv
2026-07-05T16:19:23Z,55,OTICE_v5_LoRA,0,0,0,482.98,482.98,26.66,0,ATB_55_2026-08-05.csv
2026-07-05T16:19:30Z,48,OTICE_v5_LoRA,0,24.82,54.08,0,0,0,0,ATB_48_2026-08-05.csv
2026-07-05T16:19:38Z,46_out,OTICE_v5_LoRA,0,24.6,52.61,0,0,0,0,ATB_46_2026-08-05.csv
2026-07-05T16:19:43Z,47,OTICE_v5_LoRA,110,25.06,63.29,554.21,554.21,26.51,0,ATB_47_2026-08-05.csv
2026-07-05T16:19:45Z,54,OTICE_v5_LoRA,0,25.07,58.99,586.31,586.31,26.6,0,ATB_54_2026-08-05.csv
2026-07-05T16:20:00Z,48,OTICE_v5_LoRA,0,24.83,54.08,0,0,0,0,ATB_48_2026-08-05.csv
2026-07-05T16:20:08Z,46_out,OTICE_v5_LoRA,0,24.58,52.61,0,0,0,0,ATB_46_2026-08-05.csv
2026-07-05T16:20:21Z,59,OTICE_v5_LoRA,10,24.98,60.31,0,0,0,0,ATB_59_2026-08-05.csv
2026-07-05T16:20:23Z,55,OTICE_v5_LoRA,0,0,0,480.34,480.34,26.67,0,ATB_55_2026-08-05.csv
2026-07-05T16:20:30Z,48,OTICE_v5_LoRA,0,24.83,53.97,0,0,0,0,ATB_48_2026-08-05.csv
2026-07-05T16:20:38Z,46_out,OTICE_v5_LoRA,0,24.62,52.41,0,0,0,0,ATB_46_2026-08-05.csv
2026-07-05T16:20:43Z,47,OTICE_v5_LoRA,109,25.08,63.29,554.95,554.95,26.53,0,ATB_47_2026-08-05.csv
2026-07-05T16:20:45Z,54,OTICE_v5_LoRA,0,25.08,58.99,585.6,585.6,26.6,0,ATB_54_2026-08-05.csv
2026-07-05T16:21:00Z,48,OTICE_v5_LoRA,0,24.82,53.97,0,0,0,0,ATB_48_2026-08-05.csv
2026-07-05T16:21:08Z,46_out,OTICE_v5_LoRA,0,24.6,52.51,0,0,0,0,ATB_46_2026-08-05.csv
2026-07-05T16:21:21Z,59,OTICE_v5_LoRA,5,24.98,60.41,0,0,0,0,ATB_59_2026-08-05.csv
2026-07-05T16:21:23Z,55,OTICE_v5_LoRA,0,0,0,480.38,480.38,26.67,0,ATB_55_2026-08-05.csv
2026-07-05T16:21:30Z,48,OTICE_v5_LoRA,0,24.83,53.97,0,0,0,0,ATB_48_2026-08-05.csv
2026-07-05T16:21:38Z,46_out,OTICE_v5_LoRA,0,24.61,52.61,0,0,0,0,ATB_46_2026-08-05.csv
2026-07-05T16:21:43Z,47,OTICE_v5_LoRA,115,25.06,63.39,555.58,555.58,26.58,0,ATB_47_2026-08-05.csv
2026-07-05T16:21:45Z,54,OTICE_v5_LoRA,0,25.07,59.09,582.78,582.78,26.65,0,ATB_54_2026-08-05.csv
2026-07-05T16:22:00Z,48,OTICE_v5_LoRA,0,24.82,54.08,0,0,0,0,ATB_48_2026-08-05.csv
2026-07-05T16:22:08Z,46_out,OTICE_v5_LoRA,0,24.6,52.51,0,0,0,0,ATB_46_2026-08-05.csv
2026-07-05T16:22:21Z,59,OTICE_v5_LoRA,7,24.97,60.44,0,0,0,0,ATB_59_2026-08-05.csv
2026-07-05T16:22:24Z,55,OTICE_v5_LoRA,0,0,0,480.46,480.46,26.67,0,ATB_55_2026-08-05.csv
2026-07-05T16:22:30Z,48,OTICE_v5_LoRA,0,24.83,54.08,0,0,0,0,ATB_48_2026-08-05.csv
2026-07-05T16:22:38Z,46_out,OTICE_v5_LoRA,0,24.58,52.61,0,0,0,0,ATB_46_2026-08-05.csv
2026-07-05T16:22:43Z,47,OTICE_v5_LoRA,113,25.09,63.29,555.46,555.46,26.59,0,ATB_47_2026-08-05.csv
2026-07-05T16:22:45Z,54,OTICE_v5_LoRA,0,25.08,59.09,580.57,580.57,26.63,0,ATB_54_2026-08-05.csv
2026-07-05T16:23:01Z,48,OTICE_v5_LoRA,0,24.82,54.08,0,0,0,0,ATB_48_2026-08-05.csv
2026-07-05T16:23:08Z,46_out,OTICE_v5_LoRA,0,24.6,52.61,0,0,0,0,ATB_46_2026-08-05.csv
2026-07-05T16:23:21Z,59,OTICE_v5_LoRA,11,24.98,60.41,0,0,0,0,ATB_59_2026-08-05.csv
2026-07-05T16:23:24Z,55,OTICE_v5_LoRA,0,0,0,477.48,477.48,26.67,0,ATB_55_2026-08-05.csv
2026-07-05T16:23:31Z,48,OTICE_v5_LoRA,0,24.8,54.08,0,0,0,0,ATB_48_2026-08-05.csv
2026-07-05T16:23:39Z,46_out,OTICE_v5_LoRA,0,24.61,52.51,0,0,0,0,ATB_46_2026-08-05.csv
2026-07-05T16:23:44Z,47,OTICE_v5_LoRA,114,25.08,63.19,553.29,553.29,26.55,0,ATB_47_2026-08-05.csv
2026-07-05T16:23:45Z,54,OTICE_v5_LoRA,0,25.08,58.99,580.4,580.4,26.62,0,ATB_54_2026-08-05.csv
2026-07-05T16:24:01Z,48,OTICE_v5_LoRA,0,24.82,54.08,0,0,0,0,ATB_48_2026-08-05.csv
2026-07-05T16:24:09Z,46_out,OTICE_v5_LoRA,0,24.6,52.61,0,0,0,0,ATB_46_2026-08-05.csv
2026-07-05T16:24:21Z,59,OTICE_v5_LoRA,5,24.95,60.34,0,0,0,0,ATB_59_2026-08-05.csv
2026-07-05T16:24:24Z,55,OTICE_v5_LoRA,0,0,0,477.7,477.7,26.69,0,ATB_55_2026-08-05.csv
2026-07-05T16:24:31Z,48,OTICE_v5_LoRA,0,24.82,54.08,0,0,0,0,ATB_48_2026-08-05.csv
2026-07-05T16:24:39Z,46_out,OTICE_v5_LoRA,0,24.6,52.51,0,0,0,0,ATB_46_2026-08-05.csv
2026-07-05T16:24:44Z,47,OTICE_v5_LoRA,111,25.06,63.29,554.22,554.22,26.6,0,ATB_47_2026-08-05.csv
2026-07-05T16:24:45Z,54,OTICE_v5_LoRA,0,25.07,58.99,578.38,578.38,26.63,0,ATB_54_2026-08-05.csv
2026-07-05T16:25:01Z,48,OTICE_v5_LoRA,0,24.83,54.08,0,0,0,0,ATB_48_2026-08-05.csv
2026-07-05T16:25:09Z,46_out,OTICE_v5_LoRA,0,24.6,52.61,0,0,0,0,ATB_46_2026-08-05.csv
2026-07-05T16:25:21Z,59,OTICE_v5_LoRA,6,24.97,60.34,0,0,0,0,ATB_59_2026-08-05.csv
2026-07-05T16:25:24Z,55,OTICE_v5_LoRA,0,0,0,479.34,479.34,26.69,0,ATB_55_2026-08-05.csv
2026-07-05T16:25:31Z,48,OTICE_v5_LoRA,0,24.82,54.08,0,0,0,0,ATB_48_2026-08-05.csv
2026-07-05T16:25:39Z,46_out,OTICE_v5_LoRA,0,24.58,52.51,0,0,0,0,ATB_46_2026-08-05.csv
2026-07-05T16:25:44Z,47,OTICE_v5_LoRA,115,25.08,63.19,554.54,554.54,26.59,0,ATB_47_2026-08-05.csv
2026-07-05T16:25:46Z,54,OTICE_v5_LoRA,0,25.07,58.99,579.39,579.39,26.62,0,ATB_54_2026-08-05.csv
2026-07-05T16:26:01Z,48,OTICE_v5_LoRA,0,24.82,53.97,0,0,0,0,ATB_48_2026-08-05.csv
2026-07-05T16:26:09Z,46_out,OTICE_v5_LoRA,0,24.6,52.51,0,0,0,0,ATB_46_2026-08-05.csv
2026-07-05T16:26:21Z,59,OTICE_v5_LoRA,8,24.98,60.31,0,0,0,0,ATB_59_2026-08-05.csv
2026-07-05T16:26:24Z,55,OTICE_v5_LoRA,0,0,0,480.91,480.91,26.67,0,ATB_55_2026-08-05.csv
2026-07-05T16:26:31Z,48,OTICE_v5_LoRA,0,24.83,54.08,0,0,0,0,ATB_48_2026-08-05.csv
2026-07-05T16:26:39Z,46_out,OTICE_v5_LoRA,0,24.6,52.51,0,0,0,0,ATB_46_2026-08-05.csv
2026-07-05T16:26:44Z,47,OTICE_v5_LoRA,114,25.08,63.29,556.32,556.32,26.59,0,ATB_47_2026-08-05.csv
2026-07-05T16:26:46Z,54,OTICE_v5_LoRA,0,25.06,58.89,578.33,578.33,26.62,0,ATB_54_2026-08-05.csv
2026-07-05T16:27:01Z,48,OTICE_v5_LoRA,0,24.8,53.97,0,0,0,0,ATB_48_2026-08-05.csv
2026-07-05T16:27:09Z,46_out,OTICE_v5_LoRA,0,24.6,52.51,0,0,0,0,ATB_46_2026-08-05.csv
2026-07-05T16:27:21Z,59,OTICE_v5_LoRA,7,24.98,60.31,0,0,0,0,ATB_59_2026-08-05.csv
2026-07-05T16:27:24Z,55,OTICE_v5_LoRA,0,0,0,480.97,480.97,26.69,0,ATB_55_2026-08-05.csv
2026-07-05T16:27:31Z,48,OTICE_v5_LoRA,0,24.83,53.97,0,0,0,0,ATB_48_2026-08-05.csv
2026-07-05T16:27:39Z,46_out,OTICE_v5_LoRA,0,24.6,52.51,0,0,0,0,ATB_46_2026-08-05.csv
2026-07-05T16:27:44Z,47,OTICE_v5_LoRA,108,25.06,63.29,557.86,557.86,26.56,0,ATB_47_2026-08-05.csv
2026-07-05T16:27:46Z,54,OTICE_v5_LoRA,0,25.07,58.99,578.67,578.67,26.62,0,ATB_54_2026-08-05.csv
2026-07-05T16:28:01Z,48,OTICE_v5_LoRA,0,24.82,53.97,0,0,0,0,ATB_48_2026-08-05.csv
2026-07-05T16:28:09Z,46_out,OTICE_v5_LoRA,0,24.6,52.51,0,0,0,0,ATB_46_2026-08-05.csv
2026-07-05T16:28:21Z,59,OTICE_v5_LoRA,6,24.98,60.21,0,0,0,0,ATB_59_2026-08-05.csv
2026-07-05T16:28:24Z,55,OTICE_v5_LoRA,0,0,0,480.24,480.24,26.69,0,ATB_55_2026-08-05.csv
2026-07-05T16:28:31Z,48,OTICE_v5_LoRA,0,24.83,53.97,0,0,0,0,ATB_48_2026-08-05.csv
2026-07-05T16:28:40Z,46_out,OTICE_v5_LoRA,0,24.58,52.51,0,0,0,0,ATB_46_2026-08-05.csv
2026-07-05T16:28:44Z,47,OTICE_v5_LoRA,120,25.08,63.29,556.34,556.34,26.6,0,ATB_47_2026-08-05.csv
2026-07-05T16:28:46Z,54,OTICE_v5_LoRA,0,25.07,58.89,579.23,579.23,26.65,0,ATB_54_2026-08-05.csv
2026-07-05T16:29:01Z,48,OTICE_v5_LoRA,0,24.82,54.08,0,0,0,0,ATB_48_2026-08-05.csv
2026-07-05T16:29:10Z,46_out,OTICE_v5_LoRA,0,24.6,52.61,0,0,0,0,ATB_46_2026-08-05.csv
2026-07-05T16:29:21Z,59,OTICE_v5_LoRA,7,24.98,60.21,0,0,0,0,ATB_59_2026-08-05.csv
2026-07-05T16:29:24Z,55,OTICE_v5_LoRA,0,0,0,479.95,479.95,26.7,0,ATB_55_2026-08-05.csv
2026-07-05T16:29:31Z,48,OTICE_v5_LoRA,0,24.82,54.08,0,0,0,0,ATB_48_2026-08-05.csv
2026-07-05T16:29:40Z,46_out,OTICE_v5_LoRA,0,24.58,52.51,0,0,0,0,ATB_46_2026-08-05.csv
2026-07-05T16:29:44Z,47,OTICE_v5_LoRA,113,25.06,63.19,555.37,555.37,26.59,0,ATB_47_2026-08-05.csv
2026-07-05T16:29:46Z,54,OTICE_v5_LoRA,0,25.07,58.89,577.85,577.85,26.66,0,ATB_54_2026-08-05.csv
2026-07-05T16:30:01Z,48,OTICE_v5_LoRA,0,24.82,53.97,0,0,0,0,ATB_48_2026-08-05.csv
2026-07-05T16:30:10Z,46_out,OTICE_v5_LoRA,0,24.6,52.51,0,0,0,0,ATB_46_2026-08-05.csv
2026-07-05T16:30:21Z,59,OTICE_v5_LoRA,10,24.99,60.31,0,0,0,0,ATB_59_2026-08-05.csv
2026-07-05T16:30:24Z,55,OTICE_v5_LoRA,0,0,0,479.79,479.79,26.73,0,ATB_55_2026-08-05.csv
2026-07-05T16:30:31Z,48,OTICE_v5_LoRA,0,24.82,54.08,0,0,0,0,ATB_48_2026-08-05.csv
2026-07-05T16:30:40Z,46_out,OTICE_v5_LoRA,0,24.58,52.51,0,0,0,0,ATB_46_2026-08-05.csv
2026-07-05T16:30:44Z,47,OTICE_v5_LoRA,111,25.08,63.29,556.12,556.12,26.56,0,ATB_47_2026-08-05.csv
2026-07-05T16:30:46Z,54,OTICE_v5_LoRA,0,25.07,58.99,577.65,577.65,26.62,0,ATB_54_2026-08-05.csv
2026-07-05T16:31:01Z,48,OTICE_v5_LoRA,0,24.82,54.08,0,0,0,0,ATB_48_2026-08-05.csv
2026-07-05T16:31:10Z,46_out,OTICE_v5_LoRA,0,24.57,52.51,0,0,0,0,ATB_46_2026-08-05.csv
2026-07-05T16:31:22Z,59,OTICE_v5_LoRA,11,24.98,60.21,0,0,0,0,ATB_59_2026-08-05.csv
2026-07-05T16:31:24Z,55,OTICE_v5_LoRA,0,0,0,478.06,478.06,26.7,0,ATB_55_2026-08-05.csv
2026-07-05T16:31:31Z,48,OTICE_v5_LoRA,0,24.82,54.08,0,0,0,0,ATB_48_2026-08-05.csv
2026-07-05T16:31:40Z,46_out,OTICE_v5_LoRA,0,24.58,52.61,0,0,0,0,ATB_46_2026-08-05.csv
2026-07-05T16:31:44Z,47,OTICE_v5_LoRA,115,25.08,63.19,558.66,558.66,26.55,0,ATB_47_2026-08-05.csv
2026-07-05T16:31:46Z,54,OTICE_v5_LoRA,0,25.07,58.99,578.05,578.05,26.63,0,ATB_54_2026-08-05.csv
2026-07-05T16:32:01Z,48,OTICE_v5_LoRA,0,24.8,54.08,0,0,0,0,ATB_48_2026-08-05.csv
2026-07-05T16:32:10Z,46_out,OTICE_v5_LoRA,0,24.58,52.61,0,0,0,0,ATB_46_2026-08-05.csv
2026-07-05T16:32:22Z,59,OTICE_v5_LoRA,2,24.98,60.21,0,0,0,0,ATB_59_2026-08-05.csv
2026-07-05T16:32:24Z,55,OTICE_v5_LoRA,0,0,0,473.75,473.75,26.72,0,ATB_55_2026-08-05.csv
2026-07-05T16:32:31Z,48,OTICE_v5_LoRA,0,24.8,54.08,0,0,0,0,ATB_48_2026-08-05.csv
2026-07-05T16:32:40Z,46_out,OTICE_v5_LoRA,0,24.58,52.61,0,0,0,0,ATB_46_2026-08-05.csv
2026-07-05T16:32:44Z,47,OTICE_v5_LoRA,119,25.08,63.19,558.72,558.72,26.62,0,ATB_47_2026-08-05.csv
2026-07-05T16:32:46Z,54,OTICE_v5_LoRA,0,25.07,58.89,578.97,578.97,26.63,0,ATB_54_2026-08-05.csv
2026-07-05T16:33:01Z,48,OTICE_v5_LoRA,0,24.8,54.08,0,0,0,0,ATB_48_2026-08-05.csv
2026-07-05T16:33:10Z,46_out,OTICE_v5_LoRA,0,24.6,52.61,0,0,0,0,ATB_46_2026-08-05.csv
2026-07-05T16:33:22Z,59,OTICE_v5_LoRA,5,24.98,60.21,0,0,0,0,ATB_59_2026-08-05.csv
2026-07-05T16:33:24Z,55,OTICE_v5_LoRA,0,0,0,472.34,472.34,26.69,0,ATB_55_2026-08-05.csv
2026-07-05T16:33:31Z,48,OTICE_v5_LoRA,0,24.8,54.08,0,0,0,0,ATB_48_2026-08-05.csv
2026-07-05T16:33:40Z,46_out,OTICE_v5_LoRA,0,24.58,52.61,0,0,0,0,ATB_46_2026-08-05.csv
2026-07-05T16:33:45Z,47,OTICE_v5_LoRA,118,25.08,63.19,560.07,560.07,26.56,0,ATB_47_2026-08-05.csv
2026-07-05T16:33:46Z,54,OTICE_v5_LoRA,0,25.07,58.89,577.18,577.18,26.62,0,ATB_54_2026-08-05.csv
2026-07-05T16:34:01Z,48,OTICE_v5_LoRA,0,24.8,54.08,0,0,0,0,ATB_48_2026-08-05.csv
2026-07-05T16:34:10Z,46_out,OTICE_v5_LoRA,0,24.6,52.51,0,0,0,0,ATB_46_2026-08-05.csv
2026-07-05T16:34:22Z,59,OTICE_v5_LoRA,7,24.97,60.34,0,0,0,0,ATB_59_2026-08-05.csv
2026-07-05T16:34:24Z,55,OTICE_v5_LoRA,0,0,0,473.38,473.38,26.7,0,ATB_55_2026-08-05.csv
2026-07-05T16:34:31Z,48,OTICE_v5_LoRA,0,24.82,54.08,0,0,0,0,ATB_48_2026-08-05.csv
2026-07-05T16:34:41Z,46_out,OTICE_v5_LoRA,0,24.61,52.51,0,0,0,0,ATB_46_2026-08-05.csv
2026-07-05T16:34:45Z,47,OTICE_v5_LoRA,106,25.08,63.19,559.36,559.36,26.59,0,ATB_47_2026-08-05.csv
2026-07-05T16:34:46Z,54,OTICE_v5_LoRA,0,25.07,58.89,578.12,578.12,26.66,0,ATB_54_2026-08-05.csv
2026-07-05T16:35:01Z,48,OTICE_v5_LoRA,0,24.82,54.08,0,0,0,0,ATB_48_2026-08-05.csv
2026-07-05T16:35:11Z,46_out,OTICE_v5_LoRA,0,24.6,52.51,0,0,0,0,ATB_46_2026-08-05.csv
2026-07-05T16:35:22Z,59,OTICE_v5_LoRA,3,24.98,60.21,0,0,0,0,ATB_59_2026-08-05.csv
2026-07-05T16:35:24Z,55,OTICE_v5_LoRA,0,0,0,474.33,474.33,26.7,0,ATB_55_2026-08-05.csv
2026-07-05T16:35:31Z,48,OTICE_v5_LoRA,0,24.82,54.08,0,0,0,0,ATB_48_2026-08-05.csv
2026-07-05T16:35:41Z,46_out,OTICE_v5_LoRA,0,24.6,52.51,0,0,0,0,ATB_46_2026-08-05.csv
2026-07-05T16:35:45Z,47,OTICE_v5_LoRA,117,25.08,63.19,559.6,559.6,26.59,0,ATB_47_2026-08-05.csv
2026-07-05T16:35:47Z,54,OTICE_v5_LoRA,0,25.06,58.89,578.33,578.33,26.62,0,ATB_54_2026-08-05.csv
2026-07-05T16:36:02Z,48,OTICE_v5_LoRA,0,24.83,54.08,0,0,0,0,ATB_48_2026-08-05.csv
2026-07-05T16:36:11Z,46_out,OTICE_v5_LoRA,0,24.6,52.51,0,0,0,0,ATB_46_2026-08-05.csv
2026-07-05T16:36:22Z,59,OTICE_v5_LoRA,10,24.98,60.31,0,0,0,0,ATB_59_2026-08-05.csv
2026-07-05T16:36:24Z,55,OTICE_v5_LoRA,0,0,0,475.15,475.15,26.67,0,ATB_55_2026-08-05.csv
2026-07-05T16:36:32Z,48,OTICE_v5_LoRA,0,24.83,54.08,0,0,0,0,ATB_48_2026-08-05.csv
2026-07-05T16:36:41Z,46_out,OTICE_v5_LoRA,0,24.6,52.51,0,0,0,0,ATB_46_2026-08-05.csv
2026-07-05T16:37:02Z,48,OTICE_v5_LoRA,0,24.82,54.08,0,0,0,0,ATB_48_2026-08-05.csv
2026-07-05T16:37:11Z,46_out,OTICE_v5_LoRA,0,24.6,52.51,0,0,0,0,ATB_46_2026-08-05.csv
2026-07-05T16:37:22Z,59,OTICE_v5_LoRA,7,24.95,60.34,0,0,0,0,ATB_59_2026-08-05.csv
2026-07-05T16:37:24Z,55,OTICE_v5_LoRA,0,0,0,474.24,474.24,26.7,0,ATB_55_2026-08-05.csv
2026-07-05T16:37:32Z,48,OTICE_v5_LoRA,0,24.82,53.97,0,0,0,0,ATB_48_2026-08-05.csv
2026-07-05T16:37:41Z,46_out,OTICE_v5_LoRA,0,24.6,52.51,0,0,0,0,ATB_46_2026-08-05.csv
2026-07-05T16:37:43Z,47,OTICE_v5_LoRA,115,25.06,63.19,569.27,569.27,26.6,0,ATB_47_2026-08-05.csv
2026-07-05T16:37:46Z,54,OTICE_v5_LoRA,0,25.06,58.99,571.18,571.18,26.62,0,ATB_54_2026-08-05.csv
2026-07-05T16:38:02Z,48,OTICE_v5_LoRA,0,24.83,54.08,0,0,0,0,ATB_48_2026-08-05.csv
2026-07-05T16:38:11Z,46_out,OTICE_v5_LoRA,0,24.6,52.61,0,0,0,0,ATB_46_2026-08-05.csv
2026-07-05T16:38:22Z,59,OTICE_v5_LoRA,5,24.97,60.34,0,0,0,0,ATB_59_2026-08-05.csv
2026-07-05T16:38:24Z,55,OTICE_v5_LoRA,0,0,0,472.37,472.37,26.69,0,ATB_55_2026-08-05.csv
2026-07-05T16:38:32Z,48,OTICE_v5_LoRA,0,24.82,54.08,0,0,0,0,ATB_48_2026-08-05.csv
2026-07-05T16:38:41Z,46_out,OTICE_v5_LoRA,0,24.6,52.51,0,0,0,0,ATB_46_2026-08-05.csv
2026-07-05T16:38:43Z,47,OTICE_v5_LoRA,118,25.06,63.19,567.99,567.99,26.6,0,ATB_47_2026-08-05.csv
2026-07-05T16:38:46Z,54,OTICE_v5_LoRA,0,25.06,58.99,574.04,574.04,26.66,0,ATB_54_2026-08-05.csv
2026-07-05T16:39:02Z,48,OTICE_v5_LoRA,0,24.82,54.08,0,0,0,0,ATB_48_2026-08-05.csv
2026-07-05T16:39:11Z,46_out,OTICE_v5_LoRA,0,24.58,52.61,0,0,0,0,ATB_46_2026-08-05.csv
2026-07-05T16:39:22Z,59,OTICE_v5_LoRA,1,24.97,60.24,0,0,0,0,ATB_59_2026-08-05.csv
2026-07-05T16:39:25Z,55,OTICE_v5_LoRA,8192,0,0,472.39,472.39,26.67,0,ATB_55_2026-08-05.csv
2026-07-05T16:39:32Z,48,OTICE_v5_LoRA,0,24.83,54.08,0,0,0,0,ATB_48_2026-08-05.csv
2026-07-05T16:39:41Z,46_out,OTICE_v5_LoRA,0,24.61,52.61,0,0,0,0,ATB_46_2026-08-05.csv
2026-07-05T16:39:43Z,47,OTICE_v5_LoRA,111,25.06,63.19,566.28,566.28,26.63,0,ATB_47_2026-08-05.csv
2026-07-05T16:39:46Z,54,OTICE_v5_LoRA,0,25.06,58.89,576.4,576.4,26.65,0,ATB_54_2026-08-05.csv
2026-07-05T16:40:02Z,48,OTICE_v5_LoRA,0,24.82,54.18,0,0,0,0,ATB_48_2026-08-05.csv
2026-07-05T16:40:12Z,46_out,OTICE_v5_LoRA,0,24.6,52.61,0,0,0,0,ATB_46_2026-08-05.csv
2026-07-05T16:40:22Z,59,OTICE_v5_LoRA,7,24.97,60.24,0,0,0,0,ATB_59_2026-08-05.csv
2026-07-05T16:40:24Z,55,OTICE_v5_LoRA,0,0,0,471.28,471.28,26.7,0,ATB_55_2026-08-05.csv
2026-07-05T16:40:32Z,48,OTICE_v5_LoRA,0,24.8,54.08,0,0,0,0,ATB_48_2026-08-05.csv
2026-07-05T16:40:42Z,46_out,OTICE_v5_LoRA,0,24.6,52.61,0,0,0,0,ATB_46_2026-08-05.csv
2026-07-05T16:40:44Z,47,OTICE_v5_LoRA,116,25.08,63.09,565.76,565.76,26.62,0,ATB_47_2026-08-05.csv
2026-07-05T16:40:46Z,54,OTICE_v5_LoRA,0,25.06,58.89,575.32,575.32,26.65,0,ATB_54_2026-08-05.csv
2026-07-05T16:41:02Z,48,OTICE_v5_LoRA,0,24.82,54.08,0,0,0,0,ATB_48_2026-08-05.csv
2026-07-05T16:41:12Z,46_out,OTICE_v5_LoRA,0,24.58,52.61,0,0,0,0,ATB_46_2026-08-05.csv
2026-07-05T16:41:23Z,59,OTICE_v5_LoRA,7,24.97,60.34,0,0,0,0,ATB_59_2026-08-05.csv
2026-07-05T16:41:25Z,55,OTICE_v5_LoRA,0,0,0,472.83,472.83,26.69,0,ATB_55_2026-08-05.csv
2026-07-05T16:41:32Z,48,OTICE_v5_LoRA,0,24.82,54.18,0,0,0,0,ATB_48_2026-08-05.csv
2026-07-05T16:41:42Z,46_out,OTICE_v5_LoRA,0,24.58,52.61,0,0,0,0,ATB_46_2026-08-05.csv
2026-07-05T16:41:44Z,47,OTICE_v5_LoRA,120,25.06,63.19,568.2,568.2,26.6,0,ATB_47_2026-08-05.csv
2026-07-05T16:41:46Z,54,OTICE_v5_LoRA,0,25.06,58.99,577.98,577.98,26.65,0,ATB_54_2026-08-05.csv
2026-07-05T16:42:02Z,48,OTICE_v5_LoRA,0,24.83,54.08,0,0,0,0,ATB_48_2026-08-05.csv
2026-07-05T16:42:12Z,46_out,OTICE_v5_LoRA,0,24.6,52.61,0,0,0,0,ATB_46_2026-08-05.csv
2026-07-05T16:42:23Z,59,OTICE_v5_LoRA,7,24.97,60.34,0,0,0,0,ATB_59_2026-08-05.csv
2026-07-05T16:42:25Z,55,OTICE_v5_LoRA,0,0,0,473.01,473.01,26.67,0,ATB_55_2026-08-05.csv
2026-07-05T16:42:32Z,48,OTICE_v5_LoRA,0,24.82,54.18,0,0,0,0,ATB_48_2026-08-05.csv
2026-07-05T16:42:42Z,46_out,OTICE_v5_LoRA,0,24.6,52.61,0,0,0,0,ATB_46_2026-08-05.csv
2026-07-05T16:42:44Z,47,OTICE_v5_LoRA,107,25.06,63.19,567.45,567.45,26.65,0,ATB_47_2026-08-05.csv
2026-07-05T16:42:46Z,54,OTICE_v5_LoRA,0,25.06,58.99,578.47,578.47,26.63,0,ATB_54_2026-08-05.csv
2026-07-05T16:43:02Z,48,OTICE_v5_LoRA,0,24.83,54.08,0,0,0,0,ATB_48_2026-08-05.csv
2026-07-05T16:43:12Z,46_out,OTICE_v5_LoRA,0,24.58,52.61,0,0,0,0,ATB_46_2026-08-05.csv
2026-07-05T16:43:23Z,59,OTICE_v5_LoRA,6,24.97,60.24,0,0,0,0,ATB_59_2026-08-05.csv
2026-07-05T16:43:25Z,55,OTICE_v5_LoRA,0,0,0,472.01,472.01,26.67,0,ATB_55_2026-08-05.csv
2026-07-05T16:43:32Z,48,OTICE_v5_LoRA,0,24.82,54.18,0,0,0,0,ATB_48_2026-08-05.csv
2026-07-05T16:43:42Z,46_out,OTICE_v5_LoRA,0,24.61,52.61,0,0,0,0,ATB_46_2026-08-05.csv
2026-07-05T16:43:44Z,47,OTICE_v5_LoRA,117,25.06,63.09,567.08,567.08,26.51,0,ATB_47_2026-08-05.csv
2026-07-05T16:43:46Z,54,OTICE_v5_LoRA,0,25.06,58.89,578.97,578.97,26.6,0,ATB_54_2026-08-05.csv
2026-07-05T16:44:02Z,48,OTICE_v5_LoRA,0,24.8,54.18,0,0,0,0,ATB_48_2026-08-05.csv
2026-07-05T16:44:12Z,46_out,OTICE_v5_LoRA,0,24.6,52.41,0,0,0,0,ATB_46_2026-08-05.csv
2026-07-05T16:44:23Z,59,OTICE_v5_LoRA,3,24.97,59.85,0,0,0,0,ATB_59_2026-08-05.csv
2026-07-05T16:44:25Z,55,OTICE_v5_LoRA,0,0,0,473.05,473.05,26.67,0,ATB_55_2026-08-05.csv
2026-07-05T16:44:32Z,48,OTICE_v5_LoRA,0,24.79,53.97,0,0,0,0,ATB_48_2026-08-05.csv
2026-07-05T16:44:42Z,46_out,OTICE_v5_LoRA,0,24.62,52.21,0,0,0,0,ATB_46_2026-08-05.csv
2026-07-05T16:44:43Z,47,OTICE_v5_LoRA,109,25.09,62.5,564.54,564.54,26.41,0,ATB_47_2026-08-05.csv
2026-07-05T16:44:46Z,54,OTICE_v5_LoRA,0,25.07,58.39,578.51,578.51,26.54,0,ATB_54_2026-08-05.csv
2026-07-05T16:45:02Z,48,OTICE_v5_LoRA,0,24.8,53.97,0,0,0,0,ATB_48_2026-08-05.csv
2026-07-05T16:45:12Z,46_out,OTICE_v5_LoRA,0,24.62,52.21,0,0,0,0,ATB_46_2026-08-05.csv
2026-07-05T16:45:23Z,59,OTICE_v5_LoRA,4,24.95,59.74,0,0,0,0,ATB_59_2026-08-05.csv
2026-07-05T16:45:25Z,55,OTICE_v5_LoRA,0,0,0,473.43,473.43,26.6,0,ATB_55_2026-08-05.csv
2026-07-05T16:45:32Z,48,OTICE_v5_LoRA,0,24.82,53.97,0,0,0,0,ATB_48_2026-08-05.csv
2026-07-05T16:45:43Z,46_out,OTICE_v5_LoRA,0,24.65,52.21,0,0,0,0,ATB_46_2026-08-05.csv
2026-07-05T16:45:44Z,47,OTICE_v5_LoRA,105,25.09,62.6,562.27,562.27,26.39,0,ATB_47_2026-08-05.csv
2026-07-05T16:45:46Z,54,OTICE_v5_LoRA,0,25.06,58.79,576.15,576.15,26.52,0,ATB_54_2026-08-05.csv
2026-07-05T16:46:02Z,48,OTICE_v5_LoRA,0,24.82,53.97,0,0,0,0,ATB_48_2026-08-05.csv
2026-07-05T16:46:13Z,46_out,OTICE_v5_LoRA,0,24.64,52.21,0,0,0,0,ATB_46_2026-08-05.csv
2026-07-05T16:46:23Z,59,OTICE_v5_LoRA,3,24.97,59.74,0,0,0,0,ATB_59_2026-08-05.csv
2026-07-05T16:46:25Z,55,OTICE_v5_LoRA,0,0,0,474.67,474.67,26.57,0,ATB_55_2026-08-05.csv
2026-07-05T16:46:32Z,48,OTICE_v5_LoRA,0,24.8,53.97,0,0,0,0,ATB_48_2026-08-05.csv
2026-07-05T16:46:43Z,46_out,OTICE_v5_LoRA,0,24.64,52.21,0,0,0,0,ATB_46_2026-08-05.csv
2026-07-05T16:46:44Z,47,OTICE_v5_LoRA,105,25.08,62.5,562.37,562.37,26.36,0,ATB_47_2026-08-05.csv
2026-07-05T16:46:46Z,54,OTICE_v5_LoRA,0,25.07,58.39,576.66,576.66,26.48,0,ATB_54_2026-08-05.csv
2026-07-05T16:47:02Z,48,OTICE_v5_LoRA,0,24.79,54.08,0,0,0,0,ATB_48_2026-08-05.csv
2026-07-05T16:47:13Z,46_out,OTICE_v5_LoRA,0,24.61,52.31,0,0,0,0,ATB_46_2026-08-05.csv
2026-07-05T16:47:23Z,59,OTICE_v5_LoRA,2,24.97,59.64,0,0,0,0,ATB_59_2026-08-05.csv
2026-07-05T16:47:25Z,55,OTICE_v5_LoRA,0,0,0,473.38,473.38,26.56,0,ATB_55_2026-08-05.csv
2026-07-05T16:47:32Z,48,OTICE_v5_LoRA,0,24.8,54.08,0,0,0,0,ATB_48_2026-08-05.csv
2026-07-05T16:47:43Z,46_out,OTICE_v5_LoRA,0,24.61,52.31,0,0,0,0,ATB_46_2026-08-05.csv
2026-07-05T16:47:44Z,47,OTICE_v5_LoRA,110,25.09,62.5,562.14,562.14,26.43,0,ATB_47_2026-08-05.csv
2026-07-05T16:47:47Z,54,OTICE_v5_LoRA,0,25.06,58.5,581.84,581.84,26.52,0,ATB_54_2026-08-05.csv
2026-07-05T16:48:02Z,48,OTICE_v5_LoRA,0,24.79,54.08,0,0,0,0,ATB_48_2026-08-05.csv
2026-07-05T16:48:13Z,46_out,OTICE_v5_LoRA,0,24.6,52.41,0,0,0,0,ATB_46_2026-08-05.csv
2026-07-05T16:48:23Z,59,OTICE_v5_LoRA,4,24.97,59.74,0,0,0,0,ATB_59_2026-08-05.csv
2026-07-05T16:48:25Z,55,OTICE_v5_LoRA,0,0,0,473.2,473.2,26.53,0,ATB_55_2026-08-05.csv
2026-07-05T16:48:32Z,48,OTICE_v5_LoRA,0,24.8,54.08,0,0,0,0,ATB_48_2026-08-05.csv
2026-07-05T16:48:43Z,46_out,OTICE_v5_LoRA,0,24.6,52.41,0,0,0,0,ATB_46_2026-08-05.csv
2026-07-05T16:48:44Z,47,OTICE_v5_LoRA,107,25.08,62.6,564.1,564.1,26.38,0,ATB_47_2026-08-05.csv
2026-07-05T16:48:47Z,54,OTICE_v5_LoRA,0,25.07,58.69,581.52,581.52,26.55,0,ATB_54_2026-08-05.csv
2026-07-05T16:49:03Z,48,OTICE_v5_LoRA,0,24.79,54.18,0,0,0,0,ATB_48_2026-08-05.csv
2026-07-05T16:49:13Z,46_out,OTICE_v5_LoRA,0,24.58,52.41,0,0,0,0,ATB_46_2026-08-05.csv
2026-07-05T16:49:23Z,59,OTICE_v5_LoRA,5,24.97,59.74,0,0,0,0,ATB_59_2026-08-05.csv
2026-07-05T16:49:25Z,55,OTICE_v5_LoRA,0,0,0,474.88,474.88,26.52,0,ATB_55_2026-08-05.csv
2026-07-05T16:49:32Z,48,OTICE_v5_LoRA,0,24.79,54.18,0,0,0,0,ATB_48_2026-08-05.csv
2026-07-05T16:49:43Z,46_out,OTICE_v5_LoRA,0,24.6,52.41,0,0,0,0,ATB_46_2026-08-05.csv
2026-07-05T16:49:44Z,47,OTICE_v5_LoRA,101,25.08,62.4,564.61,564.61,26.28,0,ATB_47_2026-08-05.csv
2026-07-05T16:49:47Z,54,OTICE_v5_LoRA,0,25.07,58.2,577.52,577.52,26.39,0,ATB_54_2026-08-05.csv
2026-07-05T16:50:02Z,48,OTICE_v5_LoRA,0,24.79,54.18,0,0,0,0,ATB_48_2026-08-05.csv
2026-07-05T16:50:13Z,46_out,OTICE_v5_LoRA,0,24.61,52.41,0,0,0,0,ATB_46_2026-08-05.csv
2026-07-05T16:50:23Z,59,OTICE_v5_LoRA,2,24.92,59.64,0,0,0,0,ATB_59_2026-08-05.csv
2026-07-05T16:50:25Z,55,OTICE_v5_LoRA,0,0,0,473.92,473.92,26.49,0,ATB_55_2026-08-05.csv
2026-07-05T16:50:33Z,48,OTICE_v5_LoRA,0,24.79,54.18,0,0,0,0,ATB_48_2026-08-05.csv
2026-07-05T16:50:43Z,46_out,OTICE_v5_LoRA,0,24.58,52.51,0,0,0,0,ATB_46_2026-08-05.csv
2026-07-05T16:50:44Z,47,OTICE_v5_LoRA,105,25.09,62.5,564.28,564.28,26.31,0,ATB_47_2026-08-05.csv
2026-07-05T16:50:47Z,54,OTICE_v5_LoRA,0,25.1,58.2,576.3,576.3,26.45,0,ATB_54_2026-08-05.csv
2026-07-05T16:51:03Z,48,OTICE_v5_LoRA,0,24.8,54.18,0,0,0,0,ATB_48_2026-08-05.csv
2026-07-05T16:51:13Z,46_out,OTICE_v5_LoRA,0,24.58,52.51,0,0,0,0,ATB_46_2026-08-05.csv
2026-07-05T16:51:24Z,59,OTICE_v5_LoRA,5,24.94,59.64,0,0,0,0,ATB_59_2026-08-05.csv
2026-07-05T16:51:25Z,55,OTICE_v5_LoRA,0,0,0,472.87,472.87,26.47,0,ATB_55_2026-08-05.csv
2026-07-05T16:51:33Z,48,OTICE_v5_LoRA,0,24.79,54.18,0,0,0,0,ATB_48_2026-08-05.csv
2026-07-05T16:51:44Z,46_out,OTICE_v5_LoRA,0,24.58,52.51,0,0,0,0,ATB_46_2026-08-05.csv
2026-07-05T16:51:44Z,47,OTICE_v5_LoRA,106,25.06,62.4,565.96,565.96,26.22,0,ATB_47_2026-08-05.csv
2026-07-05T16:51:47Z,54,OTICE_v5_LoRA,0,25.08,58.2,578.28,578.28,26.38,0,ATB_54_2026-08-05.csv
2026-07-05T16:52:03Z,48,OTICE_v5_LoRA,0,24.82,54.18,0,0,0,0,ATB_48_2026-08-05.csv
2026-07-05T16:52:14Z,46_out,OTICE_v5_LoRA,0,24.58,52.61,0,0,0,0,ATB_46_2026-08-05.csv
2026-07-05T16:52:24Z,59,OTICE_v5_LoRA,4,24.92,59.94,0,0,0,0,ATB_59_2026-08-05.csv
2026-07-05T16:52:25Z,55,OTICE_v5_LoRA,0,0,0,474.51,474.51,26.5,0,ATB_55_2026-08-05.csv
2026-07-05T16:52:33Z,48,OTICE_v5_LoRA,0,24.8,54.18,0,0,0,0,ATB_48_2026-08-05.csv
2026-07-05T16:52:44Z,46_out,OTICE_v5_LoRA,0,24.6,52.51,0,0,0,0,ATB_46_2026-08-05.csv
2026-07-05T16:52:44Z,47,OTICE_v5_LoRA,106,25.05,62.4,568.5,568.5,26.18,0,ATB_47_2026-08-05.csv
2026-07-05T16:52:47Z,54,OTICE_v5_LoRA,0,25.06,58.2,579.56,579.56,26.28,0,ATB_54_2026-08-05.csv
2026-07-05T16:53:03Z,48,OTICE_v5_LoRA,0,24.8,54.18,0,0,0,0,ATB_48_2026-08-05.csv
2026-07-05T16:53:14Z,46_out,OTICE_v5_LoRA,0,24.58,52.51,0,0,0,0,ATB_46_2026-08-05.csv
2026-07-05T16:53:24Z,59,OTICE_v5_LoRA,3,24.92,59.85,0,0,0,0,ATB_59_2026-08-05.csv
2026-07-05T16:53:25Z,55,OTICE_v5_LoRA,0,0,0,480.23,480.23,26.49,0,ATB_55_2026-08-05.csv
2026-07-05T16:53:33Z,48,OTICE_v5_LoRA,0,24.82,54.18,0,0,0,0,ATB_48_2026-08-05.csv
2026-07-05T16:53:44Z,46_out,OTICE_v5_LoRA,0,24.6,52.61,0,0,0,0,ATB_46_2026-08-05.csv
2026-07-05T16:53:44Z,47,OTICE_v5_LoRA,103,25.05,62.5,566.89,566.89,26.25,0,ATB_47_2026-08-05.csv
2026-07-05T16:53:47Z,54,OTICE_v5_LoRA,0,25.08,58.2,579.19,579.19,26.35,0,ATB_54_2026-08-05.csv
2026-07-05T16:54:03Z,48,OTICE_v5_LoRA,0,24.82,54.18,0,0,0,0,ATB_48_2026-08-05.csv
2026-07-05T16:54:14Z,46_out,OTICE_v5_LoRA,0,24.61,52.51,0,0,0,0,ATB_46_2026-08-05.csv
2026-07-05T16:54:24Z,59,OTICE_v5_LoRA,10,24.9,59.94,0,0,0,0,ATB_59_2026-08-05.csv
2026-07-05T16:54:25Z,55,OTICE_v5_LoRA,0,0,0,477.41,477.41,26.5,0,ATB_55_2026-08-05.csv
2026-07-05T16:54:33Z,48,OTICE_v5_LoRA,0,24.82,54.18,0,0,0,0,ATB_48_2026-08-05.csv
2026-07-05T16:54:44Z,46_out,OTICE_v5_LoRA,0,24.61,52.51,0,0,0,0,ATB_46_2026-08-05.csv
2026-07-05T16:54:44Z,47,OTICE_v5_LoRA,107,25.04,62.7,565.25,565.25,26.19,0,ATB_47_2026-08-05.csv
2026-07-05T16:54:47Z,54,OTICE_v5_LoRA,0,25.06,58.39,580.27,580.27,26.25,0,ATB_54_2026-08-05.csv
2026-07-05T16:55:03Z,48,OTICE_v5_LoRA,0,24.82,54.18,0,0,0,0,ATB_48_2026-08-05.csv
2026-07-05T16:55:14Z,46_out,OTICE_v5_LoRA,0,24.61,52.41,0,0,0,0,ATB_46_2026-08-05.csv
2026-07-05T16:55:24Z,59,OTICE_v5_LoRA,10,24.9,59.85,0,0,0,0,ATB_59_2026-08-05.csv
2026-07-05T16:55:25Z,55,OTICE_v5_LoRA,0,0,0,476.91,476.91,26.49,0,ATB_55_2026-08-05.csv
2026-07-05T16:55:33Z,48,OTICE_v5_LoRA,0,24.79,54.08,0,0,0,0,ATB_48_2026-08-05.csv
2026-07-05T16:55:44Z,46_out,OTICE_v5_LoRA,0,24.6,52.51,0,0,0,0,ATB_46_2026-08-05.csv
2026-07-05T16:55:44Z,47,OTICE_v5_LoRA,108,25.05,62.6,565.8,565.8,26.19,0,ATB_47_2026-08-05.csv
2026-07-05T16:55:47Z,54,OTICE_v5_LoRA,0,25.07,58.3,582.45,582.45,26.28,0,ATB_54_2026-08-05.csv
2026-07-05T16:56:03Z,48,OTICE_v5_LoRA,0,24.8,54.08,0,0,0,0,ATB_48_2026-08-05.csv
2026-07-05T16:56:14Z,46_out,OTICE_v5_LoRA,0,24.6,52.51,0,0,0,0,ATB_46_2026-08-05.csv
2026-07-05T16:56:24Z,59,OTICE_v5_LoRA,5,24.9,59.85,0,0,0,0,ATB_59_2026-08-05.csv
2026-07-05T16:56:25Z,55,OTICE_v5_LoRA,0,0,0,477.85,477.85,26.49,0,ATB_55_2026-08-05.csv
2026-07-05T16:56:44Z,46_out,OTICE_v5_LoRA,0,24.58,52.51,0,0,0,0,ATB_46_2026-08-05.csv
2026-07-05T16:56:45Z,47,OTICE_v5_LoRA,105,25.04,62.6,565.06,565.06,26.21,0,ATB_47_2026-08-05.csv
2026-07-05T16:56:47Z,54,OTICE_v5_LoRA,0,25.08,58.3,586.87,586.87,26.35,0,ATB_54_2026-08-05.csv
2026-07-05T16:56:59Z,48,OTICE_v5_LoRA,0,24.8,54.08,0,0,0,0,ATB_48_2026-08-05.csv
2026-07-05T16:57:14Z,46_out,OTICE_v5_LoRA,0,24.6,52.41,0,0,0,0,ATB_46_2026-08-05.csv
2026-07-05T16:57:24Z,59,OTICE_v5_LoRA,1,24.9,59.85,0,0,0,0,ATB_59_2026-08-05.csv
2026-07-05T16:57:29Z,48,OTICE_v5_LoRA,0,24.82,53.97,0,0,0,0,ATB_48_2026-08-05.csv
2026-07-05T16:57:31Z,55,OTICE_v5_LoRA,0,0,0,467.1,467.1,26.5,0,ATB_55_2026-08-05.csv
2026-07-05T16:57:44Z,47,OTICE_v5_LoRA,109,25.01,62.6,564.66,564.66,26.17,0,ATB_47_2026-08-05.csv
2026-07-05T16:57:45Z,46_out,OTICE_v5_LoRA,0,24.58,52.41,0,0,0,0,ATB_46_2026-08-05.csv
2026-07-05T16:57:47Z,54,OTICE_v5_LoRA,0,25.04,58.33,586.83,586.83,26.24,0,ATB_54_2026-08-05.csv
2026-07-05T16:57:59Z,48,OTICE_v5_LoRA,0,24.8,53.97,0,0,0,0,ATB_48_2026-08-05.csv
2026-07-05T16:58:15Z,46_out,OTICE_v5_LoRA,0,24.6,52.41,0,0,0,0,ATB_46_2026-08-05.csv
2026-07-05T16:58:24Z,59,OTICE_v5_LoRA,4,24.89,59.85,0,0,0,0,ATB_59_2026-08-05.csv
2026-07-05T16:58:29Z,48,OTICE_v5_LoRA,0,24.8,53.97,0,0,0,0,ATB_48_2026-08-05.csv
2026-07-05T16:58:31Z,55,OTICE_v5_LoRA,0,0,0,469.31,469.31,26.49,0,ATB_55_2026-08-05.csv
2026-07-05T16:58:45Z,46_out,OTICE_v5_LoRA,0,24.62,52.31,0,0,0,0,ATB_46_2026-08-05.csv
2026-07-05T16:58:45Z,47,OTICE_v5_LoRA,110,25,62.6,564.92,564.92,26.17,0,ATB_47_2026-08-05.csv
2026-07-05T16:58:47Z,54,OTICE_v5_LoRA,0,25.06,58.39,582.45,582.45,26.25,0,ATB_54_2026-08-05.csv
2026-07-05T16:58:59Z,48,OTICE_v5_LoRA,0,24.8,53.97,0,0,0,0,ATB_48_2026-08-05.csv
2026-07-05T16:59:15Z,46_out,OTICE_v5_LoRA,0,24.61,52.41,0,0,0,0,ATB_46_2026-08-05.csv
2026-07-05T16:59:24Z,59,OTICE_v5_LoRA,6,24.89,59.85,0,0,0,0,ATB_59_2026-08-05.csv
2026-07-05T16:59:29Z,48,OTICE_v5_LoRA,0,24.8,53.97,0,0,0,0,ATB_48_2026-08-05.csv
2026-07-05T16:59:31Z,55,OTICE_v5_LoRA,0,0,0,470.24,470.24,26.47,0,ATB_55_2026-08-05.csv
2026-07-05T16:59:45Z,46_out,OTICE_v5_LoRA,0,24.61,52.41,0,0,0,0,ATB_46_2026-08-05.csv
2026-07-05T16:59:45Z,47,OTICE_v5_LoRA,114,24.99,62.6,560.86,560.86,26.21,0,ATB_47_2026-08-05.csv
2026-07-05T16:59:47Z,54,OTICE_v5_LoRA,0,25.04,58.52,582.88,582.88,26.32,0,ATB_54_2026-08-05.csv
2026-07-05T16:59:59Z,48,OTICE_v5_LoRA,0,24.82,54.08,0,0,0,0,ATB_48_2026-08-05.csv
2026-07-05T17:00:15Z,46_out,OTICE_v5_LoRA,0,24.62,52.31,0,0,0,0,ATB_46_2026-08-05.csv
2026-07-05T17:00:24Z,59,OTICE_v5_LoRA,6,24.89,59.74,0,0,0,0,ATB_59_2026-08-05.csv
2026-07-05T17:00:29Z,48,OTICE_v5_LoRA,0,24.8,53.97,0,0,0,0,ATB_48_2026-08-05.csv
2026-07-05T17:00:31Z,55,OTICE_v5_LoRA,0,0,0,471.35,471.35,26.47,0,ATB_55_2026-08-05.csv
2026-07-05T17:00:45Z,46_out,OTICE_v5_LoRA,0,24.62,52.31,0,0,0,0,ATB_46_2026-08-05.csv
2026-07-05T17:00:45Z,47,OTICE_v5_LoRA,105,25,62.6,560,560,26.14,0,ATB_47_2026-08-05.csv
2026-07-05T17:00:47Z,54,OTICE_v5_LoRA,0,25.06,58.2,579.49,579.49,26.3,0,ATB_54_2026-08-05.csv
2026-07-05T17:00:59Z,48,OTICE_v5_LoRA,0,24.82,53.97,0,0,0,0,ATB_48_2026-08-05.csv
2026-07-05T17:01:15Z,46_out,OTICE_v5_LoRA,0,24.6,52.31,0,0,0,0,ATB_46_2026-08-05.csv
2026-07-05T17:01:25Z,59,OTICE_v5_LoRA,6,24.87,59.85,0,0,0,0,ATB_59_2026-08-05.csv
2026-07-05T17:01:29Z,48,OTICE_v5_LoRA,0,24.8,53.97,0,0,0,0,ATB_48_2026-08-05.csv
2026-07-05T17:01:31Z,55,OTICE_v5_LoRA,0,0,0,471.52,471.52,26.47,0,ATB_55_2026-08-05.csv
2026-07-05T17:01:45Z,46_out,OTICE_v5_LoRA,0,24.58,52.41,0,0,0,0,ATB_46_2026-08-05.csv
2026-07-05T17:01:45Z,47,OTICE_v5_LoRA,104,24.99,62.7,557.47,557.47,26.11,0,ATB_47_2026-08-05.csv
2026-07-05T17:01:47Z,54,OTICE_v5_LoRA,0,25.04,58.33,575.91,575.91,26.27,0,ATB_54_2026-08-05.csv
2026-07-05T17:01:59Z,48,OTICE_v5_LoRA,0,24.77,53.97,0,0,0,0,ATB_48_2026-08-05.csv
2026-07-05T17:02:15Z,46_out,OTICE_v5_LoRA,0,24.6,52.41,0,0,0,0,ATB_46_2026-08-05.csv
2026-07-05T17:02:25Z,59,OTICE_v5_LoRA,7,24.86,59.94,0,0,0,0,ATB_59_2026-08-05.csv
2026-07-05T17:02:29Z,48,OTICE_v5_LoRA,0,24.79,53.97,0,0,0,0,ATB_48_2026-08-05.csv
2026-07-05T17:02:31Z,55,OTICE_v5_LoRA,0,0,0,473.82,473.82,26.44,0,ATB_55_2026-08-05.csv
2026-07-05T17:02:45Z,46_out,OTICE_v5_LoRA,0,24.58,52.41,0,0,0,0,ATB_46_2026-08-05.csv
2026-07-05T17:02:45Z,47,OTICE_v5_LoRA,107,24.99,62.6,557.72,557.72,26.12,0,ATB_47_2026-08-05.csv
2026-07-05T17:02:47Z,54,OTICE_v5_LoRA,0,25.04,58.22,573.8,573.8,26.3,0,ATB_54_2026-08-05.csv
2026-07-05T17:02:59Z,48,OTICE_v5_LoRA,0,24.79,53.97,0,0,0,0,ATB_48_2026-08-05.csv
2026-07-05T17:03:15Z,46_out,OTICE_v5_LoRA,0,24.58,52.31,0,0,0,0,ATB_46_2026-08-05.csv
2026-07-05T17:03:25Z,59,OTICE_v5_LoRA,9,24.86,59.85,0,0,0,0,ATB_59_2026-08-05.csv
2026-07-05T17:03:29Z,48,OTICE_v5_LoRA,0,24.79,53.97,0,0,0,0,ATB_48_2026-08-05.csv
2026-07-05T17:03:31Z,55,OTICE_v5_LoRA,0,0,0,473.17,473.17,26.42,0,ATB_55_2026-08-05.csv
2026-07-05T17:03:45Z,47,OTICE_v5_LoRA,102,24.99,62.5,558.75,558.75,26.08,0,ATB_47_2026-08-05.csv
2026-07-05T17:03:46Z,46_out,OTICE_v5_LoRA,0,24.55,52.41,0,0,0,0,ATB_46_2026-08-05.csv
2026-07-05T17:03:47Z,54,OTICE_v5_LoRA,0,25.04,58.12,576.85,576.85,26.25,0,ATB_54_2026-08-05.csv
2026-07-05T17:03:59Z,48,OTICE_v5_LoRA,0,24.79,53.97,0,0,0,0,ATB_48_2026-08-05.csv
2026-07-05T17:04:16Z,46_out,OTICE_v5_LoRA,0,24.55,52.41,0,0,0,0,ATB_46_2026-08-05.csv
2026-07-05T17:04:25Z,59,OTICE_v5_LoRA,4,24.83,59.85,0,0,0,0,ATB_59_2026-08-05.csv
2026-07-05T17:04:29Z,48,OTICE_v5_LoRA,0,24.77,53.97,0,0,0,0,ATB_48_2026-08-05.csv
2026-07-05T17:04:31Z,55,OTICE_v5_LoRA,0,0,0,472.11,472.11,26.44,0,ATB_55_2026-08-05.csv
2026-07-05T17:04:45Z,47,OTICE_v5_LoRA,108,24.97,62.7,557.37,557.37,26.19,0,ATB_47_2026-08-05.csv
2026-07-05T17:04:46Z,46_out,OTICE_v5_LoRA,0,24.55,52.41,0,0,0,0,ATB_46_2026-08-05.csv
2026-07-05T17:04:48Z,54,OTICE_v5_LoRA,0,25.03,58.52,577.57,577.57,26.3,0,ATB_54_2026-08-05.csv
2026-07-05T17:04:59Z,48,OTICE_v5_LoRA,0,24.77,54.08,0,0,0,0,ATB_48_2026-08-05.csv
2026-07-05T17:05:16Z,46_out,OTICE_v5_LoRA,0,24.57,52.41,0,0,0,0,ATB_46_2026-08-05.csv
2026-07-05T17:05:25Z,59,OTICE_v5_LoRA,8,24.84,60.24,0,0,0,0,ATB_59_2026-08-05.csv
2026-07-05T17:05:29Z,48,OTICE_v5_LoRA,0,24.76,54.08,0,0,0,0,ATB_48_2026-08-05.csv
2026-07-05T17:05:31Z,55,OTICE_v5_LoRA,0,0,0,472.69,472.69,26.52,0,ATB_55_2026-08-05.csv
2026-07-05T17:05:45Z,47,OTICE_v5_LoRA,110,24.99,62.9,559.88,559.88,26.29,0,ATB_47_2026-08-05.csv
2026-07-05T17:05:46Z,46_out,OTICE_v5_LoRA,0,24.57,52.41,0,0,0,0,ATB_46_2026-08-05.csv
2026-07-05T17:05:48Z,54,OTICE_v5_LoRA,0,25,58.62,580.22,580.22,26.36,0,ATB_54_2026-08-05.csv
2026-07-05T17:05:59Z,48,OTICE_v5_LoRA,0,24.76,53.97,0,0,0,0,ATB_48_2026-08-05.csv
2026-07-05T17:06:16Z,46_out,OTICE_v5_LoRA,0,24.57,52.31,0,0,0,0,ATB_46_2026-08-05.csv
2026-07-05T17:06:25Z,59,OTICE_v5_LoRA,9,24.86,60.14,0,0,0,0,ATB_59_2026-08-05.csv
2026-07-05T17:06:29Z,48,OTICE_v5_LoRA,0,24.77,53.97,0,0,0,0,ATB_48_2026-08-05.csv
2026-07-05T17:06:31Z,55,OTICE_v5_LoRA,0,0,0,475.46,475.46,26.54,0,ATB_55_2026-08-05.csv
2026-07-05T17:06:45Z,47,OTICE_v5_LoRA,113,24.99,63,560.17,560.17,26.42,0,ATB_47_2026-08-05.csv
2026-07-05T17:06:46Z,46_out,OTICE_v5_LoRA,0,24.57,52.31,0,0,0,0,ATB_46_2026-08-05.csv
2026-07-05T17:06:48Z,54,OTICE_v5_LoRA,0,25,58.82,582.37,582.37,26.42,0,ATB_54_2026-08-05.csv
2026-07-05T17:06:59Z,48,OTICE_v5_LoRA,0,24.76,53.88,0,0,0,0,ATB_48_2026-08-05.csv
2026-07-05T17:07:16Z,46_out,OTICE_v5_LoRA,0,24.57,52.31,0,0,0,0,ATB_46_2026-08-05.csv
2026-07-05T17:07:25Z,59,OTICE_v5_LoRA,6,24.87,60.04,0,0,0,0,ATB_59_2026-08-05.csv
2026-07-05T17:07:30Z,48,OTICE_v5_LoRA,0,24.77,53.97,0,0,0,0,ATB_48_2026-08-05.csv
2026-07-05T17:07:31Z,55,OTICE_v5_LoRA,0,0,0,475.68,475.68,26.59,0,ATB_55_2026-08-05.csv
2026-07-05T17:07:45Z,47,OTICE_v5_LoRA,111,24.97,63.09,560.36,560.36,26.43,0,ATB_47_2026-08-05.csv
2026-07-05T17:07:46Z,46_out,OTICE_v5_LoRA,0,24.58,52.31,0,0,0,0,ATB_46_2026-08-05.csv
2026-07-05T17:07:48Z,54,OTICE_v5_LoRA,0,25.01,58.82,582.54,582.54,26.45,0,ATB_54_2026-08-05.csv
2026-07-05T17:08:00Z,48,OTICE_v5_LoRA,0,24.77,53.97,0,0,0,0,ATB_48_2026-08-05.csv
2026-07-05T17:08:16Z,46_out,OTICE_v5_LoRA,0,24.55,52.31,0,0,0,0,ATB_46_2026-08-05.csv
2026-07-05T17:08:25Z,59,OTICE_v5_LoRA,8,24.89,60.04,0,0,0,0,ATB_59_2026-08-05.csv
2026-07-05T17:08:30Z,48,OTICE_v5_LoRA,0,24.77,53.88,0,0,0,0,ATB_48_2026-08-05.csv
2026-07-05T17:08:31Z,55,OTICE_v5_LoRA,0,0,0,474.46,474.46,26.6,0,ATB_55_2026-08-05.csv
2026-07-05T17:08:45Z,47,OTICE_v5_LoRA,112,24.99,62.9,558.84,558.84,26.42,0,ATB_47_2026-08-05.csv
2026-07-05T17:08:46Z,46_out,OTICE_v5_LoRA,0,24.55,52.31,0,0,0,0,ATB_46_2026-08-05.csv
2026-07-05T17:08:48Z,54,OTICE_v5_LoRA,0,25.01,58.72,582.68,582.68,26.49,0,ATB_54_2026-08-05.csv
2026-07-05T17:09:00Z,48,OTICE_v5_LoRA,0,24.76,53.88,0,0,0,0,ATB_48_2026-08-05.csv
2026-07-05T17:09:17Z,46_out,OTICE_v5_LoRA,0,24.55,52.31,0,0,0,0,ATB_46_2026-08-05.csv
2026-07-05T17:09:25Z,59,OTICE_v5_LoRA,14,24.87,60.14,0,0,0,0,ATB_59_2026-08-05.csv
2026-07-05T17:09:30Z,48,OTICE_v5_LoRA,0,24.76,53.97,0,0,0,0,ATB_48_2026-08-05.csv
2026-07-05T17:09:31Z,55,OTICE_v5_LoRA,0,0,0,472.12,472.12,26.6,0,ATB_55_2026-08-05.csv
2026-07-05T17:09:46Z,47,OTICE_v5_LoRA,117,25,63,554.04,554.04,26.48,0,ATB_47_2026-08-05.csv
2026-07-05T17:09:47Z,46_out,OTICE_v5_LoRA,0,24.53,52.31,0,0,0,0,ATB_46_2026-08-05.csv
2026-07-05T17:09:48Z,54,OTICE_v5_LoRA,0,24.98,58.82,586.35,586.35,26.52,0,ATB_54_2026-08-05.csv
2026-07-05T17:10:00Z,48,OTICE_v5_LoRA,0,24.76,53.88,0,0,0,0,ATB_48_2026-08-05.csv
2026-07-05T17:10:17Z,46_out,OTICE_v5_LoRA,0,24.55,52.31,0,0,0,0,ATB_46_2026-08-05.csv
2026-07-05T17:10:25Z,59,OTICE_v5_LoRA,10,24.87,60.14,0,0,0,0,ATB_59_2026-08-05.csv
2026-07-05T17:10:30Z,48,OTICE_v5_LoRA,0,24.76,53.88,0,0,0,0,ATB_48_2026-08-05.csv
2026-07-05T17:10:31Z,55,OTICE_v5_LoRA,0,0,0,470.75,470.75,26.59,0,ATB_55_2026-08-05.csv
2026-07-05T17:10:46Z,47,OTICE_v5_LoRA,115,24.97,63.09,555.1,555.1,26.51,0,ATB_47_2026-08-05.csv
2026-07-05T17:10:47Z,46_out,OTICE_v5_LoRA,0,24.53,52.31,0,0,0,0,ATB_46_2026-08-05.csv
2026-07-05T17:10:48Z,54,OTICE_v5_LoRA,0,24.97,58.82,585.39,585.39,26.51,0,ATB_54_2026-08-05.csv
2026-07-05T17:11:00Z,48,OTICE_v5_LoRA,0,24.76,53.88,0,0,0,0,ATB_48_2026-08-05.csv
2026-07-05T17:11:17Z,46_out,OTICE_v5_LoRA,0,24.53,52.31,0,0,0,0,ATB_46_2026-08-05.csv
2026-07-05T17:11:26Z,59,OTICE_v5_LoRA,9,24.87,60.14,0,0,0,0,ATB_59_2026-08-05.csv
2026-07-05T17:11:30Z,48,OTICE_v5_LoRA,0,24.76,53.88,0,0,0,0,ATB_48_2026-08-05.csv
2026-07-05T17:11:31Z,55,OTICE_v5_LoRA,0,0,0,469.06,469.06,26.6,0,ATB_55_2026-08-05.csv
2026-07-05T17:11:47Z,46_out,OTICE_v5_LoRA,0,24.55,52.31,0,0,0,0,ATB_46_2026-08-05.csv
2026-07-05T17:11:47Z,47,OTICE_v5_LoRA,116,24.97,63.09,555.04,555.04,26.51,0,ATB_47_2026-08-05.csv
2026-07-05T17:11:48Z,54,OTICE_v5_LoRA,0,24.98,58.82,585.05,585.05,26.52,0,ATB_54_2026-08-05.csv
2026-07-05T17:12:00Z,48,OTICE_v5_LoRA,0,24.76,53.88,0,0,0,0,ATB_48_2026-08-05.csv
2026-07-05T17:12:17Z,46_out,OTICE_v5_LoRA,0,24.53,52.31,0,0,0,0,ATB_46_2026-08-05.csv
2026-07-05T17:12:25Z,59,OTICE_v5_LoRA,10,24.87,60.14,0,0,0,0,ATB_59_2026-08-05.csv
2026-07-05T17:12:30Z,48,OTICE_v5_LoRA,0,24.76,53.88,0,0,0,0,ATB_48_2026-08-05.csv
2026-07-05T17:12:31Z,55,OTICE_v5_LoRA,0,0,0,469.26,469.26,26.6,0,ATB_55_2026-08-05.csv
2026-07-05T17:12:46Z,47,OTICE_v5_LoRA,110,24.97,63,556.53,556.53,26.51,0,ATB_47_2026-08-05.csv
2026-07-05T17:12:47Z,46_out,OTICE_v5_LoRA,0,24.53,52.31,0,0,0,0,ATB_46_2026-08-05.csv
2026-07-05T17:12:48Z,54,OTICE_v5_LoRA,0,24.98,58.82,583.53,583.53,26.49,0,ATB_54_2026-08-05.csv
2026-07-05T17:13:00Z,48,OTICE_v5_LoRA,0,24.76,53.88,0,0,0,0,ATB_48_2026-08-05.csv
2026-07-05T17:13:17Z,46_out,OTICE_v5_LoRA,0,24.53,52.31,0,0,0,0,ATB_46_2026-08-05.csv
2026-07-05T17:13:26Z,59,OTICE_v5_LoRA,10,24.86,60.14,0,0,0,0,ATB_59_2026-08-05.csv
2026-07-05T17:13:30Z,48,OTICE_v5_LoRA,0,24.75,53.88,0,0,0,0,ATB_48_2026-08-05.csv
2026-07-05T17:13:31Z,55,OTICE_v5_LoRA,0,0,0,468.32,468.32,26.63,0,ATB_55_2026-08-05.csv
2026-07-05T17:13:46Z,47,OTICE_v5_LoRA,113,24.99,63,555.82,555.82,26.53,0,ATB_47_2026-08-05.csv
2026-07-05T17:13:47Z,46_out,OTICE_v5_LoRA,0,24.53,52.41,0,0,0,0,ATB_46_2026-08-05.csv
2026-07-05T17:13:48Z,54,OTICE_v5_LoRA,0,24.97,58.82,581.47,581.47,26.55,0,ATB_54_2026-08-05.csv
2026-07-05T17:14:00Z,48,OTICE_v5_LoRA,0,24.76,53.88,0,0,0,0,ATB_48_2026-08-05.csv
2026-07-05T17:14:17Z,46_out,OTICE_v5_LoRA,0,24.55,52.41,0,0,0,0,ATB_46_2026-08-05.csv
2026-07-05T17:14:26Z,59,OTICE_v5_LoRA,9,24.87,60.04,0,0,0,0,ATB_59_2026-08-05.csv
2026-07-05T17:14:30Z,48,OTICE_v5_LoRA,0,24.75,53.97,0,0,0,0,ATB_48_2026-08-05.csv
2026-07-05T17:14:31Z,55,OTICE_v5_LoRA,0,0,0,468.93,468.93,26.62,0,ATB_55_2026-08-05.csv
2026-07-05T17:14:46Z,47,OTICE_v5_LoRA,118,24.97,63,557.18,557.18,26.48,0,ATB_47_2026-08-05.csv
2026-07-05T17:14:47Z,46_out,OTICE_v5_LoRA,0,24.55,52.31,0,0,0,0,ATB_46_2026-08-05.csv
2026-07-05T17:14:48Z,54,OTICE_v5_LoRA,0,24.98,58.72,582.95,582.95,26.51,0,ATB_54_2026-08-05.csv
2026-07-05T17:15:00Z,48,OTICE_v5_LoRA,0,24.75,53.97,0,0,0,0,ATB_48_2026-08-05.csv
2026-07-05T17:15:18Z,46_out,OTICE_v5_LoRA,0,24.52,52.31,0,0,0,0,ATB_46_2026-08-05.csv
2026-07-05T17:15:26Z,59,OTICE_v5_LoRA,9,24.87,60.04,0,0,0,0,ATB_59_2026-08-05.csv
2026-07-05T17:15:30Z,48,OTICE_v5_LoRA,0,24.75,53.97,0,0,0,0,ATB_48_2026-08-05.csv
2026-07-05T17:15:31Z,55,OTICE_v5_LoRA,0,0,0,470.74,470.74,26.57,0,ATB_55_2026-08-05.csv
2026-07-05T17:15:46Z,47,OTICE_v5_LoRA,115,24.99,63,556.3,556.3,26.46,0,ATB_47_2026-08-05.csv
2026-07-05T17:15:48Z,54,OTICE_v5_LoRA,0,24.98,58.72,581.35,581.35,26.52,0,ATB_54_2026-08-05.csv
2026-07-05T17:16:00Z,48,OTICE_v5_LoRA,0,24.75,53.97,0,0,0,0,ATB_48_2026-08-05.csv
2026-07-05T17:16:11Z,46_out,OTICE_v5_LoRA,0,24.55,52.31,0,0,0,0,ATB_46_2026-08-05.csv
2026-07-05T17:16:26Z,59,OTICE_v5_LoRA,4,24.86,60.14,0,0,0,0,ATB_59_2026-08-05.csv
2026-07-05T17:16:30Z,48,OTICE_v5_LoRA,0,24.71,54.01,0,0,0,0,ATB_48_2026-08-05.csv
2026-07-05T17:16:31Z,55,OTICE_v5_LoRA,0,0,0,472.2,472.2,26.62,0,ATB_55_2026-08-05.csv
2026-07-05T17:16:41Z,46_out,OTICE_v5_LoRA,0,24.55,52.31,0,0,0,0,ATB_46_2026-08-05.csv
2026-07-05T17:16:46Z,47,OTICE_v5_LoRA,117,24.97,63,556.55,556.55,26.51,0,ATB_47_2026-08-05.csv
2026-07-05T17:16:49Z,54,OTICE_v5_LoRA,0,24.97,58.72,581.54,581.54,26.52,0,ATB_54_2026-08-05.csv
2026-07-05T17:17:00Z,48,OTICE_v5_LoRA,0,24.75,53.97,0,0,0,0,ATB_48_2026-08-05.csv
2026-07-05T17:17:11Z,46_out,OTICE_v5_LoRA,0,24.53,52.31,0,0,0,0,ATB_46_2026-08-05.csv
2026-07-05T17:17:30Z,48,OTICE_v5_LoRA,0,24.72,54.01,0,0,0,0,ATB_48_2026-08-05.csv
2026-07-05T17:17:31Z,55,OTICE_v5_LoRA,0,0,0,474.48,474.48,26.6,0,ATB_55_2026-08-05.csv
2026-07-05T17:17:41Z,46_out,OTICE_v5_LoRA,0,24.53,52.31,0,0,0,0,ATB_46_2026-08-05.csv
2026-07-05T17:17:46Z,47,OTICE_v5_LoRA,118,24.97,63,559.92,559.92,26.53,0,ATB_47_2026-08-05.csv
2026-07-05T17:17:48Z,54,OTICE_v5_LoRA,0,24.97,58.72,581.55,581.55,26.54,0,ATB_54_2026-08-05.csv
2026-07-05T17:18:00Z,48,OTICE_v5_LoRA,0,24.72,53.9,0,0,0,0,ATB_48_2026-08-05.csv
2026-07-05T17:18:11Z,46_out,OTICE_v5_LoRA,0,24.53,52.31,0,0,0,0,ATB_46_2026-08-05.csv
2026-07-05T17:18:24Z,59,OTICE_v5_LoRA,8,24.87,60.04,0,0,0,0,ATB_59_2026-08-05.csv
2026-07-05T17:18:30Z,48,OTICE_v5_LoRA,0,24.75,53.88,0,0,0,0,ATB_48_2026-08-05.csv
2026-07-05T17:18:32Z,55,OTICE_v5_LoRA,0,0,0,475.55,475.55,26.6,0,ATB_55_2026-08-05.csv
2026-07-05T17:18:41Z,46_out,OTICE_v5_LoRA,0,24.52,52.31,0,0,0,0,ATB_46_2026-08-05.csv
2026-07-05T17:18:46Z,47,OTICE_v5_LoRA,122,24.97,63,561.3,561.3,26.52,0,ATB_47_2026-08-05.csv
2026-07-05T17:18:49Z,54,OTICE_v5_LoRA,0,24.97,58.72,579.26,579.26,26.55,0,ATB_54_2026-08-05.csv
2026-07-05T17:19:00Z,48,OTICE_v5_LoRA,0,24.75,53.88,0,0,0,0,ATB_48_2026-08-05.csv
2026-07-05T17:19:11Z,46_out,OTICE_v5_LoRA,0,24.53,52.21,0,0,0,0,ATB_46_2026-08-05.csv
2026-07-05T17:19:24Z,59,OTICE_v5_LoRA,8,24.86,60.04,0,0,0,0,ATB_59_2026-08-05.csv
2026-07-05T17:19:30Z,48,OTICE_v5_LoRA,0,24.76,53.78,0,0,0,0,ATB_48_2026-08-05.csv
2026-07-05T17:19:32Z,55,OTICE_v5_LoRA,0,0,0,475.17,475.17,26.6,0,ATB_55_2026-08-05.csv
2026-07-05T17:19:41Z,46_out,OTICE_v5_LoRA,0,24.53,52.21,0,0,0,0,ATB_46_2026-08-05.csv
2026-07-05T17:19:46Z,47,OTICE_v5_LoRA,111,24.99,63,561.77,561.77,26.51,0,ATB_47_2026-08-05.csv
2026-07-05T17:19:49Z,54,OTICE_v5_LoRA,0,24.97,58.82,578.72,578.72,26.54,0,ATB_54_2026-08-05.csv
2026-07-05T17:20:00Z,48,OTICE_v5_LoRA,0,24.76,53.78,0,0,0,0,ATB_48_2026-08-05.csv
2026-07-05T17:20:12Z,46_out,OTICE_v5_LoRA,0,24.55,52.21,0,0,0,0,ATB_46_2026-08-05.csv
2026-07-05T17:20:24Z,59,OTICE_v5_LoRA,7,24.84,60.14,0,0,0,0,ATB_59_2026-08-05.csv
2026-07-05T17:20:30Z,48,OTICE_v5_LoRA,0,24.76,53.78,0,0,0,0,ATB_48_2026-08-05.csv
2026-07-05T17:20:32Z,55,OTICE_v5_LoRA,0,0,0,476.03,476.03,26.62,0,ATB_55_2026-08-05.csv
2026-07-05T17:20:42Z,46_out,OTICE_v5_LoRA,0,24.53,52.21,0,0,0,0,ATB_46_2026-08-05.csv
2026-07-05T17:20:46Z,47,OTICE_v5_LoRA,116,24.99,63,562.39,562.39,26.51,0,ATB_47_2026-08-05.csv
2026-07-05T17:20:49Z,54,OTICE_v5_LoRA,0,24.96,58.72,578.17,578.17,26.51,0,ATB_54_2026-08-05.csv
2026-07-05T17:21:00Z,48,OTICE_v5_LoRA,0,24.76,53.78,0,0,0,0,ATB_48_2026-08-05.csv
2026-07-05T17:21:12Z,46_out,OTICE_v5_LoRA,0,24.55,52.21,0,0,0,0,ATB_46_2026-08-05.csv
2026-07-05T17:21:24Z,59,OTICE_v5_LoRA,5,24.86,60.04,0,0,0,0,ATB_59_2026-08-05.csv
2026-07-05T17:21:30Z,48,OTICE_v5_LoRA,0,24.76,53.78,0,0,0,0,ATB_48_2026-08-05.csv
2026-07-05T17:21:32Z,55,OTICE_v5_LoRA,0,0,0,475.16,475.16,26.62,0,ATB_55_2026-08-05.csv
2026-07-05T17:21:42Z,46_out,OTICE_v5_LoRA,0,24.57,52.21,0,0,0,0,ATB_46_2026-08-05.csv
2026-07-05T17:21:47Z,47,OTICE_v5_LoRA,122,24.97,63,563.66,563.66,26.52,0,ATB_47_2026-08-05.csv
2026-07-05T17:21:49Z,54,OTICE_v5_LoRA,0,24.96,58.82,579.41,579.41,26.55,0,ATB_54_2026-08-05.csv
2026-07-05T17:22:01Z,48,OTICE_v5_LoRA,0,24.72,53.8,0,0,0,0,ATB_48_2026-08-05.csv
2026-07-05T17:22:12Z,46_out,OTICE_v5_LoRA,0,24.55,52.21,0,0,0,0,ATB_46_2026-08-05.csv
2026-07-05T17:22:24Z,59,OTICE_v5_LoRA,3,24.86,60.14,0,0,0,0,ATB_59_2026-08-05.csv
2026-07-05T17:22:31Z,48,OTICE_v5_LoRA,0,24.75,53.88,0,0,0,0,ATB_48_2026-08-05.csv
2026-07-05T17:22:32Z,55,OTICE_v5_LoRA,0,0,0,476.07,476.07,26.62,0,ATB_55_2026-08-05.csv
2026-07-05T17:22:42Z,46_out,OTICE_v5_LoRA,0,24.55,52.21,0,0,0,0,ATB_46_2026-08-05.csv
2026-07-05T17:22:47Z,47,OTICE_v5_LoRA,121,24.99,63,564.4,564.4,26.53,0,ATB_47_2026-08-05.csv
2026-07-05T17:22:49Z,54,OTICE_v5_LoRA,0,24.97,58.82,577.26,577.26,26.55,0,ATB_54_2026-08-05.csv
2026-07-05T17:23:01Z,48,OTICE_v5_LoRA,0,24.75,53.88,0,0,0,0,ATB_48_2026-08-05.csv
2026-07-05T17:23:12Z,46_out,OTICE_v5_LoRA,0,24.55,52.21,0,0,0,0,ATB_46_2026-08-05.csv
2026-07-05T17:23:25Z,59,OTICE_v5_LoRA,6,24.86,60.04,0,0,0,0,ATB_59_2026-08-05.csv
2026-07-05T17:23:31Z,48,OTICE_v5_LoRA,0,24.72,53.9,0,0,0,0,ATB_48_2026-08-05.csv
2026-07-05T17:23:32Z,55,OTICE_v5_LoRA,0,0,0,478.07,478.07,26.59,0,ATB_55_2026-08-05.csv
2026-07-05T17:23:42Z,46_out,OTICE_v5_LoRA,0,24.53,52.21,0,0,0,0,ATB_46_2026-08-05.csv
2026-07-05T17:23:47Z,47,OTICE_v5_LoRA,110,24.97,63,566.79,566.79,26.52,0,ATB_47_2026-08-05.csv
2026-07-05T17:23:49Z,54,OTICE_v5_LoRA,0,24.97,58.72,575,575,26.54,0,ATB_54_2026-08-05.csv
2026-07-05T17:24:01Z,48,OTICE_v5_LoRA,0,24.76,53.88,0,0,0,0,ATB_48_2026-08-05.csv
2026-07-05T17:24:12Z,46_out,OTICE_v5_LoRA,0,24.53,52.21,0,0,0,0,ATB_46_2026-08-05.csv
2026-07-05T17:24:25Z,59,OTICE_v5_LoRA,12,24.86,60.04,0,0,0,0,ATB_59_2026-08-05.csv
2026-07-05T17:24:31Z,48,OTICE_v5_LoRA,0,24.76,53.88,0,0,0,0,ATB_48_2026-08-05.csv
2026-07-05T17:24:32Z,55,OTICE_v5_LoRA,0,0,0,477.63,477.63,26.62,0,ATB_55_2026-08-05.csv
2026-07-05T17:24:42Z,46_out,OTICE_v5_LoRA,0,24.55,52.21,0,0,0,0,ATB_46_2026-08-05.csv
2026-07-05T17:24:47Z,47,OTICE_v5_LoRA,115,24.97,63,566.66,566.66,26.55,0,ATB_47_2026-08-05.csv
2026-07-05T17:24:49Z,54,OTICE_v5_LoRA,0,24.96,58.82,573.2,573.2,26.56,0,ATB_54_2026-08-05.csv
2026-07-05T17:25:01Z,48,OTICE_v5_LoRA,0,24.75,53.88,0,0,0,0,ATB_48_2026-08-05.csv
2026-07-05T17:25:12Z,46_out,OTICE_v5_LoRA,0,24.55,52.21,0,0,0,0,ATB_46_2026-08-05.csv
2026-07-05T17:25:25Z,59,OTICE_v5_LoRA,11,24.86,60.04,0,0,0,0,ATB_59_2026-08-05.csv
2026-07-05T17:25:31Z,48,OTICE_v5_LoRA,0,24.76,53.88,0,0,0,0,ATB_48_2026-08-05.csv
2026-07-05T17:25:32Z,55,OTICE_v5_LoRA,0,0,0,477.01,477.01,26.62,0,ATB_55_2026-08-05.csv
2026-07-05T17:25:42Z,46_out,OTICE_v5_LoRA,0,24.55,52.21,0,0,0,0,ATB_46_2026-08-05.csv
2026-07-05T17:25:47Z,47,OTICE_v5_LoRA,116,24.99,63,567.08,567.08,26.56,0,ATB_47_2026-08-05.csv
2026-07-05T17:25:49Z,54,OTICE_v5_LoRA,0,24.96,58.72,573.49,573.49,26.55,0,ATB_54_2026-08-05.csv
2026-07-05T17:26:01Z,48,OTICE_v5_LoRA,0,24.76,53.88,0,0,0,0,ATB_48_2026-08-05.csv
2026-07-05T17:26:13Z,46_out,OTICE_v5_LoRA,0,24.55,52.21,0,0,0,0,ATB_46_2026-08-05.csv
2026-07-05T17:26:25Z,59,OTICE_v5_LoRA,14,24.86,60.04,0,0,0,0,ATB_59_2026-08-05.csv
2026-07-05T17:26:31Z,48,OTICE_v5_LoRA,0,24.76,53.88,0,0,0,0,ATB_48_2026-08-05.csv
2026-07-05T17:26:32Z,55,OTICE_v5_LoRA,0,0,0,476.23,476.23,26.62,0,ATB_55_2026-08-05.csv
2026-07-05T17:26:43Z,46_out,OTICE_v5_LoRA,0,24.55,52.21,0,0,0,0,ATB_46_2026-08-05.csv
2026-07-05T17:26:47Z,47,OTICE_v5_LoRA,117,24.99,62.9,565.04,565.04,26.49,0,ATB_47_2026-08-05.csv
2026-07-05T17:26:49Z,54,OTICE_v5_LoRA,0,24.96,58.72,570.99,570.99,26.52,0,ATB_54_2026-08-05.csv
2026-07-05T17:27:01Z,48,OTICE_v5_LoRA,0,24.76,53.88,0,0,0,0,ATB_48_2026-08-05.csv
2026-07-05T17:27:13Z,46_out,OTICE_v5_LoRA,0,24.53,52.21,0,0,0,0,ATB_46_2026-08-05.csv
2026-07-05T17:27:25Z,59,OTICE_v5_LoRA,6,24.84,60.04,0,0,0,0,ATB_59_2026-08-05.csv
2026-07-05T17:27:31Z,48,OTICE_v5_LoRA,0,24.76,53.88,0,0,0,0,ATB_48_2026-08-05.csv
2026-07-05T17:27:32Z,55,OTICE_v5_LoRA,0,0,0,479.15,479.15,26.63,0,ATB_55_2026-08-05.csv
2026-07-05T17:27:43Z,46_out,OTICE_v5_LoRA,0,24.55,52.21,0,0,0,0,ATB_46_2026-08-05.csv
2026-07-05T17:27:47Z,47,OTICE_v5_LoRA,115,24.97,62.9,562.88,562.88,26.51,0,ATB_47_2026-08-05.csv
2026-07-05T17:27:49Z,54,OTICE_v5_LoRA,0,24.96,58.72,570.66,570.66,26.54,0,ATB_54_2026-08-05.csv
2026-07-05T17:28:01Z,48,OTICE_v5_LoRA,0,24.75,53.78,0,0,0,0,ATB_48_2026-08-05.csv
2026-07-05T17:28:13Z,46_out,OTICE_v5_LoRA,0,24.55,52.21,0,0,0,0,ATB_46_2026-08-05.csv
2026-07-05T17:28:25Z,59,OTICE_v5_LoRA,5,24.84,60.04,0,0,0,0,ATB_59_2026-08-05.csv
2026-07-05T17:28:31Z,48,OTICE_v5_LoRA,0,24.72,53.9,0,0,0,0,ATB_48_2026-08-05.csv
2026-07-05T17:28:32Z,55,OTICE_v5_LoRA,0,0,0,479.13,479.13,26.6,0,ATB_55_2026-08-05.csv
2026-07-05T17:28:43Z,46_out,OTICE_v5_LoRA,0,24.55,52.21,0,0,0,0,ATB_46_2026-08-05.csv
2026-07-05T17:28:47Z,47,OTICE_v5_LoRA,119,24.96,62.9,563.41,563.41,26.55,0,ATB_47_2026-08-05.csv
2026-07-05T17:28:49Z,54,OTICE_v5_LoRA,0,24.96,58.72,570.15,570.15,26.54,0,ATB_54_2026-08-05.csv
2026-07-05T17:29:01Z,48,OTICE_v5_LoRA,0,24.76,53.78,0,0,0,0,ATB_48_2026-08-05.csv
2026-07-05T17:29:13Z,46_out,OTICE_v5_LoRA,0,24.55,52.21,0,0,0,0,ATB_46_2026-08-05.csv
2026-07-05T17:29:25Z,59,OTICE_v5_LoRA,15,24.86,60.04,0,0,0,0,ATB_59_2026-08-05.csv
2026-07-05T17:29:31Z,48,OTICE_v5_LoRA,0,24.75,53.78,0,0,0,0,ATB_48_2026-08-05.csv
2026-07-05T17:29:32Z,55,OTICE_v5_LoRA,0,0,0,479.17,479.17,26.62,0,ATB_55_2026-08-05.csv
2026-07-05T17:29:43Z,46_out,OTICE_v5_LoRA,0,24.55,52.21,0,0,0,0,ATB_46_2026-08-05.csv
2026-07-05T17:29:47Z,47,OTICE_v5_LoRA,113,24.97,63,561.41,561.41,26.55,0,ATB_47_2026-08-05.csv
2026-07-05T17:29:49Z,54,OTICE_v5_LoRA,0,24.96,58.82,574.46,574.46,26.54,0,ATB_54_2026-08-05.csv
2026-07-05T17:30:01Z,48,OTICE_v5_LoRA,0,24.75,53.88,0,0,0,0,ATB_48_2026-08-05.csv
2026-07-05T17:30:13Z,46_out,OTICE_v5_LoRA,0,24.57,52.11,0,0,0,0,ATB_46_2026-08-05.csv
2026-07-05T17:30:25Z,59,OTICE_v5_LoRA,13,24.86,60.04,0,0,0,0,ATB_59_2026-08-05.csv
2026-07-05T17:30:31Z,48,OTICE_v5_LoRA,0,24.75,53.78,0,0,0,0,ATB_48_2026-08-05.csv
2026-07-05T17:30:32Z,55,OTICE_v5_LoRA,0,0,0,481.15,481.15,26.6,0,ATB_55_2026-08-05.csv
2026-07-05T17:30:43Z,46_out,OTICE_v5_LoRA,0,24.55,52.11,0,0,0,0,ATB_46_2026-08-05.csv
2026-07-05T17:30:47Z,47,OTICE_v5_LoRA,112,24.96,62.9,560.36,560.36,26.52,0,ATB_47_2026-08-05.csv
2026-07-05T17:30:49Z,54,OTICE_v5_LoRA,0,24.96,58.72,575.51,575.51,26.52,0,ATB_54_2026-08-05.csv
2026-07-05T17:31:01Z,48,OTICE_v5_LoRA,0,24.75,53.78,0,0,0,0,ATB_48_2026-08-05.csv
2026-07-05T17:31:13Z,46_out,OTICE_v5_LoRA,0,24.57,52.21,0,0,0,0,ATB_46_2026-08-05.csv
2026-07-05T17:31:26Z,59,OTICE_v5_LoRA,6,24.83,60.04,0,0,0,0,ATB_59_2026-08-05.csv
2026-07-05T17:31:31Z,48,OTICE_v5_LoRA,0,24.75,53.78,0,0,0,0,ATB_48_2026-08-05.csv
2026-07-05T17:31:32Z,55,OTICE_v5_LoRA,0,0,0,479.3,479.3,26.59,0,ATB_55_2026-08-05.csv
2026-07-05T17:31:43Z,46_out,OTICE_v5_LoRA,0,24.57,52.21,0,0,0,0,ATB_46_2026-08-05.csv
2026-07-05T17:31:47Z,47,OTICE_v5_LoRA,108,24.97,62.9,558.04,558.04,26.52,0,ATB_47_2026-08-05.csv
2026-07-05T17:31:50Z,54,OTICE_v5_LoRA,0,24.93,58.72,574.3,574.3,26.54,0,ATB_54_2026-08-05.csv
2026-07-05T17:32:01Z,48,OTICE_v5_LoRA,0,24.76,53.78,0,0,0,0,ATB_48_2026-08-05.csv
2026-07-05T17:32:14Z,46_out,OTICE_v5_LoRA,0,24.57,52.21,0,0,0,0,ATB_46_2026-08-05.csv
2026-07-05T17:32:26Z,59,OTICE_v5_LoRA,7,24.84,60.04,0,0,0,0,ATB_59_2026-08-05.csv
2026-07-05T17:32:31Z,48,OTICE_v5_LoRA,0,24.76,53.78,0,0,0,0,ATB_48_2026-08-05.csv
2026-07-05T17:32:32Z,55,OTICE_v5_LoRA,0,0,0,478.6,478.6,26.62,0,ATB_55_2026-08-05.csv
2026-07-05T17:32:44Z,46_out,OTICE_v5_LoRA,0,24.55,52.21,0,0,0,0,ATB_46_2026-08-05.csv
2026-07-05T17:32:48Z,47,OTICE_v5_LoRA,114,24.96,62.9,558.02,558.02,26.53,0,ATB_47_2026-08-05.csv
2026-07-05T17:32:50Z,54,OTICE_v5_LoRA,0,24.96,58.72,576.05,576.05,26.55,0,ATB_54_2026-08-05.csv
2026-07-05T17:33:01Z,48,OTICE_v5_LoRA,0,24.75,53.78,0,0,0,0,ATB_48_2026-08-05.csv
2026-07-05T17:33:14Z,46_out,OTICE_v5_LoRA,0,24.55,52.21,0,0,0,0,ATB_46_2026-08-05.csv
2026-07-05T17:33:26Z,59,OTICE_v5_LoRA,6,24.84,60.04,0,0,0,0,ATB_59_2026-08-05.csv
2026-07-05T17:33:31Z,48,OTICE_v5_LoRA,0,24.75,53.78,0,0,0,0,ATB_48_2026-08-05.csv
2026-07-05T17:33:32Z,55,OTICE_v5_LoRA,0,0,0,476.47,476.47,26.59,0,ATB_55_2026-08-05.csv
2026-07-05T17:33:44Z,46_out,OTICE_v5_LoRA,0,24.55,52.11,0,0,0,0,ATB_46_2026-08-05.csv
2026-07-05T17:33:48Z,47,OTICE_v5_LoRA,121,24.97,62.9,558.11,558.11,26.52,0,ATB_47_2026-08-05.csv
2026-07-05T17:33:50Z,54,OTICE_v5_LoRA,0,24.93,58.72,578.98,578.98,26.51,0,ATB_54_2026-08-05.csv
2026-07-05T17:34:01Z,48,OTICE_v5_LoRA,0,24.75,53.78,0,0,0,0,ATB_48_2026-08-05.csv
2026-07-05T17:34:14Z,46_out,OTICE_v5_LoRA,0,24.55,52.21,0,0,0,0,ATB_46_2026-08-05.csv
2026-07-05T17:34:26Z,59,OTICE_v5_LoRA,5,24.83,60.04,0,0,0,0,ATB_59_2026-08-05.csv
2026-07-05T17:34:31Z,48,OTICE_v5_LoRA,0,24.76,53.78,0,0,0,0,ATB_48_2026-08-05.csv
2026-07-05T17:34:32Z,55,OTICE_v5_LoRA,0,0,0,475.93,475.93,26.62,0,ATB_55_2026-08-05.csv
2026-07-05T17:34:44Z,46_out,OTICE_v5_LoRA,0,24.53,52.21,0,0,0,0,ATB_46_2026-08-05.csv
2026-07-05T17:34:48Z,47,OTICE_v5_LoRA,120,24.96,62.9,560.09,560.09,26.51,0,ATB_47_2026-08-05.csv
2026-07-05T17:34:50Z,54,OTICE_v5_LoRA,0,24.93,58.72,580.9,580.9,26.52,0,ATB_54_2026-08-05.csv
2026-07-05T17:35:01Z,48,OTICE_v5_LoRA,0,24.75,53.78,0,0,0,0,ATB_48_2026-08-05.csv
2026-07-05T17:35:14Z,46_out,OTICE_v5_LoRA,0,24.53,52.21,0,0,0,0,ATB_46_2026-08-05.csv
2026-07-05T17:35:26Z,59,OTICE_v5_LoRA,8,24.84,60.04,0,0,0,0,ATB_59_2026-08-05.csv
2026-07-05T17:35:31Z,48,OTICE_v5_LoRA,0,24.76,53.78,0,0,0,0,ATB_48_2026-08-05.csv
2026-07-05T17:35:33Z,55,OTICE_v5_LoRA,1280,0,0,476.33,476.33,26.62,0,ATB_55_2026-08-05.csv
2026-07-05T17:35:44Z,46_out,OTICE_v5_LoRA,0,24.55,52.11,0,0,0,0,ATB_46_2026-08-05.csv
2026-07-05T17:35:48Z,47,OTICE_v5_LoRA,119,24.96,63,561.74,561.74,26.53,0,ATB_47_2026-08-05.csv
2026-07-05T17:35:50Z,54,OTICE_v5_LoRA,0,24.93,58.82,579.88,579.88,26.54,0,ATB_54_2026-08-05.csv
2026-07-05T17:36:02Z,48,OTICE_v5_LoRA,0,24.75,53.78,0,0,0,0,ATB_48_2026-08-05.csv
2026-07-05T17:36:14Z,46_out,OTICE_v5_LoRA,0,24.57,52.11,0,0,0,0,ATB_46_2026-08-05.csv
2026-07-05T17:36:26Z,59,OTICE_v5_LoRA,9,24.86,60.04,0,0,0,0,ATB_59_2026-08-05.csv
2026-07-05T17:36:32Z,48,OTICE_v5_LoRA,0,24.75,53.78,0,0,0,0,ATB_48_2026-08-05.csv
2026-07-05T17:36:32Z,55,OTICE_v5_LoRA,1280,0,0,476.23,476.23,26.62,0,ATB_55_2026-08-05.csv
2026-07-05T17:36:44Z,46_out,OTICE_v5_LoRA,0,24.53,52.21,0,0,0,0,ATB_46_2026-08-05.csv
2026-07-05T17:37:02Z,48,OTICE_v5_LoRA,0,24.75,53.78,0,0,0,0,ATB_48_2026-08-05.csv
2026-07-05T17:37:14Z,46_out,OTICE_v5_LoRA,0,24.55,52.21,0,0,0,0,ATB_46_2026-08-05.csv
2026-07-05T17:37:26Z,59,OTICE_v5_LoRA,10,24.83,60.04,0,0,0,0,ATB_59_2026-08-05.csv
2026-07-05T17:37:32Z,48,OTICE_v5_LoRA,0,24.75,53.78,0,0,0,0,ATB_48_2026-08-05.csv
2026-07-05T17:37:33Z,55,OTICE_v5_LoRA,1280,0,0,475.11,475.11,26.62,0,ATB_55_2026-08-05.csv
2026-07-05T17:37:45Z,46_out,OTICE_v5_LoRA,0,24.57,52.21,0,0,0,0,ATB_46_2026-08-05.csv
2026-07-05T17:37:47Z,47,OTICE_v5_LoRA,121,24.97,62.9,573.39,573.39,26.48,0,ATB_47_2026-08-05.csv
2026-07-05T17:37:49Z,54,OTICE_v5_LoRA,0,24.96,58.72,584.97,584.97,26.54,0,ATB_54_2026-08-05.csv
2026-07-05T17:38:02Z,48,OTICE_v5_LoRA,0,24.76,53.78,0,0,0,0,ATB_48_2026-08-05.csv
2026-07-05T17:38:15Z,46_out,OTICE_v5_LoRA,0,24.55,52.11,0,0,0,0,ATB_46_2026-08-05.csv
2026-07-05T17:38:26Z,59,OTICE_v5_LoRA,11,24.83,60.04,0,0,0,0,ATB_59_2026-08-05.csv
2026-07-05T17:38:32Z,48,OTICE_v5_LoRA,0,24.72,53.8,0,0,0,0,ATB_48_2026-08-05.csv
2026-07-05T17:38:33Z,55,OTICE_v5_LoRA,1280,0,0,475.46,475.46,26.62,0,ATB_55_2026-08-05.csv
2026-07-05T17:38:45Z,46_out,OTICE_v5_LoRA,0,24.55,52.11,0,0,0,0,ATB_46_2026-08-05.csv
2026-07-05T17:38:47Z,47,OTICE_v5_LoRA,115,24.97,62.9,570.32,570.32,26.51,0,ATB_47_2026-08-05.csv
2026-07-05T17:38:49Z,54,OTICE_v5_LoRA,0,24.93,58.72,587.08,587.08,26.54,0,ATB_54_2026-08-05.csv
2026-07-05T17:39:02Z,48,OTICE_v5_LoRA,0,24.72,53.8,0,0,0,0,ATB_48_2026-08-05.csv
2026-07-05T17:39:15Z,46_out,OTICE_v5_LoRA,0,24.53,52.11,0,0,0,0,ATB_46_2026-08-05.csv
2026-07-05T17:39:26Z,59,OTICE_v5_LoRA,6,24.83,60.04,0,0,0,0,ATB_59_2026-08-05.csv
2026-07-05T17:39:32Z,48,OTICE_v5_LoRA,0,24.75,53.78,0,0,0,0,ATB_48_2026-08-05.csv
2026-07-05T17:39:33Z,55,OTICE_v5_LoRA,1280,0,0,474.54,474.54,26.6,0,ATB_55_2026-08-05.csv
2026-07-05T17:39:45Z,46_out,OTICE_v5_LoRA,0,24.53,52.21,0,0,0,0,ATB_46_2026-08-05.csv
2026-07-05T17:39:47Z,47,OTICE_v5_LoRA,120,24.96,62.9,569.21,569.21,26.49,0,ATB_47_2026-08-05.csv
2026-07-05T17:39:49Z,54,OTICE_v5_LoRA,0,24.93,58.72,584.6,584.6,26.52,0,ATB_54_2026-08-05.csv
2026-07-05T17:40:02Z,48,OTICE_v5_LoRA,0,24.72,53.8,0,0,0,0,ATB_48_2026-08-05.csv
2026-07-05T17:40:15Z,46_out,OTICE_v5_LoRA,0,24.55,52.21,0,0,0,0,ATB_46_2026-08-05.csv
2026-07-05T17:40:26Z,59,OTICE_v5_LoRA,7,24.84,60.04,0,0,0,0,ATB_59_2026-08-05.csv
2026-07-05T17:40:32Z,48,OTICE_v5_LoRA,0,24.75,53.78,0,0,0,0,ATB_48_2026-08-05.csv
2026-07-05T17:40:33Z,55,OTICE_v5_LoRA,0,0,0,475.2,475.2,26.6,0,ATB_55_2026-08-05.csv
2026-07-05T17:40:45Z,46_out,OTICE_v5_LoRA,0,24.53,52.11,0,0,0,0,ATB_46_2026-08-05.csv
2026-07-05T17:40:47Z,47,OTICE_v5_LoRA,119,24.96,63,568.93,568.93,26.48,0,ATB_47_2026-08-05.csv
2026-07-05T17:40:50Z,54,OTICE_v5_LoRA,0,24.93,58.72,587.5,587.5,26.49,0,ATB_54_2026-08-05.csv
2026-07-05T17:41:02Z,48,OTICE_v5_LoRA,0,24.72,53.8,0,0,0,0,ATB_48_2026-08-05.csv
2026-07-05T17:41:15Z,46_out,OTICE_v5_LoRA,0,24.55,52.11,0,0,0,0,ATB_46_2026-08-05.csv
2026-07-05T17:41:26Z,59,OTICE_v5_LoRA,8,24.83,59.94,0,0,0,0,ATB_59_2026-08-05.csv
2026-07-05T17:41:32Z,48,OTICE_v5_LoRA,0,24.75,53.68,0,0,0,0,ATB_48_2026-08-05.csv
2026-07-05T17:41:33Z,55,OTICE_v5_LoRA,0,0,0,473.41,473.41,26.57,0,ATB_55_2026-08-05.csv
2026-07-05T17:41:45Z,46_out,OTICE_v5_LoRA,0,24.53,52.02,0,0,0,0,ATB_46_2026-08-05.csv
2026-07-05T17:41:47Z,47,OTICE_v5_LoRA,120,24.96,62.7,568.23,568.23,26.36,0,ATB_47_2026-08-05.csv
2026-07-05T17:41:50Z,54,OTICE_v5_LoRA,0,24.96,58.52,584.96,584.96,26.39,0,ATB_54_2026-08-05.csv
2026-07-05T17:42:02Z,48,OTICE_v5_LoRA,0,24.75,53.78,0,0,0,0,ATB_48_2026-08-05.csv
2026-07-05T17:42:15Z,46_out,OTICE_v5_LoRA,0,24.57,52.02,0,0,0,0,ATB_46_2026-08-05.csv
2026-07-05T17:42:27Z,59,OTICE_v5_LoRA,7,24.84,59.74,0,0,0,0,ATB_59_2026-08-05.csv
2026-07-05T17:42:32Z,48,OTICE_v5_LoRA,0,24.72,53.8,0,0,0,0,ATB_48_2026-08-05.csv
2026-07-05T17:42:33Z,55,OTICE_v5_LoRA,0,0,0,471.8,471.8,26.52,0,ATB_55_2026-08-05.csv
2026-07-05T17:42:45Z,46_out,OTICE_v5_LoRA,0,24.55,52.02,0,0,0,0,ATB_46_2026-08-05.csv
2026-07-05T17:42:47Z,47,OTICE_v5_LoRA,113,24.96,62.7,564.09,564.09,26.34,0,ATB_47_2026-08-05.csv
2026-07-05T17:42:50Z,54,OTICE_v5_LoRA,0,24.97,58.52,585.77,585.77,26.39,0,ATB_54_2026-08-05.csv
2026-07-05T17:43:02Z,48,OTICE_v5_LoRA,0,24.76,53.78,0,0,0,0,ATB_48_2026-08-05.csv
2026-07-05T17:43:15Z,46_out,OTICE_v5_LoRA,0,24.55,52.02,0,0,0,0,ATB_46_2026-08-05.csv
2026-07-05T17:43:27Z,59,OTICE_v5_LoRA,3,24.83,59.74,0,0,0,0,ATB_59_2026-08-05.csv
2026-07-05T17:43:32Z,48,OTICE_v5_LoRA,0,24.76,53.78,0,0,0,0,ATB_48_2026-08-05.csv
2026-07-05T17:43:33Z,55,OTICE_v5_LoRA,0,0,0,471.86,471.86,26.52,0,ATB_55_2026-08-05.csv
2026-07-05T17:43:46Z,46_out,OTICE_v5_LoRA,0,24.55,52.02,0,0,0,0,ATB_46_2026-08-05.csv
2026-07-05T17:43:47Z,47,OTICE_v5_LoRA,114,24.96,62.6,564.5,564.5,26.31,0,ATB_47_2026-08-05.csv
2026-07-05T17:43:50Z,54,OTICE_v5_LoRA,0,24.96,58.52,588.6,588.6,26.42,0,ATB_54_2026-08-05.csv
2026-07-05T17:44:02Z,48,OTICE_v5_LoRA,0,24.75,53.78,0,0,0,0,ATB_48_2026-08-05.csv
2026-07-05T17:44:16Z,46_out,OTICE_v5_LoRA,0,24.55,52.02,0,0,0,0,ATB_46_2026-08-05.csv
2026-07-05T17:44:27Z,59,OTICE_v5_LoRA,7,24.84,59.74,0,0,0,0,ATB_59_2026-08-05.csv
2026-07-05T17:44:32Z,48,OTICE_v5_LoRA,0,24.75,53.78,0,0,0,0,ATB_48_2026-08-05.csv
2026-07-05T17:44:33Z,55,OTICE_v5_LoRA,0,0,0,473.03,473.03,26.47,0,ATB_55_2026-08-05.csv
2026-07-05T17:44:46Z,46_out,OTICE_v5_LoRA,0,24.55,52.02,0,0,0,0,ATB_46_2026-08-05.csv
2026-07-05T17:44:47Z,47,OTICE_v5_LoRA,111,24.97,62.5,565.09,565.09,26.22,0,ATB_47_2026-08-05.csv
2026-07-05T17:44:50Z,54,OTICE_v5_LoRA,0,24.98,58.33,587.96,587.96,26.35,0,ATB_54_2026-08-05.csv
2026-07-05T17:45:02Z,48,OTICE_v5_LoRA,0,24.72,53.8,0,0,0,0,ATB_48_2026-08-05.csv
2026-07-05T17:45:16Z,46_out,OTICE_v5_LoRA,0,24.55,52.11,0,0,0,0,ATB_46_2026-08-05.csv
2026-07-05T17:45:27Z,59,OTICE_v5_LoRA,8,24.84,59.74,0,0,0,0,ATB_59_2026-08-05.csv
2026-07-05T17:45:32Z,48,OTICE_v5_LoRA,0,24.72,53.8,0,0,0,0,ATB_48_2026-08-05.csv
2026-07-05T17:45:33Z,55,OTICE_v5_LoRA,0,0,0,473.03,473.03,26.46,0,ATB_55_2026-08-05.csv
2026-07-05T17:45:46Z,46_out,OTICE_v5_LoRA,0,24.53,52.11,0,0,0,0,ATB_46_2026-08-05.csv
2026-07-05T17:45:47Z,47,OTICE_v5_LoRA,111,24.93,62.5,563.84,563.84,26.15,0,ATB_47_2026-08-05.csv
2026-07-05T17:45:50Z,54,OTICE_v5_LoRA,0,24.97,58.22,588.03,588.03,26.23,0,ATB_54_2026-08-05.csv
2026-07-05T17:46:02Z,48,OTICE_v5_LoRA,0,24.71,53.9,0,0,0,0,ATB_48_2026-08-05.csv
2026-07-05T17:46:16Z,46_out,OTICE_v5_LoRA,0,24.53,52.11,0,0,0,0,ATB_46_2026-08-05.csv
2026-07-05T17:46:27Z,59,OTICE_v5_LoRA,7,24.82,59.74,0,0,0,0,ATB_59_2026-08-05.csv
2026-07-05T17:46:32Z,48,OTICE_v5_LoRA,0,24.71,53.9,0,0,0,0,ATB_48_2026-08-05.csv
2026-07-05T17:46:33Z,55,OTICE_v5_LoRA,0,0,0,474.38,474.38,26.44,0,ATB_55_2026-08-05.csv
2026-07-05T17:46:46Z,46_out,OTICE_v5_LoRA,0,24.52,52.11,0,0,0,0,ATB_46_2026-08-05.csv
2026-07-05T17:46:47Z,47,OTICE_v5_LoRA,108,24.94,62.6,563.35,563.35,26.14,0,ATB_47_2026-08-05.csv
2026-07-05T17:46:50Z,54,OTICE_v5_LoRA,0,24.97,58.33,590.82,590.82,26.28,0,ATB_54_2026-08-05.csv
2026-07-05T17:47:02Z,48,OTICE_v5_LoRA,0,24.72,53.9,0,0,0,0,ATB_48_2026-08-05.csv
2026-07-05T17:47:16Z,46_out,OTICE_v5_LoRA,0,24.52,52.11,0,0,0,0,ATB_46_2026-08-05.csv
2026-07-05T17:47:27Z,59,OTICE_v5_LoRA,3,24.82,59.55,0,0,0,0,ATB_59_2026-08-05.csv
2026-07-05T17:47:33Z,48,OTICE_v5_LoRA,0,24.71,53.9,0,0,0,0,ATB_48_2026-08-05.csv
2026-07-05T17:47:33Z,55,OTICE_v5_LoRA,0,0,0,474.26,474.26,26.4,0,ATB_55_2026-08-05.csv
2026-07-05T17:47:46Z,46_out,OTICE_v5_LoRA,0,24.55,52.11,0,0,0,0,ATB_46_2026-08-05.csv
2026-07-05T17:47:47Z,47,OTICE_v5_LoRA,102,24.94,62.4,564.9,564.9,26.12,0,ATB_47_2026-08-05.csv
2026-07-05T17:47:50Z,54,OTICE_v5_LoRA,0,24.98,58.12,592.02,592.02,26.3,0,ATB_54_2026-08-05.csv
2026-07-05T17:48:03Z,48,OTICE_v5_LoRA,0,24.71,53.9,0,0,0,0,ATB_48_2026-08-05.csv
2026-07-05T17:48:16Z,46_out,OTICE_v5_LoRA,0,24.55,52.02,0,0,0,0,ATB_46_2026-08-05.csv
2026-07-05T17:48:27Z,59,OTICE_v5_LoRA,6,24.79,59.64,0,0,0,0,ATB_59_2026-08-05.csv
2026-07-05T17:48:33Z,48,OTICE_v5_LoRA,0,24.69,53.9,0,0,0,0,ATB_48_2026-08-05.csv
2026-07-05T17:48:33Z,55,OTICE_v5_LoRA,0,0,0,475.63,475.63,26.38,0,ATB_55_2026-08-05.csv
2026-07-05T17:48:46Z,46_out,OTICE_v5_LoRA,0,24.55,52.02,0,0,0,0,ATB_46_2026-08-05.csv
2026-07-05T17:48:48Z,47,OTICE_v5_LoRA,114,24.91,62.5,565.03,565.03,26.17,0,ATB_47_2026-08-05.csv
2026-07-05T17:48:50Z,54,OTICE_v5_LoRA,0,24.97,58.22,593.94,593.94,26.28,0,ATB_54_2026-08-05.csv
2026-07-05T17:49:03Z,48,OTICE_v5_LoRA,0,24.69,53.9,0,0,0,0,ATB_48_2026-08-05.csv
2026-07-05T17:49:17Z,46_out,OTICE_v5_LoRA,0,24.53,52.11,0,0,0,0,ATB_46_2026-08-05.csv
2026-07-05T17:49:27Z,59,OTICE_v5_LoRA,6,24.8,59.64,0,0,0,0,ATB_59_2026-08-05.csv
2026-07-05T17:49:33Z,48,OTICE_v5_LoRA,0,24.68,53.9,0,0,0,0,ATB_48_2026-08-05.csv
2026-07-05T17:49:33Z,55,OTICE_v5_LoRA,0,0,0,477.33,477.33,26.43,0,ATB_55_2026-08-05.csv
2026-07-05T17:49:47Z,46_out,OTICE_v5_LoRA,0,24.53,52.11,0,0,0,0,ATB_46_2026-08-05.csv
2026-07-05T17:49:48Z,47,OTICE_v5_LoRA,104,24.91,62.4,565.63,565.63,26.12,0,ATB_47_2026-08-05.csv
2026-07-05T17:49:50Z,54,OTICE_v5_LoRA,0,24.97,58.03,591.75,591.75,26.21,0,ATB_54_2026-08-05.csv
2026-07-05T17:50:03Z,48,OTICE_v5_LoRA,0,24.68,53.9,0,0,0,0,ATB_48_2026-08-05.csv
2026-07-05T17:50:17Z,46_out,OTICE_v5_LoRA,0,24.5,52.11,0,0,0,0,ATB_46_2026-08-05.csv
2026-07-05T17:50:27Z,59,OTICE_v5_LoRA,6,24.77,59.64,0,0,0,0,ATB_59_2026-08-05.csv
2026-07-05T17:50:33Z,48,OTICE_v5_LoRA,0,24.68,53.9,0,0,0,0,ATB_48_2026-08-05.csv
2026-07-05T17:50:33Z,55,OTICE_v5_LoRA,0,0,0,475.83,475.83,26.38,0,ATB_55_2026-08-05.csv
2026-07-05T17:50:47Z,46_out,OTICE_v5_LoRA,0,24.52,52.11,0,0,0,0,ATB_46_2026-08-05.csv
2026-07-05T17:50:48Z,47,OTICE_v5_LoRA,102,24.91,62.4,565.36,565.36,26.09,0,ATB_47_2026-08-05.csv
2026-07-05T17:50:50Z,54,OTICE_v5_LoRA,0,24.98,58.03,587.24,587.24,26.21,0,ATB_54_2026-08-05.csv
2026-07-05T17:51:03Z,48,OTICE_v5_LoRA,0,24.68,53.9,0,0,0,0,ATB_48_2026-08-05.csv
2026-07-05T17:51:17Z,46_out,OTICE_v5_LoRA,0,24.5,52.21,0,0,0,0,ATB_46_2026-08-05.csv
2026-07-05T17:51:27Z,59,OTICE_v5_LoRA,8,24.76,59.74,0,0,0,0,ATB_59_2026-08-05.csv
2026-07-05T17:51:33Z,48,OTICE_v5_LoRA,0,24.67,54.01,0,0,0,0,ATB_48_2026-08-05.csv
2026-07-05T17:51:33Z,55,OTICE_v5_LoRA,0,0,0,476.05,476.05,26.39,0,ATB_55_2026-08-05.csv
2026-07-05T17:51:47Z,46_out,OTICE_v5_LoRA,0,24.52,52.21,0,0,0,0,ATB_46_2026-08-05.csv
2026-07-05T17:51:48Z,47,OTICE_v5_LoRA,113,24.91,62.5,566.91,566.91,26.12,0,ATB_47_2026-08-05.csv
2026-07-05T17:51:51Z,54,OTICE_v5_LoRA,0,24.93,58.12,586.54,586.54,26.24,0,ATB_54_2026-08-05.csv
2026-07-05T17:52:03Z,48,OTICE_v5_LoRA,0,24.68,54.01,0,0,0,0,ATB_48_2026-08-05.csv
2026-07-05T17:52:17Z,46_out,OTICE_v5_LoRA,0,24.52,52.21,0,0,0,0,ATB_46_2026-08-05.csv
2026-07-05T17:52:27Z,59,OTICE_v5_LoRA,13,24.76,59.74,0,0,0,0,ATB_59_2026-08-05.csv
2026-07-05T17:52:33Z,48,OTICE_v5_LoRA,0,24.68,54.01,0,0,0,0,ATB_48_2026-08-05.csv
2026-07-05T17:52:33Z,55,OTICE_v5_LoRA,0,0,0,477.56,477.56,26.39,0,ATB_55_2026-08-05.csv
2026-07-05T17:52:47Z,46_out,OTICE_v5_LoRA,0,24.5,52.21,0,0,0,0,ATB_46_2026-08-05.csv
2026-07-05T17:52:48Z,47,OTICE_v5_LoRA,119,24.89,62.53,567.2,567.2,26.07,0,ATB_47_2026-08-05.csv
2026-07-05T17:52:51Z,54,OTICE_v5_LoRA,0,24.93,58.12,586.52,586.52,26.21,0,ATB_54_2026-08-05.csv
2026-07-05T17:53:03Z,48,OTICE_v5_LoRA,0,24.68,53.9,0,0,0,0,ATB_48_2026-08-05.csv
2026-07-05T17:53:17Z,46_out,OTICE_v5_LoRA,0,24.5,52.11,0,0,0,0,ATB_46_2026-08-05.csv
2026-07-05T17:53:27Z,59,OTICE_v5_LoRA,4,24.72,59.77,0,0,0,0,ATB_59_2026-08-05.csv
2026-07-05T17:53:33Z,48,OTICE_v5_LoRA,0,24.68,54.01,0,0,0,0,ATB_48_2026-08-05.csv
2026-07-05T17:53:34Z,55,OTICE_v5_LoRA,0,0,0,478.94,478.94,26.33,0,ATB_55_2026-08-05.csv
2026-07-05T17:53:47Z,46_out,OTICE_v5_LoRA,0,24.49,52.14,0,0,0,0,ATB_46_2026-08-05.csv
2026-07-05T17:53:48Z,47,OTICE_v5_LoRA,114,24.89,62.43,566.84,566.84,26.07,0,ATB_47_2026-08-05.csv
2026-07-05T17:53:51Z,54,OTICE_v5_LoRA,0,24.97,58.03,585.25,585.25,26.18,0,ATB_54_2026-08-05.csv
2026-07-05T17:54:03Z,48,OTICE_v5_LoRA,0,24.67,53.9,0,0,0,0,ATB_48_2026-08-05.csv
2026-07-05T17:54:17Z,46_out,OTICE_v5_LoRA,0,24.5,52.21,0,0,0,0,ATB_46_2026-08-05.csv
2026-07-05T17:54:27Z,59,OTICE_v5_LoRA,11,24.72,59.87,0,0,0,0,ATB_59_2026-08-05.csv
2026-07-05T17:54:33Z,48,OTICE_v5_LoRA,0,24.67,53.9,0,0,0,0,ATB_48_2026-08-05.csv
2026-07-05T17:54:33Z,55,OTICE_v5_LoRA,0,0,0,475.21,475.21,26.32,0,ATB_55_2026-08-05.csv
2026-07-05T17:54:48Z,46_out,OTICE_v5_LoRA,0,24.47,52.23,0,0,0,0,ATB_46_2026-08-05.csv
2026-07-05T17:54:48Z,47,OTICE_v5_LoRA,109,24.86,62.53,566.57,566.57,25.99,0,ATB_47_2026-08-05.csv
2026-07-05T17:54:51Z,54,OTICE_v5_LoRA,0,24.93,58.03,585.56,585.56,26.08,0,ATB_54_2026-08-05.csv
2026-07-05T17:55:03Z,48,OTICE_v5_LoRA,0,24.65,53.9,0,0,0,0,ATB_48_2026-08-05.csv
2026-07-05T17:55:18Z,46_out,OTICE_v5_LoRA,0,24.47,52.23,0,0,0,0,ATB_46_2026-08-05.csv
2026-07-05T17:55:27Z,59,OTICE_v5_LoRA,7,24.72,59.77,0,0,0,0,ATB_59_2026-08-05.csv
2026-07-05T17:55:33Z,48,OTICE_v5_LoRA,0,24.67,53.9,0,0,0,0,ATB_48_2026-08-05.csv
2026-07-05T17:55:34Z,55,OTICE_v5_LoRA,0,0,0,475.25,475.25,26.35,0,ATB_55_2026-08-05.csv
2026-07-05T17:55:48Z,46_out,OTICE_v5_LoRA,0,24.47,52.23,0,0,0,0,ATB_46_2026-08-05.csv
2026-07-05T17:55:48Z,47,OTICE_v5_LoRA,112,24.89,62.43,566.38,566.38,26.02,0,ATB_47_2026-08-05.csv
2026-07-05T17:55:51Z,54,OTICE_v5_LoRA,0,24.92,58.03,584.03,584.03,26.08,0,ATB_54_2026-08-05.csv
2026-07-05T17:56:03Z,48,OTICE_v5_LoRA,0,24.68,53.9,0,0,0,0,ATB_48_2026-08-05.csv
2026-07-05T17:56:18Z,46_out,OTICE_v5_LoRA,0,24.47,52.23,0,0,0,0,ATB_46_2026-08-05.csv
2026-07-05T17:56:27Z,59,OTICE_v5_LoRA,10,24.71,59.87,0,0,0,0,ATB_59_2026-08-05.csv
2026-07-05T17:56:34Z,55,OTICE_v5_LoRA,0,0,0,475,475,26.31,0,ATB_55_2026-08-05.csv
2026-07-05T17:56:48Z,46_out,OTICE_v5_LoRA,0,24.47,52.23,0,0,0,0,ATB_46_2026-08-05.csv
2026-07-05T17:56:48Z,47,OTICE_v5_LoRA,113,24.86,62.73,566.03,566.03,25.98,0,ATB_47_2026-08-05.csv
2026-07-05T17:56:51Z,54,OTICE_v5_LoRA,0,24.92,58.33,581.2,581.2,26.09,0,ATB_54_2026-08-05.csv
2026-07-05T17:57:02Z,48,OTICE_v5_LoRA,0,24.65,53.9,0,0,0,0,ATB_48_2026-08-05.csv
2026-07-05T17:57:18Z,46_out,OTICE_v5_LoRA,0,24.47,52.23,0,0,0,0,ATB_46_2026-08-05.csv
2026-07-05T17:57:27Z,59,OTICE_v5_LoRA,9,24.69,59.77,0,0,0,0,ATB_59_2026-08-05.csv
2026-07-05T17:57:32Z,48,OTICE_v5_LoRA,0,24.67,53.9,0,0,0,0,ATB_48_2026-08-05.csv
2026-07-05T17:57:39Z,55,OTICE_v5_LoRA,0,0,0,468.05,468.05,26.32,0,ATB_55_2026-08-05.csv
2026-07-05T17:57:48Z,46_out,OTICE_v5_LoRA,0,24.46,52.23,0,0,0,0,ATB_46_2026-08-05.csv
2026-07-05T17:57:48Z,47,OTICE_v5_LoRA,110,24.86,62.53,565.75,565.75,25.98,0,ATB_47_2026-08-05.csv
2026-07-05T17:57:51Z,54,OTICE_v5_LoRA,0,24.91,58.12,579.34,579.34,26.05,0,ATB_54_2026-08-05.csv
2026-07-05T17:58:02Z,48,OTICE_v5_LoRA,0,24.65,53.9,0,0,0,0,ATB_48_2026-08-05.csv
2026-07-05T17:58:18Z,46_out,OTICE_v5_LoRA,0,24.46,52.23,0,0,0,0,ATB_46_2026-08-05.csv
2026-07-05T17:58:28Z,59,OTICE_v5_LoRA,10,24.69,60.07,0,0,0,0,ATB_59_2026-08-05.csv
2026-07-05T17:58:32Z,48,OTICE_v5_LoRA,0,24.65,53.9,0,0,0,0,ATB_48_2026-08-05.csv
2026-07-05T17:58:39Z,55,OTICE_v5_LoRA,255,0,0,466.99,466.99,26.36,0,ATB_55_2026-08-05.csv
2026-07-05T17:58:48Z,46_out,OTICE_v5_LoRA,0,24.47,52.23,0,0,0,0,ATB_46_2026-08-05.csv
2026-07-05T17:58:48Z,47,OTICE_v5_LoRA,112,24.82,62.63,566.34,566.34,25.95,0,ATB_47_2026-08-05.csv
2026-07-05T17:58:51Z,54,OTICE_v5_LoRA,0,24.88,58.22,578.42,578.42,26.03,0,ATB_54_2026-08-05.csv
2026-07-05T17:59:02Z,48,OTICE_v5_LoRA,0,24.64,53.9,0,0,0,0,ATB_48_2026-08-05.csv
2026-07-05T17:59:18Z,46_out,OTICE_v5_LoRA,0,24.49,52.23,0,0,0,0,ATB_46_2026-08-05.csv
2026-07-05T17:59:28Z,59,OTICE_v5_LoRA,3,24.69,59.87,0,0,0,0,ATB_59_2026-08-05.csv
2026-07-05T17:59:32Z,48,OTICE_v5_LoRA,0,24.65,53.9,0,0,0,0,ATB_48_2026-08-05.csv
2026-07-05T17:59:39Z,55,OTICE_v5_LoRA,255,0,0,469.87,469.87,26.38,0,ATB_55_2026-08-05.csv
2026-07-05T17:59:48Z,46_out,OTICE_v5_LoRA,0,24.5,52.11,0,0,0,0,ATB_46_2026-08-05.csv
2026-07-05T17:59:48Z,47,OTICE_v5_LoRA,121,24.79,62.63,565.42,565.42,25.92,0,ATB_47_2026-08-05.csv
2026-07-05T17:59:51Z,54,OTICE_v5_LoRA,0,24.85,58.22,579.57,579.57,25.96,0,ATB_54_2026-08-05.csv
2026-07-05T18:00:02Z,48,OTICE_v5_LoRA,0,24.64,53.9,0,0,0,0,ATB_48_2026-08-05.csv
2026-07-05T18:00:18Z,46_out,OTICE_v5_LoRA,0,24.49,52.23,0,0,0,0,ATB_46_2026-08-05.csv
2026-07-05T18:00:28Z,59,OTICE_v5_LoRA,4,24.68,59.77,0,0,0,0,ATB_59_2026-08-05.csv
2026-07-05T18:00:32Z,48,OTICE_v5_LoRA,0,24.65,53.9,0,0,0,0,ATB_48_2026-08-05.csv
2026-07-05T18:00:39Z,55,OTICE_v5_LoRA,255,0,0,473.19,473.19,26.32,0,ATB_55_2026-08-05.csv
2026-07-05T18:00:49Z,46_out,OTICE_v5_LoRA,0,24.49,52.14,0,0,0,0,ATB_46_2026-08-05.csv
2026-07-05T18:00:49Z,47,OTICE_v5_LoRA,109,24.81,62.53,566,566,25.92,0,ATB_47_2026-08-05.csv
2026-07-05T18:00:51Z,54,OTICE_v5_LoRA,0,24.86,58.12,581.45,581.45,25.96,0,ATB_54_2026-08-05.csv
2026-07-05T18:01:02Z,48,OTICE_v5_LoRA,0,24.64,53.9,0,0,0,0,ATB_48_2026-08-05.csv
2026-07-05T18:01:19Z,46_out,OTICE_v5_LoRA,0,24.49,52.14,0,0,0,0,ATB_46_2026-08-05.csv
2026-07-05T18:01:28Z,59,OTICE_v5_LoRA,9,24.69,59.97,0,0,0,0,ATB_59_2026-08-05.csv
2026-07-05T18:01:32Z,48,OTICE_v5_LoRA,0,24.64,53.9,0,0,0,0,ATB_48_2026-08-05.csv
2026-07-05T18:01:39Z,55,OTICE_v5_LoRA,255,0,0,472.38,472.38,26.35,0,ATB_55_2026-08-05.csv
2026-07-05T18:01:49Z,46_out,OTICE_v5_LoRA,0,24.47,52.14,0,0,0,0,ATB_46_2026-08-05.csv
2026-07-05T18:01:49Z,47,OTICE_v5_LoRA,119,24.78,62.63,566.22,566.22,25.88,0,ATB_47_2026-08-05.csv
2026-07-05T18:01:51Z,54,OTICE_v5_LoRA,0,24.85,58.12,581.45,581.45,26.03,0,ATB_54_2026-08-05.csv
2026-07-05T18:02:02Z,48,OTICE_v5_LoRA,0,24.65,53.9,0,0,0,0,ATB_48_2026-08-05.csv
2026-07-05T18:02:19Z,46_out,OTICE_v5_LoRA,0,24.46,52.23,0,0,0,0,ATB_46_2026-08-05.csv
2026-07-05T18:02:28Z,59,OTICE_v5_LoRA,7,24.67,59.77,0,0,0,0,ATB_59_2026-08-05.csv
2026-07-05T18:02:33Z,48,OTICE_v5_LoRA,0,24.62,53.9,0,0,0,0,ATB_48_2026-08-05.csv
2026-07-05T18:02:39Z,55,OTICE_v5_LoRA,255,0,0,474.1,474.1,26.31,0,ATB_55_2026-08-05.csv
2026-07-05T18:02:49Z,46_out,OTICE_v5_LoRA,0,24.45,52.23,0,0,0,0,ATB_46_2026-08-05.csv
2026-07-05T18:02:49Z,47,OTICE_v5_LoRA,114,24.76,62.53,565.46,565.46,25.84,0,ATB_47_2026-08-05.csv
2026-07-05T18:02:51Z,54,OTICE_v5_LoRA,0,24.85,58.12,582.48,582.48,25.98,0,ATB_54_2026-08-05.csv
2026-07-05T18:03:03Z,48,OTICE_v5_LoRA,0,24.64,53.9,0,0,0,0,ATB_48_2026-08-05.csv
2026-07-05T18:03:19Z,46_out,OTICE_v5_LoRA,0,24.45,52.23,0,0,0,0,ATB_46_2026-08-05.csv
2026-07-05T18:03:28Z,59,OTICE_v5_LoRA,11,24.67,59.87,0,0,0,0,ATB_59_2026-08-05.csv
2026-07-05T18:03:33Z,48,OTICE_v5_LoRA,0,24.62,53.9,0,0,0,0,ATB_48_2026-08-05.csv
2026-07-05T18:03:39Z,55,OTICE_v5_LoRA,255,0,0,474.5,474.5,26.32,0,ATB_55_2026-08-05.csv
2026-07-05T18:03:49Z,46_out,OTICE_v5_LoRA,0,24.46,52.14,0,0,0,0,ATB_46_2026-08-05.csv
2026-07-05T18:03:49Z,47,OTICE_v5_LoRA,109,24.75,62.82,564.16,564.16,25.83,0,ATB_47_2026-08-05.csv
2026-07-05T18:03:52Z,54,OTICE_v5_LoRA,0,24.82,58.42,582.62,582.62,25.97,0,ATB_54_2026-08-05.csv
2026-07-05T18:04:03Z,48,OTICE_v5_LoRA,0,24.64,53.9,0,0,0,0,ATB_48_2026-08-05.csv
2026-07-05T18:04:19Z,46_out,OTICE_v5_LoRA,0,24.47,52.14,0,0,0,0,ATB_46_2026-08-05.csv
2026-07-05T18:04:28Z,59,OTICE_v5_LoRA,14,24.67,60.07,0,0,0,0,ATB_59_2026-08-05.csv
2026-07-05T18:04:33Z,48,OTICE_v5_LoRA,0,24.62,53.9,0,0,0,0,ATB_48_2026-08-05.csv
2026-07-05T18:04:39Z,55,OTICE_v5_LoRA,255,0,0,474.3,474.3,26.39,0,ATB_55_2026-08-05.csv
2026-07-05T18:04:49Z,46_out,OTICE_v5_LoRA,0,24.46,52.14,0,0,0,0,ATB_46_2026-08-05.csv
2026-07-05T18:04:49Z,47,OTICE_v5_LoRA,119,24.76,62.92,563.78,563.78,26.04,0,ATB_47_2026-08-05.csv
2026-07-05T18:04:52Z,54,OTICE_v5_LoRA,0,24.82,58.72,585.71,585.71,26.11,0,ATB_54_2026-08-05.csv
2026-07-05T18:05:03Z,48,OTICE_v5_LoRA,0,24.62,53.8,0,0,0,0,ATB_48_2026-08-05.csv
2026-07-05T18:05:19Z,46_out,OTICE_v5_LoRA,0,24.46,52.14,0,0,0,0,ATB_46_2026-08-05.csv
2026-07-05T18:05:28Z,59,OTICE_v5_LoRA,12,24.69,60.07,0,0,0,0,ATB_59_2026-08-05.csv
2026-07-05T18:05:33Z,48,OTICE_v5_LoRA,0,24.64,53.8,0,0,0,0,ATB_48_2026-08-05.csv
2026-07-05T18:05:39Z,55,OTICE_v5_LoRA,15,0,0,472.58,472.58,26.43,0,ATB_55_2026-08-05.csv
2026-07-05T18:05:49Z,46_out,OTICE_v5_LoRA,0,24.47,52.14,0,0,0,0,ATB_46_2026-08-05.csv
2026-07-05T18:05:49Z,47,OTICE_v5_LoRA,114,24.78,62.92,567.4,567.4,26.12,0,ATB_47_2026-08-05.csv
2026-07-05T18:05:52Z,54,OTICE_v5_LoRA,0,24.83,58.52,587.89,587.89,26.17,0,ATB_54_2026-08-05.csv
2026-07-05T18:06:03Z,48,OTICE_v5_LoRA,0,24.64,53.8,0,0,0,0,ATB_48_2026-08-05.csv
2026-07-05T18:06:20Z,46_out,OTICE_v5_LoRA,0,24.47,52.04,0,0,0,0,ATB_46_2026-08-05.csv
2026-07-05T18:06:28Z,59,OTICE_v5_LoRA,12,24.71,60.07,0,0,0,0,ATB_59_2026-08-05.csv
2026-07-05T18:06:33Z,48,OTICE_v5_LoRA,0,24.65,53.71,0,0,0,0,ATB_48_2026-08-05.csv
2026-07-05T18:06:39Z,55,OTICE_v5_LoRA,57567,2.56,0,472.87,472.87,26.44,0,ATB_55_2026-08-05.csv
2026-07-05T18:06:49Z,47,OTICE_v5_LoRA,118,24.79,62.92,564.43,564.43,26.27,0,ATB_47_2026-08-05.csv
2026-07-05T18:06:50Z,46_out,OTICE_v5_LoRA,0,24.49,52.04,0,0,0,0,ATB_46_2026-08-05.csv
2026-07-05T18:06:52Z,54,OTICE_v5_LoRA,0,24.83,58.62,588.8,588.8,26.28,0,ATB_54_2026-08-05.csv
2026-07-05T18:07:03Z,48,OTICE_v5_LoRA,0,24.65,53.71,0,0,0,0,ATB_48_2026-08-05.csv
2026-07-05T18:07:20Z,46_out,OTICE_v5_LoRA,0,24.47,52.04,0,0,0,0,ATB_46_2026-08-05.csv
2026-07-05T18:07:28Z,59,OTICE_v5_LoRA,8,24.69,60.07,0,0,0,0,ATB_59_2026-08-05.csv
2026-07-05T18:07:33Z,48,OTICE_v5_LoRA,0,24.65,53.71,0,0,0,0,ATB_48_2026-08-05.csv
2026-07-05T18:07:39Z,55,OTICE_v5_LoRA,57567,2.56,0,473.53,473.53,26.47,0,ATB_55_2026-08-05.csv
2026-07-05T18:07:49Z,47,OTICE_v5_LoRA,122,24.81,62.82,563.8,563.8,26.24,0,ATB_47_2026-08-05.csv
2026-07-05T18:07:50Z,46_out,OTICE_v5_LoRA,0,24.47,52.04,0,0,0,0,ATB_46_2026-08-05.csv
2026-07-05T18:07:52Z,54,OTICE_v5_LoRA,0,24.85,58.62,588.19,588.19,26.31,0,ATB_54_2026-08-05.csv
2026-07-05T18:08:03Z,48,OTICE_v5_LoRA,0,24.64,53.71,0,0,0,0,ATB_48_2026-08-05.csv
2026-07-05T18:08:20Z,46_out,OTICE_v5_LoRA,0,24.45,52.04,0,0,0,0,ATB_46_2026-08-05.csv
2026-07-05T18:08:28Z,59,OTICE_v5_LoRA,9,24.69,59.87,0,0,0,0,ATB_59_2026-08-05.csv
2026-07-05T18:08:33Z,48,OTICE_v5_LoRA,0,24.65,53.71,0,0,0,0,ATB_48_2026-08-05.csv
2026-07-05T18:08:39Z,55,OTICE_v5_LoRA,57567,2.56,0,474.34,474.34,26.49,0,ATB_55_2026-08-05.csv
2026-07-05T18:08:49Z,47,OTICE_v5_LoRA,121,24.81,62.92,560,560,26.25,0,ATB_47_2026-08-05.csv
2026-07-05T18:08:50Z,46_out,OTICE_v5_LoRA,0,24.46,52.04,0,0,0,0,ATB_46_2026-08-05.csv
2026-07-05T18:08:52Z,54,OTICE_v5_LoRA,0,24.83,58.62,588.04,588.04,26.34,0,ATB_54_2026-08-05.csv
2026-07-05T18:09:03Z,48,OTICE_v5_LoRA,0,24.64,53.71,0,0,0,0,ATB_48_2026-08-05.csv
2026-07-05T18:09:20Z,46_out,OTICE_v5_LoRA,0,24.46,52.04,0,0,0,0,ATB_46_2026-08-05.csv
2026-07-05T18:09:28Z,59,OTICE_v5_LoRA,14,24.71,60.07,0,0,0,0,ATB_59_2026-08-05.csv
2026-07-05T18:09:33Z,48,OTICE_v5_LoRA,0,24.64,53.71,0,0,0,0,ATB_48_2026-08-05.csv
2026-07-05T18:09:39Z,55,OTICE_v5_LoRA,0,0,0,474.54,474.54,26.5,0,ATB_55_2026-08-05.csv
2026-07-05T18:09:49Z,47,OTICE_v5_LoRA,120,24.81,62.92,561.25,561.25,26.35,0,ATB_47_2026-08-05.csv
2026-07-05T18:09:50Z,46_out,OTICE_v5_LoRA,0,24.46,52.04,0,0,0,0,ATB_46_2026-08-05.csv
2026-07-05T18:09:52Z,54,OTICE_v5_LoRA,0,24.83,58.62,585.58,585.58,26.35,0,ATB_54_2026-08-05.csv
2026-07-05T18:10:03Z,48,OTICE_v5_LoRA,0,24.65,53.71,0,0,0,0,ATB_48_2026-08-05.csv
2026-07-05T18:10:20Z,46_out,OTICE_v5_LoRA,0,24.46,52.04,0,0,0,0,ATB_46_2026-08-05.csv
2026-07-05T18:10:29Z,59,OTICE_v5_LoRA,10,24.71,59.97,0,0,0,0,ATB_59_2026-08-05.csv
2026-07-05T18:10:33Z,48,OTICE_v5_LoRA,0,24.62,53.71,0,0,0,0,ATB_48_2026-08-05.csv
2026-07-05T18:10:39Z,55,OTICE_v5_LoRA,0,0,0,475.6,475.6,26.49,0,ATB_55_2026-08-05.csv
2026-07-05T18:10:49Z,47,OTICE_v5_LoRA,126,24.82,62.92,562.77,562.77,26.35,0,ATB_47_2026-08-05.csv
2026-07-05T18:10:50Z,46_out,OTICE_v5_LoRA,0,24.43,52.04,0,0,0,0,ATB_46_2026-08-05.csv
2026-07-05T18:10:52Z,54,OTICE_v5_LoRA,0,24.83,58.62,584.91,584.91,26.36,0,ATB_54_2026-08-05.csv
2026-07-05T18:11:03Z,48,OTICE_v5_LoRA,0,24.64,53.71,0,0,0,0,ATB_48_2026-08-05.csv
2026-07-05T18:11:20Z,46_out,OTICE_v5_LoRA,0,24.45,52.04,0,0,0,0,ATB_46_2026-08-05.csv
2026-07-05T18:11:29Z,59,OTICE_v5_LoRA,9,24.72,59.87,0,0,0,0,ATB_59_2026-08-05.csv
2026-07-05T18:11:33Z,48,OTICE_v5_LoRA,0,24.64,53.71,0,0,0,0,ATB_48_2026-08-05.csv
2026-07-05T18:11:39Z,55,OTICE_v5_LoRA,49152,0,0,476.67,476.67,26.49,0,ATB_55_2026-08-05.csv
2026-07-05T18:11:49Z,47,OTICE_v5_LoRA,118,24.84,62.82,561.36,561.36,26.34,0,ATB_47_2026-08-05.csv
2026-07-05T18:11:51Z,46_out,OTICE_v5_LoRA,0,24.45,52.04,0,0,0,0,ATB_46_2026-08-05.csv
2026-07-05T18:11:52Z,54,OTICE_v5_LoRA,0,24.83,58.62,584.7,584.7,26.39,0,ATB_54_2026-08-05.csv
2026-07-05T18:12:03Z,48,OTICE_v5_LoRA,0,24.64,53.61,0,0,0,0,ATB_48_2026-08-05.csv
2026-07-05T18:12:21Z,46_out,OTICE_v5_LoRA,0,24.45,52.04,0,0,0,0,ATB_46_2026-08-05.csv
2026-07-05T18:12:29Z,59,OTICE_v5_LoRA,11,24.72,59.97,0,0,0,0,ATB_59_2026-08-05.csv
2026-07-05T18:12:33Z,48,OTICE_v5_LoRA,0,24.64,53.61,0,0,0,0,ATB_48_2026-08-05.csv
2026-07-05T18:12:39Z,55,OTICE_v5_LoRA,49152,0,0,474.82,474.82,26.5,0,ATB_55_2026-08-05.csv
2026-07-05T18:12:49Z,47,OTICE_v5_LoRA,118,24.81,62.82,561.65,561.65,26.31,0,ATB_47_2026-08-05.csv
2026-07-05T18:12:51Z,46_out,OTICE_v5_LoRA,0,24.45,52.04,0,0,0,0,ATB_46_2026-08-05.csv
2026-07-05T18:12:52Z,54,OTICE_v5_LoRA,0,24.83,58.52,585.05,585.05,26.35,0,ATB_54_2026-08-05.csv
2026-07-05T18:13:03Z,48,OTICE_v5_LoRA,0,24.62,53.71,0,0,0,0,ATB_48_2026-08-05.csv
2026-07-05T18:13:21Z,46_out,OTICE_v5_LoRA,0,24.46,51.94,0,0,0,0,ATB_46_2026-08-05.csv
2026-07-05T18:13:29Z,59,OTICE_v5_LoRA,8,24.72,59.97,0,0,0,0,ATB_59_2026-08-05.csv
2026-07-05T18:13:33Z,48,OTICE_v5_LoRA,0,24.62,53.71,0,0,0,0,ATB_48_2026-08-05.csv
2026-07-05T18:13:39Z,55,OTICE_v5_LoRA,49152,0,0,478.21,478.21,26.5,0,ATB_55_2026-08-05.csv
2026-07-05T18:13:50Z,47,OTICE_v5_LoRA,112,24.84,62.82,562.84,562.84,26.28,0,ATB_47_2026-08-05.csv
2026-07-05T18:13:51Z,46_out,OTICE_v5_LoRA,0,24.45,51.94,0,0,0,0,ATB_46_2026-08-05.csv
2026-07-05T18:13:52Z,54,OTICE_v5_LoRA,0,24.83,58.62,588.22,588.22,26.34,0,ATB_54_2026-08-05.csv
2026-07-05T18:14:03Z,48,OTICE_v5_LoRA,0,24.61,53.61,0,0,0,0,ATB_48_2026-08-05.csv
2026-07-05T18:14:21Z,46_out,OTICE_v5_LoRA,0,24.45,51.94,0,0,0,0,ATB_46_2026-08-05.csv
2026-07-05T18:14:29Z,59,OTICE_v5_LoRA,13,24.72,59.87,0,0,0,0,ATB_59_2026-08-05.csv
2026-07-05T18:14:33Z,48,OTICE_v5_LoRA,0,24.62,53.61,0,0,0,0,ATB_48_2026-08-05.csv
2026-07-05T18:14:40Z,55,OTICE_v5_LoRA,49152,0,0,480.62,480.62,26.53,0,ATB_55_2026-08-05.csv
2026-07-05T18:14:50Z,47,OTICE_v5_LoRA,121,24.82,62.82,564.37,564.37,26.32,0,ATB_47_2026-08-05.csv
2026-07-05T18:14:51Z,46_out,OTICE_v5_LoRA,0,24.47,52.04,0,0,0,0,ATB_46_2026-08-05.csv
2026-07-05T18:14:53Z,54,OTICE_v5_LoRA,0,24.83,58.52,586.85,586.85,26.34,0,ATB_54_2026-08-05.csv
2026-07-05T18:15:03Z,48,OTICE_v5_LoRA,0,24.62,53.71,0,0,0,0,ATB_48_2026-08-05.csv
2026-07-05T18:15:21Z,46_out,OTICE_v5_LoRA,0,24.45,51.94,0,0,0,0,ATB_46_2026-08-05.csv
2026-07-05T18:15:29Z,59,OTICE_v5_LoRA,11,24.71,59.97,0,0,0,0,ATB_59_2026-08-05.csv
2026-07-05T18:15:33Z,48,OTICE_v5_LoRA,0,24.62,53.61,0,0,0,0,ATB_48_2026-08-05.csv
2026-07-05T18:15:40Z,55,OTICE_v5_LoRA,49152,0,0,479.67,479.67,26.47,0,ATB_55_2026-08-05.csv
2026-07-05T18:15:50Z,47,OTICE_v5_LoRA,120,24.81,62.82,565.18,565.18,26.38,0,ATB_47_2026-08-05.csv
2026-07-05T18:15:52Z,54,OTICE_v5_LoRA,0,24.82,58.52,585.81,585.81,26.38,0,ATB_54_2026-08-05.csv
2026-07-05T18:16:03Z,48,OTICE_v5_LoRA,0,24.64,53.61,0,0,0,0,ATB_48_2026-08-05.csv
2026-07-05T18:16:14Z,46_out,OTICE_v5_LoRA,0,24.46,51.94,0,0,0,0,ATB_46_2026-08-05.csv
2026-07-05T18:16:29Z,59,OTICE_v5_LoRA,10,24.71,59.87,0,0,0,0,ATB_59_2026-08-05.csv
2026-07-05T18:16:34Z,48,OTICE_v5_LoRA,0,24.62,53.61,0,0,0,0,ATB_48_2026-08-05.csv
2026-07-05T18:16:40Z,55,OTICE_v5_LoRA,49152,0,0,482.41,482.41,26.52,0,ATB_55_2026-08-05.csv
2026-07-05T18:16:44Z,46_out,OTICE_v5_LoRA,0,24.46,51.94,0,0,0,0,ATB_46_2026-08-05.csv
2026-07-05T18:16:50Z,47,OTICE_v5_LoRA,119,24.84,62.82,566.22,566.22,26.31,0,ATB_47_2026-08-05.csv
2026-07-05T18:16:53Z,54,OTICE_v5_LoRA,0,24.83,58.52,584.18,584.18,26.38,0,ATB_54_2026-08-05.csv
2026-07-05T18:17:04Z,48,OTICE_v5_LoRA,0,24.62,53.61,0,0,0,0,ATB_48_2026-08-05.csv
2026-07-05T18:17:15Z,46_out,OTICE_v5_LoRA,0,24.46,51.94,0,0,0,0,ATB_46_2026-08-05.csv
2026-07-05T18:17:34Z,48,OTICE_v5_LoRA,0,24.64,53.61,0,0,0,0,ATB_48_2026-08-05.csv
2026-07-05T18:17:40Z,55,OTICE_v5_LoRA,49152,0,0,482.68,482.68,26.52,0,ATB_55_2026-08-05.csv
2026-07-05T18:17:45Z,46_out,OTICE_v5_LoRA,0,24.46,51.94,0,0,0,0,ATB_46_2026-08-05.csv
2026-07-05T18:17:50Z,47,OTICE_v5_LoRA,118,24.84,62.82,563.83,563.83,26.39,0,ATB_47_2026-08-05.csv
2026-07-05T18:17:53Z,54,OTICE_v5_LoRA,0,24.83,58.52,585.34,585.34,26.39,0,ATB_54_2026-08-05.csv
2026-07-05T18:18:04Z,48,OTICE_v5_LoRA,0,24.64,53.61,0,0,0,0,ATB_48_2026-08-05.csv
2026-07-05T18:18:15Z,46_out,OTICE_v5_LoRA,0,24.45,51.94,0,0,0,0,ATB_46_2026-08-05.csv
2026-07-05T18:18:28Z,59,OTICE_v5_LoRA,8,24.71,59.87,0,0,0,0,ATB_59_2026-08-05.csv
2026-07-05T18:18:34Z,48,OTICE_v5_LoRA,0,24.62,53.61,0,0,0,0,ATB_48_2026-08-05.csv
2026-07-05T18:18:40Z,55,OTICE_v5_LoRA,0,0,5.12,485.96,485.96,26.5,0,ATB_55_2026-08-05.csv
2026-07-05T18:18:45Z,46_out,OTICE_v5_LoRA,0,24.47,51.94,0,0,0,0,ATB_46_2026-08-05.csv
2026-07-05T18:18:50Z,47,OTICE_v5_LoRA,115,24.82,62.82,563.17,563.17,26.41,0,ATB_47_2026-08-05.csv
2026-07-05T18:18:53Z,54,OTICE_v5_LoRA,0,24.82,58.62,585.7,585.7,26.38,0,ATB_54_2026-08-05.csv
2026-07-05T18:19:04Z,48,OTICE_v5_LoRA,0,24.64,53.61,0,0,0,0,ATB_48_2026-08-05.csv
2026-07-05T18:19:15Z,46_out,OTICE_v5_LoRA,0,24.46,51.84,0,0,0,0,ATB_46_2026-08-05.csv
2026-07-05T18:19:28Z,59,OTICE_v5_LoRA,12,24.71,59.87,0,0,0,0,ATB_59_2026-08-05.csv
2026-07-05T18:19:34Z,48,OTICE_v5_LoRA,0,24.65,53.61,0,0,0,0,ATB_48_2026-08-05.csv
2026-07-05T18:19:40Z,55,OTICE_v5_LoRA,0,0,5.12,484.27,484.27,26.52,0,ATB_55_2026-08-05.csv
2026-07-05T18:19:45Z,46_out,OTICE_v5_LoRA,0,24.45,51.94,0,0,0,0,ATB_46_2026-08-05.csv
2026-07-05T18:19:50Z,47,OTICE_v5_LoRA,123,24.82,62.82,563.33,563.33,26.35,0,ATB_47_2026-08-05.csv
2026-07-05T18:19:53Z,54,OTICE_v5_LoRA,0,24.82,58.62,582.31,582.31,26.36,0,ATB_54_2026-08-05.csv
2026-07-05T18:20:04Z,48,OTICE_v5_LoRA,0,24.64,53.61,0,0,0,0,ATB_48_2026-08-05.csv
2026-07-05T18:20:15Z,46_out,OTICE_v5_LoRA,0,24.47,51.94,0,0,0,0,ATB_46_2026-08-05.csv
2026-07-05T18:20:28Z,59,OTICE_v5_LoRA,11,24.71,59.87,0,0,0,0,ATB_59_2026-08-05.csv
2026-07-05T18:20:34Z,48,OTICE_v5_LoRA,0,24.64,53.61,0,0,0,0,ATB_48_2026-08-05.csv
2026-07-05T18:20:40Z,55,OTICE_v5_LoRA,0,0,5.12,485.25,485.25,26.49,0,ATB_55_2026-08-05.csv
2026-07-05T18:20:45Z,46_out,OTICE_v5_LoRA,0,24.46,51.94,0,0,0,0,ATB_46_2026-08-05.csv
2026-07-05T18:20:50Z,47,OTICE_v5_LoRA,125,24.82,62.82,563.88,563.88,26.41,0,ATB_47_2026-08-05.csv
2026-07-05T18:20:53Z,54,OTICE_v5_LoRA,0,24.81,58.55,582.87,582.87,26.39,0,ATB_54_2026-08-05.csv
2026-07-05T18:21:04Z,48,OTICE_v5_LoRA,0,24.64,53.61,0,0,0,0,ATB_48_2026-08-05.csv
2026-07-05T18:21:15Z,46_out,OTICE_v5_LoRA,0,24.46,51.94,0,0,0,0,ATB_46_2026-08-05.csv
2026-07-05T18:21:28Z,59,OTICE_v5_LoRA,11,24.69,59.87,0,0,0,0,ATB_59_2026-08-05.csv
2026-07-05T18:21:34Z,48,OTICE_v5_LoRA,0,24.64,53.61,0,0,0,0,ATB_48_2026-08-05.csv
2026-07-05T18:21:40Z,55,OTICE_v5_LoRA,0,0,5.12,484.58,484.58,26.44,0,ATB_55_2026-08-05.csv
2026-07-05T18:21:45Z,46_out,OTICE_v5_LoRA,0,24.46,51.94,0,0,0,0,ATB_46_2026-08-05.csv
2026-07-05T18:21:50Z,47,OTICE_v5_LoRA,116,24.84,62.73,566.6,566.6,26.38,0,ATB_47_2026-08-05.csv
2026-07-05T18:21:53Z,54,OTICE_v5_LoRA,0,24.82,58.52,582.36,582.36,26.38,0,ATB_54_2026-08-05.csv
2026-07-05T18:22:04Z,48,OTICE_v5_LoRA,0,24.64,53.5,0,0,0,0,ATB_48_2026-08-05.csv
2026-07-05T18:22:15Z,46_out,OTICE_v5_LoRA,0,24.47,51.94,0,0,0,0,ATB_46_2026-08-05.csv
2026-07-05T18:22:28Z,59,OTICE_v5_LoRA,10,24.71,59.87,0,0,0,0,ATB_59_2026-08-05.csv
2026-07-05T18:22:34Z,48,OTICE_v5_LoRA,0,24.62,53.61,0,0,0,0,ATB_48_2026-08-05.csv
2026-07-05T18:22:40Z,55,OTICE_v5_LoRA,0,0,5.12,482.98,482.98,26.49,0,ATB_55_2026-08-05.csv
2026-07-05T18:22:46Z,46_out,OTICE_v5_LoRA,0,24.47,51.84,0,0,0,0,ATB_46_2026-08-05.csv
2026-07-05T18:22:51Z,47,OTICE_v5_LoRA,121,24.84,62.82,569.42,569.42,26.38,0,ATB_47_2026-08-05.csv
2026-07-05T18:22:53Z,54,OTICE_v5_LoRA,0,24.81,58.55,579.55,579.55,26.41,0,ATB_54_2026-08-05.csv
2026-07-05T18:23:04Z,48,OTICE_v5_LoRA,0,24.64,53.61,0,0,0,0,ATB_48_2026-08-05.csv
2026-07-05T18:23:16Z,46_out,OTICE_v5_LoRA,0,24.47,51.84,0,0,0,0,ATB_46_2026-08-05.csv
2026-07-05T18:23:28Z,59,OTICE_v5_LoRA,6,24.71,59.87,0,0,0,0,ATB_59_2026-08-05.csv
2026-07-05T18:23:34Z,48,OTICE_v5_LoRA,0,24.62,53.61,0,0,0,0,ATB_48_2026-08-05.csv
2026-07-05T18:23:40Z,55,OTICE_v5_LoRA,0,0,5.12,486.41,486.41,26.49,0,ATB_55_2026-08-05.csv
2026-07-05T18:23:46Z,46_out,OTICE_v5_LoRA,0,24.46,51.84,0,0,0,0,ATB_46_2026-08-05.csv
2026-07-05T18:23:51Z,47,OTICE_v5_LoRA,123,24.81,62.82,568.05,568.05,26.31,0,ATB_47_2026-08-05.csv
2026-07-05T18:23:53Z,54,OTICE_v5_LoRA,0,24.81,58.55,578.61,578.61,26.38,0,ATB_54_2026-08-05.csv
2026-07-05T18:24:04Z,48,OTICE_v5_LoRA,0,24.64,53.61,0,0,0,0,ATB_48_2026-08-05.csv
2026-07-05T18:24:16Z,46_out,OTICE_v5_LoRA,0,24.47,51.94,0,0,0,0,ATB_46_2026-08-05.csv
2026-07-05T18:24:28Z,59,OTICE_v5_LoRA,10,24.71,59.87,0,0,0,0,ATB_59_2026-08-05.csv
2026-07-05T18:24:34Z,48,OTICE_v5_LoRA,0,24.64,53.61,0,0,0,0,ATB_48_2026-08-05.csv
2026-07-05T18:24:40Z,55,OTICE_v5_LoRA,0,0,5.12,483.19,483.19,26.49,0,ATB_55_2026-08-05.csv
2026-07-05T18:24:46Z,46_out,OTICE_v5_LoRA,0,24.49,51.84,0,0,0,0,ATB_46_2026-08-05.csv
2026-07-05T18:24:51Z,47,OTICE_v5_LoRA,121,24.82,62.82,564.95,564.95,26.31,0,ATB_47_2026-08-05.csv
2026-07-05T18:24:53Z,54,OTICE_v5_LoRA,0,24.82,58.52,577.44,577.44,26.35,0,ATB_54_2026-08-05.csv
2026-07-05T18:25:04Z,48,OTICE_v5_LoRA,0,24.64,53.61,0,0,0,0,ATB_48_2026-08-05.csv
2026-07-05T18:25:16Z,46_out,OTICE_v5_LoRA,0,24.47,51.84,0,0,0,0,ATB_46_2026-08-05.csv
2026-07-05T18:25:28Z,59,OTICE_v5_LoRA,11,24.71,59.87,0,0,0,0,ATB_59_2026-08-05.csv
2026-07-05T18:25:34Z,48,OTICE_v5_LoRA,0,24.62,53.61,0,0,0,0,ATB_48_2026-08-05.csv
2026-07-05T18:25:40Z,55,OTICE_v5_LoRA,0,0,5.12,483.27,483.27,26.5,0,ATB_55_2026-08-05.csv
2026-07-05T18:25:46Z,46_out,OTICE_v5_LoRA,0,24.46,51.94,0,0,0,0,ATB_46_2026-08-05.csv
2026-07-05T18:25:51Z,47,OTICE_v5_LoRA,118,24.82,62.82,566.05,566.05,26.35,0,ATB_47_2026-08-05.csv
2026-07-05T18:25:53Z,54,OTICE_v5_LoRA,0,24.81,58.55,578.46,578.46,26.34,0,ATB_54_2026-08-05.csv
2026-07-05T18:26:04Z,48,OTICE_v5_LoRA,0,24.62,53.61,0,0,0,0,ATB_48_2026-08-05.csv
2026-07-05T18:26:16Z,46_out,OTICE_v5_LoRA,0,24.46,51.84,0,0,0,0,ATB_46_2026-08-05.csv
2026-07-05T18:26:28Z,59,OTICE_v5_LoRA,8,24.71,59.87,0,0,0,0,ATB_59_2026-08-05.csv
2026-07-05T18:26:34Z,48,OTICE_v5_LoRA,0,24.64,53.61,0,0,0,0,ATB_48_2026-08-05.csv
2026-07-05T18:26:40Z,55,OTICE_v5_LoRA,49152,0,0,482.94,482.94,26.5,0,ATB_55_2026-08-05.csv
2026-07-05T18:26:46Z,46_out,OTICE_v5_LoRA,0,24.45,51.84,0,0,0,0,ATB_46_2026-08-05.csv
2026-07-05T18:26:51Z,47,OTICE_v5_LoRA,121,24.82,62.82,564.62,564.62,26.35,0,ATB_47_2026-08-05.csv
2026-07-05T18:26:53Z,54,OTICE_v5_LoRA,0,24.81,58.55,579.82,579.82,26.36,0,ATB_54_2026-08-05.csv
2026-07-05T18:27:04Z,48,OTICE_v5_LoRA,0,24.64,53.61,0,0,0,0,ATB_48_2026-08-05.csv
2026-07-05T18:27:16Z,46_out,OTICE_v5_LoRA,0,24.45,51.84,0,0,0,0,ATB_46_2026-08-05.csv
2026-07-05T18:27:28Z,59,OTICE_v5_LoRA,14,24.71,59.87,0,0,0,0,ATB_59_2026-08-05.csv
2026-07-05T18:27:34Z,48,OTICE_v5_LoRA,0,24.64,53.61,0,0,0,0,ATB_48_2026-08-05.csv
2026-07-05T18:27:40Z,55,OTICE_v5_LoRA,49155,0,0,480.89,480.89,26.52,0,ATB_55_2026-08-05.csv
2026-07-05T18:27:46Z,46_out,OTICE_v5_LoRA,0,24.46,51.84,0,0,0,0,ATB_46_2026-08-05.csv
2026-07-05T18:27:51Z,47,OTICE_v5_LoRA,127,24.82,62.82,562.75,562.75,26.36,0,ATB_47_2026-08-05.csv
2026-07-05T18:27:53Z,54,OTICE_v5_LoRA,0,24.81,58.55,581.04,581.04,26.38,0,ATB_54_2026-08-05.csv
2026-07-05T18:28:04Z,48,OTICE_v5_LoRA,0,24.64,53.5,0,0,0,0,ATB_48_2026-08-05.csv
2026-07-05T18:28:17Z,46_out,OTICE_v5_LoRA,0,24.46,51.84,0,0,0,0,ATB_46_2026-08-05.csv
2026-07-05T18:28:29Z,59,OTICE_v5_LoRA,9,24.71,59.87,0,0,0,0,ATB_59_2026-08-05.csv
2026-07-05T18:28:34Z,48,OTICE_v5_LoRA,0,24.64,53.61,0,0,0,0,ATB_48_2026-08-05.csv
2026-07-05T18:28:40Z,55,OTICE_v5_LoRA,49155,0,0,481.87,481.87,26.5,0,ATB_55_2026-08-05.csv
2026-07-05T18:28:47Z,46_out,OTICE_v5_LoRA,0,24.45,51.94,0,0,0,0,ATB_46_2026-08-05.csv
2026-07-05T18:28:51Z,47,OTICE_v5_LoRA,112,24.84,62.82,563.05,563.05,26.38,0,ATB_47_2026-08-05.csv
2026-07-05T18:28:53Z,54,OTICE_v5_LoRA,0,24.81,58.55,582.25,582.25,26.36,0,ATB_54_2026-08-05.csv
2026-07-05T18:29:04Z,48,OTICE_v5_LoRA,0,24.64,53.61,0,0,0,0,ATB_48_2026-08-05.csv
2026-07-05T18:29:17Z,46_out,OTICE_v5_LoRA,0,24.46,51.84,0,0,0,0,ATB_46_2026-08-05.csv
2026-07-05T18:29:29Z,59,OTICE_v5_LoRA,8,24.71,59.87,0,0,0,0,ATB_59_2026-08-05.csv
2026-07-05T18:29:34Z,48,OTICE_v5_LoRA,0,24.64,53.61,0,0,0,0,ATB_48_2026-08-05.csv
2026-07-05T18:29:40Z,55,OTICE_v5_LoRA,49155,0,0,480.03,480.03,26.5,0,ATB_55_2026-08-05.csv
2026-07-05T18:29:47Z,46_out,OTICE_v5_LoRA,0,24.45,51.84,0,0,0,0,ATB_46_2026-08-05.csv
2026-07-05T18:29:51Z,47,OTICE_v5_LoRA,118,24.84,62.82,563.21,563.21,26.36,0,ATB_47_2026-08-05.csv
2026-07-05T18:29:54Z,54,OTICE_v5_LoRA,0,24.82,58.52,582.72,582.72,26.44,0,ATB_54_2026-08-05.csv
2026-07-05T18:30:04Z,48,OTICE_v5_LoRA,0,24.64,53.5,0,0,0,0,ATB_48_2026-08-05.csv
2026-07-05T18:30:17Z,46_out,OTICE_v5_LoRA,0,24.46,51.94,0,0,0,0,ATB_46_2026-08-05.csv
2026-07-05T18:30:29Z,59,OTICE_v5_LoRA,8,24.69,59.87,0,0,0,0,ATB_59_2026-08-05.csv
2026-07-05T18:30:34Z,48,OTICE_v5_LoRA,0,24.62,53.61,0,0,0,0,ATB_48_2026-08-05.csv
2026-07-05T18:30:40Z,55,OTICE_v5_LoRA,49155,0,0,477.76,477.76,26.49,0,ATB_55_2026-08-05.csv
2026-07-05T18:30:47Z,46_out,OTICE_v5_LoRA,0,24.47,51.84,0,0,0,0,ATB_46_2026-08-05.csv
2026-07-05T18:30:51Z,47,OTICE_v5_LoRA,123,24.82,62.82,563.49,563.49,26.36,0,ATB_47_2026-08-05.csv
2026-07-05T18:30:53Z,54,OTICE_v5_LoRA,0,24.82,58.52,582.34,582.34,26.39,0,ATB_54_2026-08-05.csv
2026-07-05T18:31:05Z,48,OTICE_v5_LoRA,0,24.62,53.61,0,0,0,0,ATB_48_2026-08-05.csv
2026-07-05T18:31:17Z,46_out,OTICE_v5_LoRA,0,24.46,51.94,0,0,0,0,ATB_46_2026-08-05.csv
2026-07-05T18:31:29Z,59,OTICE_v5_LoRA,15,24.69,59.87,0,0,0,0,ATB_59_2026-08-05.csv
2026-07-05T18:31:35Z,48,OTICE_v5_LoRA,0,24.64,53.61,0,0,0,0,ATB_48_2026-08-05.csv
2026-07-05T18:31:40Z,55,OTICE_v5_LoRA,49155,0,0,478.7,478.7,26.49,0,ATB_55_2026-08-05.csv
2026-07-05T18:31:47Z,46_out,OTICE_v5_LoRA,0,24.46,51.84,0,0,0,0,ATB_46_2026-08-05.csv
2026-07-05T18:31:51Z,47,OTICE_v5_LoRA,114,24.81,62.73,562.07,562.07,26.38,0,ATB_47_2026-08-05.csv
2026-07-05T18:31:54Z,54,OTICE_v5_LoRA,0,24.82,58.52,581.53,581.53,26.38,0,ATB_54_2026-08-05.csv
2026-07-05T18:32:05Z,48,OTICE_v5_LoRA,0,24.62,53.61,0,0,0,0,ATB_48_2026-08-05.csv
2026-07-05T18:32:17Z,46_out,OTICE_v5_LoRA,0,24.46,51.84,0,0,0,0,ATB_46_2026-08-05.csv
2026-07-05T18:32:29Z,59,OTICE_v5_LoRA,12,24.69,59.87,0,0,0,0,ATB_59_2026-08-05.csv
2026-07-05T18:32:35Z,48,OTICE_v5_LoRA,0,24.61,53.61,0,0,0,0,ATB_48_2026-08-05.csv
2026-07-05T18:32:40Z,55,OTICE_v5_LoRA,49155,0,0,477.52,477.52,26.52,0,ATB_55_2026-08-05.csv
2026-07-05T18:32:47Z,46_out,OTICE_v5_LoRA,0,24.47,51.84,0,0,0,0,ATB_46_2026-08-05.csv
2026-07-05T18:32:51Z,47,OTICE_v5_LoRA,121,24.82,62.73,559.32,559.32,26.41,0,ATB_47_2026-08-05.csv
2026-07-05T18:32:54Z,54,OTICE_v5_LoRA,0,24.81,58.55,581.71,581.71,26.41,0,ATB_54_2026-08-05.csv
2026-07-05T18:33:05Z,48,OTICE_v5_LoRA,0,24.61,53.61,0,0,0,0,ATB_48_2026-08-05.csv
2026-07-05T18:33:17Z,46_out,OTICE_v5_LoRA,0,24.47,51.84,0,0,0,0,ATB_46_2026-08-05.csv
2026-07-05T18:33:29Z,59,OTICE_v5_LoRA,12,24.68,59.87,0,0,0,0,ATB_59_2026-08-05.csv
2026-07-05T18:33:35Z,48,OTICE_v5_LoRA,0,24.64,53.5,0,0,0,0,ATB_48_2026-08-05.csv
2026-07-05T18:33:40Z,55,OTICE_v5_LoRA,49155,0,0,479.18,479.18,26.49,0,ATB_55_2026-08-05.csv
2026-07-05T18:33:48Z,46_out,OTICE_v5_LoRA,0,24.46,51.84,0,0,0,0,ATB_46_2026-08-05.csv
2026-07-05T18:33:52Z,47,OTICE_v5_LoRA,119,24.82,62.73,559.65,559.65,26.36,0,ATB_47_2026-08-05.csv
2026-07-05T18:33:54Z,54,OTICE_v5_LoRA,0,24.81,58.55,581.61,581.61,26.39,0,ATB_54_2026-08-05.csv
2026-07-05T18:34:05Z,48,OTICE_v5_LoRA,0,24.64,53.61,0,0,0,0,ATB_48_2026-08-05.csv
2026-07-05T18:34:18Z,46_out,OTICE_v5_LoRA,0,24.47,51.84,0,0,0,0,ATB_46_2026-08-05.csv
2026-07-05T18:34:29Z,59,OTICE_v5_LoRA,12,24.69,59.87,0,0,0,0,ATB_59_2026-08-05.csv
2026-07-05T18:34:35Z,48,OTICE_v5_LoRA,0,24.62,53.5,0,0,0,0,ATB_48_2026-08-05.csv
2026-07-05T18:34:40Z,55,OTICE_v5_LoRA,49155,0,0,477.06,477.06,26.47,0,ATB_55_2026-08-05.csv
2026-07-05T18:34:48Z,46_out,OTICE_v5_LoRA,0,24.47,51.84,0,0,0,0,ATB_46_2026-08-05.csv
2026-07-05T18:34:52Z,47,OTICE_v5_LoRA,117,24.82,62.73,560.39,560.39,26.34,0,ATB_47_2026-08-05.csv
2026-07-05T18:34:54Z,54,OTICE_v5_LoRA,0,24.82,58.52,579.91,579.91,26.39,0,ATB_54_2026-08-05.csv
2026-07-05T18:35:05Z,48,OTICE_v5_LoRA,0,24.64,53.5,0,0,0,0,ATB_48_2026-08-05.csv
2026-07-05T18:35:18Z,46_out,OTICE_v5_LoRA,0,24.47,51.84,0,0,0,0,ATB_46_2026-08-05.csv
2026-07-05T18:35:29Z,59,OTICE_v5_LoRA,12,24.69,59.87,0,0,0,0,ATB_59_2026-08-05.csv
2026-07-05T18:35:35Z,48,OTICE_v5_LoRA,0,24.62,53.61,0,0,0,0,ATB_48_2026-08-05.csv
2026-07-05T18:35:40Z,55,OTICE_v5_LoRA,253,0,0,474.73,474.73,26.47,0,ATB_55_2026-08-05.csv
2026-07-05T18:35:48Z,46_out,OTICE_v5_LoRA,0,24.47,51.84,0,0,0,0,ATB_46_2026-08-05.csv
2026-07-05T18:35:52Z,47,OTICE_v5_LoRA,117,24.82,62.73,559.79,559.79,26.38,0,ATB_47_2026-08-05.csv
2026-07-05T18:35:54Z,54,OTICE_v5_LoRA,0,24.81,58.55,579.9,579.9,26.41,0,ATB_54_2026-08-05.csv
2026-07-05T18:36:05Z,48,OTICE_v5_LoRA,0,24.64,53.61,0,0,0,0,ATB_48_2026-08-05.csv
2026-07-05T18:36:18Z,46_out,OTICE_v5_LoRA,0,24.46,51.84,0,0,0,0,ATB_46_2026-08-05.csv
2026-07-05T18:36:29Z,59,OTICE_v5_LoRA,12,24.69,59.87,0,0,0,0,ATB_59_2026-08-05.csv
2026-07-05T18:36:35Z,48,OTICE_v5_LoRA,0,24.64,53.5,0,0,0,0,ATB_48_2026-08-05.csv
2026-07-05T18:36:41Z,55,OTICE_v5_LoRA,253,0,0,475.77,475.77,26.49,0,ATB_55_2026-08-05.csv
2026-07-05T18:36:48Z,46_out,OTICE_v5_LoRA,0,24.46,51.84,0,0,0,0,ATB_46_2026-08-05.csv
2026-07-05T18:37:05Z,48,OTICE_v5_LoRA,0,24.62,53.5,0,0,0,0,ATB_48_2026-08-05.csv
2026-07-05T18:37:18Z,46_out,OTICE_v5_LoRA,0,24.47,51.74,0,0,0,0,ATB_46_2026-08-05.csv
2026-07-05T18:37:29Z,59,OTICE_v5_LoRA,11,24.68,59.68,0,0,0,0,ATB_59_2026-08-05.csv
2026-07-05T18:37:35Z,48,OTICE_v5_LoRA,0,24.62,53.61,0,0,0,0,ATB_48_2026-08-05.csv
2026-07-05T18:37:41Z,55,OTICE_v5_LoRA,253,0,0,479.93,479.93,26.44,0,ATB_55_2026-08-05.csv
2026-07-05T18:37:48Z,46_out,OTICE_v5_LoRA,0,24.47,51.74,0,0,0,0,ATB_46_2026-08-05.csv
2026-07-05T18:37:50Z,47,OTICE_v5_LoRA,119,24.81,62.43,556.73,556.73,26.18,0,ATB_47_2026-08-05.csv
2026-07-05T18:37:53Z,54,OTICE_v5_LoRA,0,24.81,58.35,582.15,582.15,26.2,0,ATB_54_2026-08-05.csv
2026-07-05T18:38:05Z,48,OTICE_v5_LoRA,0,24.62,53.61,0,0,0,0,ATB_48_2026-08-05.csv
2026-07-05T18:38:18Z,46_out,OTICE_v5_LoRA,0,24.47,51.74,0,0,0,0,ATB_46_2026-08-05.csv
2026-07-05T18:38:29Z,59,OTICE_v5_LoRA,7,24.69,59.68,0,0,0,0,ATB_59_2026-08-05.csv
2026-07-05T18:38:35Z,48,OTICE_v5_LoRA,0,24.62,53.5,0,0,0,0,ATB_48_2026-08-05.csv
2026-07-05T18:38:41Z,55,OTICE_v5_LoRA,253,0,0,483.49,483.49,26.42,0,ATB_55_2026-08-05.csv
2026-07-05T18:38:48Z,46_out,OTICE_v5_LoRA,0,24.47,51.74,0,0,0,0,ATB_46_2026-08-05.csv
2026-07-05T18:38:50Z,47,OTICE_v5_LoRA,111,24.82,62.53,559.83,559.83,26.18,0,ATB_47_2026-08-05.csv
2026-07-05T18:38:53Z,54,OTICE_v5_LoRA,0,24.82,58.33,578.95,578.95,26.2,0,ATB_54_2026-08-05.csv
2026-07-05T18:39:05Z,48,OTICE_v5_LoRA,0,24.64,53.5,0,0,0,0,ATB_48_2026-08-05.csv
2026-07-05T18:39:18Z,46_out,OTICE_v5_LoRA,0,24.47,51.74,0,0,0,0,ATB_46_2026-08-05.csv
2026-07-05T18:39:29Z,59,OTICE_v5_LoRA,8,24.69,59.68,0,0,0,0,ATB_59_2026-08-05.csv
2026-07-05T18:39:35Z,48,OTICE_v5_LoRA,0,24.62,53.5,0,0,0,0,ATB_48_2026-08-05.csv
2026-07-05T18:39:41Z,55,OTICE_v5_LoRA,253,0,0,482.01,482.01,26.39,0,ATB_55_2026-08-05.csv
2026-07-05T18:39:49Z,46_out,OTICE_v5_LoRA,0,24.49,51.74,0,0,0,0,ATB_46_2026-08-05.csv
2026-07-05T18:39:50Z,47,OTICE_v5_LoRA,114,24.81,62.43,561.49,561.49,26.08,0,ATB_47_2026-08-05.csv
2026-07-05T18:39:53Z,54,OTICE_v5_LoRA,0,24.81,58.25,576.1,576.1,26.17,0,ATB_54_2026-08-05.csv
2026-07-05T18:40:05Z,48,OTICE_v5_LoRA,0,24.62,53.5,0,0,0,0,ATB_48_2026-08-05.csv
2026-07-05T18:40:19Z,46_out,OTICE_v5_LoRA,0,24.47,51.74,0,0,0,0,ATB_46_2026-08-05.csv
2026-07-05T18:40:29Z,59,OTICE_v5_LoRA,11,24.68,59.77,0,0,0,0,ATB_59_2026-08-05.csv
2026-07-05T18:40:35Z,48,OTICE_v5_LoRA,0,24.62,53.5,0,0,0,0,ATB_48_2026-08-05.csv
2026-07-05T18:40:41Z,55,OTICE_v5_LoRA,253,0,0,483.75,483.75,26.4,0,ATB_55_2026-08-05.csv
2026-07-05T18:40:49Z,46_out,OTICE_v5_LoRA,0,24.49,51.74,0,0,0,0,ATB_46_2026-08-05.csv
2026-07-05T18:40:51Z,47,OTICE_v5_LoRA,117,24.79,62.43,561.99,561.99,26.04,0,ATB_47_2026-08-05.csv
2026-07-05T18:40:53Z,54,OTICE_v5_LoRA,0,24.82,58.33,578.67,578.67,26.2,0,ATB_54_2026-08-05.csv
2026-07-05T18:41:05Z,48,OTICE_v5_LoRA,0,24.62,53.5,0,0,0,0,ATB_48_2026-08-05.csv
2026-07-05T18:41:19Z,46_out,OTICE_v5_LoRA,0,24.47,51.74,0,0,0,0,ATB_46_2026-08-05.csv
2026-07-05T18:41:30Z,59,OTICE_v5_LoRA,6,24.65,59.57,0,0,0,0,ATB_59_2026-08-05.csv
2026-07-05T18:41:35Z,48,OTICE_v5_LoRA,0,24.61,53.5,0,0,0,0,ATB_48_2026-08-05.csv
2026-07-05T18:41:41Z,55,OTICE_v5_LoRA,253,0,0,483.67,483.67,26.36,0,ATB_55_2026-08-05.csv
2026-07-05T18:41:50Z,46_out,OTICE_v5_LoRA,0,24.46,51.74,0,0,0,0,ATB_46_2026-08-05.csv
2026-07-05T18:41:51Z,47,OTICE_v5_LoRA,108,24.78,62.43,558.52,558.52,26.04,0,ATB_47_2026-08-05.csv
2026-07-05T18:41:53Z,54,OTICE_v5_LoRA,0,24.78,58.25,577.22,577.22,26.14,0,ATB_54_2026-08-05.csv
2026-07-05T18:42:05Z,48,OTICE_v5_LoRA,0,24.61,53.5,0,0,0,0,ATB_48_2026-08-05.csv
2026-07-05T18:42:19Z,46_out,OTICE_v5_LoRA,0,24.45,51.74,0,0,0,0,ATB_46_2026-08-05.csv
2026-07-05T18:42:30Z,59,OTICE_v5_LoRA,6,24.68,59.68,0,0,0,0,ATB_59_2026-08-05.csv
2026-07-05T18:42:35Z,48,OTICE_v5_LoRA,0,24.61,53.5,0,0,0,0,ATB_48_2026-08-05.csv
2026-07-05T18:42:41Z,55,OTICE_v5_LoRA,40960,0,0,482.64,482.64,26.38,0,ATB_55_2026-08-05.csv
2026-07-05T18:42:49Z,46_out,OTICE_v5_LoRA,0,24.45,51.74,0,0,0,0,ATB_46_2026-08-05.csv
2026-07-05T18:42:51Z,47,OTICE_v5_LoRA,114,24.76,62.53,562.04,562.04,26.07,0,ATB_47_2026-08-05.csv
2026-07-05T18:42:53Z,54,OTICE_v5_LoRA,0,24.79,58.35,574.84,574.84,26.15,0,ATB_54_2026-08-05.csv
2026-07-05T18:43:05Z,48,OTICE_v5_LoRA,0,24.6,53.5,0,0,0,0,ATB_48_2026-08-05.csv
2026-07-05T18:43:19Z,46_out,OTICE_v5_LoRA,0,24.45,51.84,0,0,0,0,ATB_46_2026-08-05.csv
2026-07-05T18:43:30Z,59,OTICE_v5_LoRA,6,24.65,59.68,0,0,0,0,ATB_59_2026-08-05.csv
2026-07-05T18:43:35Z,48,OTICE_v5_LoRA,0,24.6,53.61,0,0,0,0,ATB_48_2026-08-05.csv
2026-07-05T18:43:41Z,55,OTICE_v5_LoRA,40960,0,0,483.18,483.18,26.38,0,ATB_55_2026-08-05.csv
2026-07-05T18:43:49Z,46_out,OTICE_v5_LoRA,0,24.43,51.84,0,0,0,0,ATB_46_2026-08-05.csv
2026-07-05T18:43:51Z,47,OTICE_v5_LoRA,116,24.76,62.53,561.67,561.67,26.08,0,ATB_47_2026-08-05.csv
2026-07-05T18:43:53Z,54,OTICE_v5_LoRA,0,24.76,58.35,576.96,576.96,26.15,0,ATB_54_2026-08-05.csv
2026-07-05T18:44:05Z,48,OTICE_v5_LoRA,0,24.58,53.61,0,0,0,0,ATB_48_2026-08-05.csv
2026-07-05T18:44:19Z,46_out,OTICE_v5_LoRA,0,24.43,51.84,0,0,0,0,ATB_46_2026-08-05.csv
2026-07-05T18:44:30Z,59,OTICE_v5_LoRA,10,24.65,59.68,0,0,0,0,ATB_59_2026-08-05.csv
2026-07-05T18:44:36Z,48,OTICE_v5_LoRA,0,24.58,53.61,0,0,0,0,ATB_48_2026-08-05.csv
2026-07-05T18:44:41Z,55,OTICE_v5_LoRA,40960,0,0,484.56,484.56,26.35,0,ATB_55_2026-08-05.csv
2026-07-05T18:44:49Z,46_out,OTICE_v5_LoRA,0,24.42,51.84,0,0,0,0,ATB_46_2026-08-05.csv
2026-07-05T18:44:51Z,47,OTICE_v5_LoRA,123,24.76,62.53,561.53,561.53,25.98,0,ATB_47_2026-08-05.csv
2026-07-05T18:44:53Z,54,OTICE_v5_LoRA,0,24.78,58.35,576.12,576.12,26.15,0,ATB_54_2026-08-05.csv
2026-07-05T18:45:06Z,48,OTICE_v5_LoRA,0,24.57,53.61,0,0,0,0,ATB_48_2026-08-05.csv
2026-07-05T18:45:20Z,46_out,OTICE_v5_LoRA,0,24.43,51.84,0,0,0,0,ATB_46_2026-08-05.csv
2026-07-05T18:45:30Z,59,OTICE_v5_LoRA,6,24.65,59.77,0,0,0,0,ATB_59_2026-08-05.csv
2026-07-05T18:45:36Z,48,OTICE_v5_LoRA,0,24.58,53.61,0,0,0,0,ATB_48_2026-08-05.csv
2026-07-05T18:45:41Z,55,OTICE_v5_LoRA,40960,0,0,482.39,482.39,26.28,0,ATB_55_2026-08-05.csv
2026-07-05T18:45:50Z,46_out,OTICE_v5_LoRA,0,24.42,51.84,0,0,0,0,ATB_46_2026-08-05.csv
2026-07-05T18:45:51Z,47,OTICE_v5_LoRA,113,24.75,62.63,561.86,561.86,25.98,0,ATB_47_2026-08-05.csv
2026-07-05T18:45:53Z,54,OTICE_v5_LoRA,0,24.79,58.25,580.39,580.39,26.14,0,ATB_54_2026-08-05.csv
2026-07-05T18:46:06Z,48,OTICE_v5_LoRA,0,24.57,53.61,0,0,0,0,ATB_48_2026-08-05.csv
2026-07-05T18:46:20Z,46_out,OTICE_v5_LoRA,0,24.42,51.84,0,0,0,0,ATB_46_2026-08-05.csv
2026-07-05T18:46:30Z,59,OTICE_v5_LoRA,10,24.64,59.77,0,0,0,0,ATB_59_2026-08-05.csv
2026-07-05T18:46:36Z,48,OTICE_v5_LoRA,0,24.57,53.61,0,0,0,0,ATB_48_2026-08-05.csv
2026-07-05T18:46:41Z,55,OTICE_v5_LoRA,40960,0,0,480.24,480.24,26.25,0,ATB_55_2026-08-05.csv
2026-07-05T18:46:50Z,46_out,OTICE_v5_LoRA,0,24.42,51.84,0,0,0,0,ATB_46_2026-08-05.csv
2026-07-05T18:46:51Z,47,OTICE_v5_LoRA,117,24.74,62.53,561.56,561.56,25.91,0,ATB_47_2026-08-05.csv
2026-07-05T18:46:53Z,54,OTICE_v5_LoRA,0,24.79,58.25,585.64,585.64,26.09,0,ATB_54_2026-08-05.csv
2026-07-05T18:47:06Z,48,OTICE_v5_LoRA,0,24.55,53.61,0,0,0,0,ATB_48_2026-08-05.csv
2026-07-05T18:47:20Z,46_out,OTICE_v5_LoRA,0,24.43,51.84,0,0,0,0,ATB_46_2026-08-05.csv
2026-07-05T18:47:30Z,59,OTICE_v5_LoRA,7,24.6,59.77,0,0,0,0,ATB_59_2026-08-05.csv
2026-07-05T18:47:36Z,48,OTICE_v5_LoRA,0,24.57,53.61,0,0,0,0,ATB_48_2026-08-05.csv
2026-07-05T18:47:41Z,55,OTICE_v5_LoRA,40960,0,0,480.48,480.48,26.22,0,ATB_55_2026-08-05.csv
2026-07-05T18:47:50Z,46_out,OTICE_v5_LoRA,0,24.42,51.74,0,0,0,0,ATB_46_2026-08-05.csv
2026-07-05T18:47:51Z,47,OTICE_v5_LoRA,112,24.74,62.63,559.05,559.05,25.89,0,ATB_47_2026-08-05.csv
2026-07-05T18:47:53Z,54,OTICE_v5_LoRA,0,24.78,58.25,583.35,583.35,26.05,0,ATB_54_2026-08-05.csv
2026-07-05T18:48:06Z,48,OTICE_v5_LoRA,0,24.58,53.61,0,0,0,0,ATB_48_2026-08-05.csv
2026-07-05T18:48:20Z,46_out,OTICE_v5_LoRA,0,24.43,51.84,0,0,0,0,ATB_46_2026-08-05.csv
2026-07-05T18:48:30Z,59,OTICE_v5_LoRA,10,24.6,59.77,0,0,0,0,ATB_59_2026-08-05.csv
2026-07-05T18:48:36Z,48,OTICE_v5_LoRA,0,24.57,53.61,0,0,0,0,ATB_48_2026-08-05.csv
2026-07-05T18:48:41Z,55,OTICE_v5_LoRA,40960,0,0,477.76,477.76,26.23,0,ATB_55_2026-08-05.csv
2026-07-05T18:48:50Z,46_out,OTICE_v5_LoRA,0,24.43,51.74,0,0,0,0,ATB_46_2026-08-05.csv
2026-07-05T18:48:51Z,47,OTICE_v5_LoRA,118,24.72,62.63,557.87,557.87,25.84,0,ATB_47_2026-08-05.csv
2026-07-05T18:48:54Z,54,OTICE_v5_LoRA,0,24.74,58.35,581.96,581.96,25.96,0,ATB_54_2026-08-05.csv
2026-07-05T18:49:06Z,48,OTICE_v5_LoRA,0,24.57,53.61,0,0,0,0,ATB_48_2026-08-05.csv
2026-07-05T18:49:20Z,46_out,OTICE_v5_LoRA,0,24.42,51.84,0,0,0,0,ATB_46_2026-08-05.csv
2026-07-05T18:49:30Z,59,OTICE_v5_LoRA,12,24.61,59.77,0,0,0,0,ATB_59_2026-08-05.csv
2026-07-05T18:49:36Z,48,OTICE_v5_LoRA,0,24.57,53.61,0,0,0,0,ATB_48_2026-08-05.csv
2026-07-05T18:49:42Z,55,OTICE_v5_LoRA,40960,0,0,479.91,479.91,26.23,0,ATB_55_2026-08-05.csv
2026-07-05T18:49:50Z,46_out,OTICE_v5_LoRA,0,24.4,51.84,0,0,0,0,ATB_46_2026-08-05.csv
2026-07-05T18:49:51Z,47,OTICE_v5_LoRA,122,24.68,62.73,559.67,559.67,25.84,0,ATB_47_2026-08-05.csv
2026-07-05T18:49:54Z,54,OTICE_v5_LoRA,0,24.74,58.35,580.77,580.77,25.97,0,ATB_54_2026-08-05.csv
2026-07-05T18:50:06Z,48,OTICE_v5_LoRA,0,24.55,53.61,0,0,0,0,ATB_48_2026-08-05.csv
2026-07-05T18:50:20Z,46_out,OTICE_v5_LoRA,0,24.4,51.84,0,0,0,0,ATB_46_2026-08-05.csv
2026-07-05T18:50:30Z,59,OTICE_v5_LoRA,9,24.6,59.77,0,0,0,0,ATB_59_2026-08-05.csv
2026-07-05T18:50:36Z,48,OTICE_v5_LoRA,0,24.57,53.61,0,0,0,0,ATB_48_2026-08-05.csv
2026-07-05T18:50:42Z,55,OTICE_v5_LoRA,40960,0,0,476.39,476.39,26.22,0,ATB_55_2026-08-05.csv
2026-07-05T18:50:50Z,46_out,OTICE_v5_LoRA,0,24.4,51.84,0,0,0,0,ATB_46_2026-08-05.csv
2026-07-05T18:50:51Z,47,OTICE_v5_LoRA,119,24.68,62.63,558.37,558.37,25.87,0,ATB_47_2026-08-05.csv
2026-07-05T18:50:54Z,54,OTICE_v5_LoRA,0,24.74,58.25,582.23,582.23,25.98,0,ATB_54_2026-08-05.csv
2026-07-05T18:51:06Z,48,OTICE_v5_LoRA,0,24.57,53.61,0,0,0,0,ATB_48_2026-08-05.csv
2026-07-05T18:51:21Z,46_out,OTICE_v5_LoRA,0,24.39,51.84,0,0,0,0,ATB_46_2026-08-05.csv
2026-07-05T18:51:31Z,59,OTICE_v5_LoRA,10,24.57,59.77,0,0,0,0,ATB_59_2026-08-05.csv
2026-07-05T18:51:36Z,48,OTICE_v5_LoRA,0,24.55,53.61,0,0,0,0,ATB_48_2026-08-05.csv
2026-07-05T18:51:42Z,55,OTICE_v5_LoRA,49152,0,0,475.38,475.38,26.18,0,ATB_55_2026-08-05.csv
2026-07-05T18:51:51Z,46_out,OTICE_v5_LoRA,0,24.39,51.84,0,0,0,0,ATB_46_2026-08-05.csv
2026-07-05T18:51:51Z,47,OTICE_v5_LoRA,116,24.71,62.63,560.34,560.34,25.85,0,ATB_47_2026-08-05.csv
2026-07-05T18:51:54Z,54,OTICE_v5_LoRA,0,24.74,58.25,580.9,580.9,26.03,0,ATB_54_2026-08-05.csv
2026-07-05T18:52:06Z,48,OTICE_v5_LoRA,0,24.53,53.61,0,0,0,0,ATB_48_2026-08-05.csv
2026-07-05T18:52:21Z,46_out,OTICE_v5_LoRA,0,24.39,51.84,0,0,0,0,ATB_46_2026-08-05.csv
2026-07-05T18:52:31Z,59,OTICE_v5_LoRA,12,24.57,59.87,0,0,0,0,ATB_59_2026-08-05.csv
2026-07-05T18:52:36Z,48,OTICE_v5_LoRA,0,24.53,53.61,0,0,0,0,ATB_48_2026-08-05.csv
2026-07-05T18:52:42Z,55,OTICE_v5_LoRA,49152,0,0,473.25,473.25,26.21,0,ATB_55_2026-08-05.csv
2026-07-05T18:52:51Z,46_out,OTICE_v5_LoRA,0,24.37,51.84,0,0,0,0,ATB_46_2026-08-05.csv
2026-07-05T18:52:51Z,47,OTICE_v5_LoRA,115,24.69,62.63,565.42,565.42,25.83,0,ATB_47_2026-08-05.csv
2026-07-05T18:52:54Z,54,OTICE_v5_LoRA,0,24.73,58.25,579.9,579.9,26,0,ATB_54_2026-08-05.csv
2026-07-05T18:53:06Z,48,OTICE_v5_LoRA,0,24.53,53.61,0,0,0,0,ATB_48_2026-08-05.csv
2026-07-05T18:53:21Z,46_out,OTICE_v5_LoRA,0,24.37,51.84,0,0,0,0,ATB_46_2026-08-05.csv
2026-07-05T18:53:31Z,59,OTICE_v5_LoRA,10,24.57,59.87,0,0,0,0,ATB_59_2026-08-05.csv
2026-07-05T18:53:36Z,48,OTICE_v5_LoRA,0,24.53,53.61,0,0,0,0,ATB_48_2026-08-05.csv
2026-07-05T18:53:42Z,55,OTICE_v5_LoRA,49152,0,0,473.11,473.11,26.21,0,ATB_55_2026-08-05.csv
2026-07-05T18:53:51Z,46_out,OTICE_v5_LoRA,0,24.35,51.84,0,0,0,0,ATB_46_2026-08-05.csv
2026-07-05T18:53:51Z,47,OTICE_v5_LoRA,120,24.69,62.73,567.41,567.41,25.88,0,ATB_47_2026-08-05.csv
2026-07-05T18:53:54Z,54,OTICE_v5_LoRA,0,24.73,58.45,579.05,579.05,25.98,0,ATB_54_2026-08-05.csv
2026-07-05T18:54:06Z,48,OTICE_v5_LoRA,0,24.53,53.61,0,0,0,0,ATB_48_2026-08-05.csv
2026-07-05T18:54:21Z,46_out,OTICE_v5_LoRA,0,24.35,51.84,0,0,0,0,ATB_46_2026-08-05.csv
2026-07-05T18:54:31Z,59,OTICE_v5_LoRA,8,24.55,59.87,0,0,0,0,ATB_59_2026-08-05.csv
2026-07-05T18:54:36Z,48,OTICE_v5_LoRA,0,24.52,53.61,0,0,0,0,ATB_48_2026-08-05.csv
2026-07-05T18:54:42Z,55,OTICE_v5_LoRA,49152,0,0,469.26,469.26,26.18,0,ATB_55_2026-08-05.csv
2026-07-05T18:54:51Z,46_out,OTICE_v5_LoRA,0,24.35,51.94,0,0,0,0,ATB_46_2026-08-05.csv
2026-07-05T18:54:51Z,47,OTICE_v5_LoRA,124,24.69,62.73,567.61,567.61,25.89,0,ATB_47_2026-08-05.csv
2026-07-05T18:54:54Z,54,OTICE_v5_LoRA,0,24.73,58.35,579.32,579.32,26,0,ATB_54_2026-08-05.csv
2026-07-05T18:55:06Z,48,OTICE_v5_LoRA,0,24.53,53.61,0,0,0,0,ATB_48_2026-08-05.csv
2026-07-05T18:55:21Z,46_out,OTICE_v5_LoRA,0,24.34,51.94,0,0,0,0,ATB_46_2026-08-05.csv
2026-07-05T18:55:31Z,59,OTICE_v5_LoRA,10,24.57,59.87,0,0,0,0,ATB_59_2026-08-05.csv
2026-07-05T18:55:36Z,48,OTICE_v5_LoRA,0,24.5,53.61,0,0,0,0,ATB_48_2026-08-05.csv
2026-07-05T18:55:42Z,55,OTICE_v5_LoRA,49152,0,0,471.59,471.59,26.23,0,ATB_55_2026-08-05.csv
2026-07-05T18:55:51Z,46_out,OTICE_v5_LoRA,0,24.35,51.84,0,0,0,0,ATB_46_2026-08-05.csv
2026-07-05T18:55:52Z,47,OTICE_v5_LoRA,114,24.68,62.73,569.14,569.14,25.85,0,ATB_47_2026-08-05.csv
2026-07-05T18:55:54Z,54,OTICE_v5_LoRA,0,24.73,58.35,582.57,582.57,26.01,0,ATB_54_2026-08-05.csv
2026-07-05T18:56:06Z,48,OTICE_v5_LoRA,0,24.5,53.61,0,0,0,0,ATB_48_2026-08-05.csv
2026-07-05T18:56:21Z,46_out,OTICE_v5_LoRA,0,24.35,51.94,0,0,0,0,ATB_46_2026-08-05.csv
2026-07-05T18:56:32Z,59,OTICE_v5_LoRA,10,24.57,59.87,0,0,0,0,ATB_59_2026-08-05.csv
2026-07-05T18:56:52Z,46_out,OTICE_v5_LoRA,0,24.34,51.94,0,0,0,0,ATB_46_2026-08-05.csv
2026-07-05T18:56:52Z,47,OTICE_v5_LoRA,118,24.64,62.76,571.88,571.88,25.81,0,ATB_47_2026-08-05.csv
2026-07-05T18:56:54Z,54,OTICE_v5_LoRA,0,24.7,58.45,581.41,581.41,25.91,0,ATB_54_2026-08-05.csv
2026-07-05T18:57:06Z,48,OTICE_v5_LoRA,0,24.5,53.61,0,0,0,0,ATB_48_2026-08-05.csv
2026-07-05T18:57:22Z,46_out,OTICE_v5_LoRA,0,24.35,51.94,0,0,0,0,ATB_46_2026-08-05.csv
2026-07-05T18:57:31Z,59,OTICE_v5_LoRA,14,24.53,59.87,0,0,0,0,ATB_59_2026-08-05.csv
2026-07-05T18:57:36Z,48,OTICE_v5_LoRA,0,24.5,53.61,0,0,0,0,ATB_48_2026-08-05.csv
2026-07-05T18:57:42Z,55,OTICE_v5_LoRA,0,0,0,471.96,471.96,26.18,0,ATB_55_2026-08-05.csv
2026-07-05T18:57:52Z,46_out,OTICE_v5_LoRA,0,24.35,51.84,0,0,0,0,ATB_46_2026-08-05.csv
2026-07-05T18:57:52Z,47,OTICE_v5_LoRA,118,24.64,62.76,571.71,571.71,25.74,0,ATB_47_2026-08-05.csv
2026-07-05T18:57:54Z,54,OTICE_v5_LoRA,0,24.68,58.35,582.52,582.52,25.83,0,ATB_54_2026-08-05.csv
2026-07-05T18:58:06Z,48,OTICE_v5_LoRA,0,24.49,53.63,0,0,0,0,ATB_48_2026-08-05.csv
2026-07-05T18:58:22Z,46_out,OTICE_v5_LoRA,0,24.34,51.84,0,0,0,0,ATB_46_2026-08-05.csv
2026-07-05T18:58:31Z,59,OTICE_v5_LoRA,11,24.52,59.97,0,0,0,0,ATB_59_2026-08-05.csv
2026-07-05T18:58:36Z,48,OTICE_v5_LoRA,0,24.5,53.61,0,0,0,0,ATB_48_2026-08-05.csv
2026-07-05T18:58:42Z,55,OTICE_v5_LoRA,0,0,0,470.9,470.9,26.18,0,ATB_55_2026-08-05.csv
2026-07-05T18:58:52Z,46_out,OTICE_v5_LoRA,0,24.34,51.84,0,0,0,0,ATB_46_2026-08-05.csv
2026-07-05T18:58:52Z,47,OTICE_v5_LoRA,121,24.67,62.82,568.37,568.37,25.97,0,ATB_47_2026-08-05.csv
2026-07-05T18:58:54Z,54,OTICE_v5_LoRA,0,24.68,58.55,586.5,586.5,26.01,0,ATB_54_2026-08-05.csv
2026-07-05T18:59:06Z,48,OTICE_v5_LoRA,0,24.49,53.63,0,0,0,0,ATB_48_2026-08-05.csv
2026-07-05T18:59:22Z,46_out,OTICE_v5_LoRA,0,24.37,51.84,0,0,0,0,ATB_46_2026-08-05.csv
2026-07-05T18:59:31Z,59,OTICE_v5_LoRA,13,24.55,59.97,0,0,0,0,ATB_59_2026-08-05.csv
2026-07-05T18:59:36Z,48,OTICE_v5_LoRA,0,24.5,53.61,0,0,0,0,ATB_48_2026-08-05.csv
2026-07-05T18:59:42Z,55,OTICE_v5_LoRA,0,0,0,470,470,26.26,0,ATB_55_2026-08-05.csv
2026-07-05T18:59:52Z,46_out,OTICE_v5_LoRA,0,24.35,51.84,0,0,0,0,ATB_46_2026-08-05.csv
2026-07-05T18:59:52Z,47,OTICE_v5_LoRA,124,24.68,62.82,570.49,570.49,26.11,0,ATB_47_2026-08-05.csv
2026-07-05T18:59:54Z,54,OTICE_v5_LoRA,0,24.68,58.55,586.63,586.63,26.09,0,ATB_54_2026-08-05.csv
2026-07-05T19:00:06Z,48,OTICE_v5_LoRA,0,24.52,53.61,0,0,0,0,ATB_48_2026-08-05.csv
2026-07-05T19:00:22Z,46_out,OTICE_v5_LoRA,0,24.4,51.74,0,0,0,0,ATB_46_2026-08-05.csv
2026-07-05T19:00:31Z,59,OTICE_v5_LoRA,8,24.55,59.97,0,0,0,0,ATB_59_2026-08-05.csv
2026-07-05T19:00:36Z,48,OTICE_v5_LoRA,0,24.52,53.61,0,0,0,0,ATB_48_2026-08-05.csv
2026-07-05T19:00:42Z,55,OTICE_v5_LoRA,252,0,0,478.25,478.25,26.31,0,ATB_55_2026-08-05.csv
2026-07-05T19:00:52Z,46_out,OTICE_v5_LoRA,0,24.39,51.74,0,0,0,0,ATB_46_2026-08-05.csv
2026-07-05T19:00:52Z,47,OTICE_v5_LoRA,119,24.68,62.82,568.82,568.82,26.15,0,ATB_47_2026-08-05.csv
2026-07-05T19:00:54Z,54,OTICE_v5_LoRA,0,24.68,58.55,586.42,586.42,26.13,0,ATB_54_2026-08-05.csv
2026-07-05T19:01:06Z,48,OTICE_v5_LoRA,0,24.53,53.5,0,0,0,0,ATB_48_2026-08-05.csv
2026-07-05T19:01:22Z,46_out,OTICE_v5_LoRA,0,24.39,51.74,0,0,0,0,ATB_46_2026-08-05.csv
2026-07-05T19:01:31Z,59,OTICE_v5_LoRA,14,24.57,59.87,0,0,0,0,ATB_59_2026-08-05.csv
2026-07-05T19:01:36Z,48,OTICE_v5_LoRA,0,24.53,53.5,0,0,0,0,ATB_48_2026-08-05.csv
2026-07-05T19:01:42Z,55,OTICE_v5_LoRA,252,0,0,474.7,474.7,26.31,0,ATB_55_2026-08-05.csv
2026-07-05T19:01:52Z,46_out,OTICE_v5_LoRA,0,24.37,51.74,0,0,0,0,ATB_46_2026-08-05.csv
2026-07-05T19:01:52Z,47,OTICE_v5_LoRA,127,24.68,62.73,571.23,571.23,26.19,0,ATB_47_2026-08-05.csv
2026-07-05T19:01:55Z,54,OTICE_v5_LoRA,0,24.68,58.55,584.8,584.8,26.2,0,ATB_54_2026-08-05.csv
2026-07-05T19:02:06Z,48,OTICE_v5_LoRA,0,24.53,53.5,0,0,0,0,ATB_48_2026-08-05.csv
2026-07-05T19:02:22Z,46_out,OTICE_v5_LoRA,0,24.39,51.74,0,0,0,0,ATB_46_2026-08-05.csv
2026-07-05T19:02:31Z,59,OTICE_v5_LoRA,8,24.58,59.87,0,0,0,0,ATB_59_2026-08-05.csv
2026-07-05T19:02:36Z,48,OTICE_v5_LoRA,0,24.53,53.5,0,0,0,0,ATB_48_2026-08-05.csv
2026-07-05T19:02:42Z,55,OTICE_v5_LoRA,254,0,0,475.91,475.91,26.33,0,ATB_55_2026-08-05.csv
2026-07-05T19:02:52Z,47,OTICE_v5_LoRA,115,24.69,62.73,571.5,571.5,26.17,0,ATB_47_2026-08-05.csv
2026-07-05T19:02:53Z,46_out,OTICE_v5_LoRA,0,24.39,51.74,0,0,0,0,ATB_46_2026-08-05.csv
2026-07-05T19:02:55Z,54,OTICE_v5_LoRA,0,24.68,58.45,582.93,582.93,26.2,0,ATB_54_2026-08-05.csv
2026-07-05T19:03:06Z,48,OTICE_v5_LoRA,0,24.53,53.5,0,0,0,0,ATB_48_2026-08-05.csv
2026-07-05T19:03:23Z,46_out,OTICE_v5_LoRA,0,24.37,51.74,0,0,0,0,ATB_46_2026-08-05.csv
2026-07-05T19:03:32Z,59,OTICE_v5_LoRA,10,24.6,59.87,0,0,0,0,ATB_59_2026-08-05.csv
2026-07-05T19:03:36Z,48,OTICE_v5_LoRA,0,24.53,53.5,0,0,0,0,ATB_48_2026-08-05.csv
2026-07-05T19:03:43Z,55,OTICE_v5_LoRA,254,0,0,475.84,475.84,26.36,0,ATB_55_2026-08-05.csv
2026-07-05T19:03:52Z,47,OTICE_v5_LoRA,122,24.69,62.73,570.31,570.31,26.24,0,ATB_47_2026-08-05.csv
2026-07-05T19:03:53Z,46_out,OTICE_v5_LoRA,0,24.37,51.74,0,0,0,0,ATB_46_2026-08-05.csv
2026-07-05T19:03:55Z,54,OTICE_v5_LoRA,0,24.7,58.55,584.13,584.13,26.24,0,ATB_54_2026-08-05.csv
2026-07-05T19:04:06Z,48,OTICE_v5_LoRA,0,24.52,53.5,0,0,0,0,ATB_48_2026-08-05.csv
2026-07-05T19:04:23Z,46_out,OTICE_v5_LoRA,0,24.39,51.74,0,0,0,0,ATB_46_2026-08-05.csv
2026-07-05T19:04:32Z,59,OTICE_v5_LoRA,10,24.57,59.87,0,0,0,0,ATB_59_2026-08-05.csv
2026-07-05T19:04:36Z,48,OTICE_v5_LoRA,0,24.53,53.5,0,0,0,0,ATB_48_2026-08-05.csv
2026-07-05T19:04:43Z,55,OTICE_v5_LoRA,254,0,0,477.19,477.19,26.35,0,ATB_55_2026-08-05.csv
2026-07-05T19:04:52Z,47,OTICE_v5_LoRA,117,24.69,62.73,570.49,570.49,26.25,0,ATB_47_2026-08-05.csv
2026-07-05T19:04:53Z,46_out,OTICE_v5_LoRA,0,24.37,51.74,0,0,0,0,ATB_46_2026-08-05.csv
2026-07-05T19:04:55Z,54,OTICE_v5_LoRA,0,24.68,58.55,583.66,583.66,26.24,0,ATB_54_2026-08-05.csv
2026-07-05T19:05:07Z,48,OTICE_v5_LoRA,0,24.53,53.5,0,0,0,0,ATB_48_2026-08-05.csv
2026-07-05T19:05:23Z,46_out,OTICE_v5_LoRA,0,24.37,51.74,0,0,0,0,ATB_46_2026-08-05.csv
2026-07-05T19:05:32Z,59,OTICE_v5_LoRA,13,24.57,59.87,0,0,0,0,ATB_59_2026-08-05.csv
2026-07-05T19:05:37Z,48,OTICE_v5_LoRA,0,24.53,53.5,0,0,0,0,ATB_48_2026-08-05.csv
2026-07-05T19:05:43Z,55,OTICE_v5_LoRA,254,0,0,477.53,477.53,26.33,0,ATB_55_2026-08-05.csv
2026-07-05T19:05:53Z,46_out,OTICE_v5_LoRA,0,24.39,51.74,0,0,0,0,ATB_46_2026-08-05.csv
2026-07-05T19:05:53Z,47,OTICE_v5_LoRA,120,24.71,62.73,569.92,569.92,26.28,0,ATB_47_2026-08-05.csv
2026-07-05T19:05:55Z,54,OTICE_v5_LoRA,0,24.68,58.55,583.56,583.56,26.24,0,ATB_54_2026-08-05.csv
2026-07-05T19:06:07Z,48,OTICE_v5_LoRA,0,24.52,53.5,0,0,0,0,ATB_48_2026-08-05.csv
2026-07-05T19:06:23Z,46_out,OTICE_v5_LoRA,0,24.37,51.74,0,0,0,0,ATB_46_2026-08-05.csv
2026-07-05T19:06:32Z,59,OTICE_v5_LoRA,10,24.6,59.87,0,0,0,0,ATB_59_2026-08-05.csv
2026-07-05T19:06:37Z,48,OTICE_v5_LoRA,0,24.53,53.5,0,0,0,0,ATB_48_2026-08-05.csv
2026-07-05T19:06:43Z,55,OTICE_v5_LoRA,254,0,0,478.77,478.77,26.33,0,ATB_55_2026-08-05.csv
2026-07-05T19:06:53Z,46_out,OTICE_v5_LoRA,0,24.37,51.74,0,0,0,0,ATB_46_2026-08-05.csv
2026-07-05T19:06:53Z,47,OTICE_v5_LoRA,120,24.69,62.82,570.41,570.41,26.28,0,ATB_47_2026-08-05.csv
2026-07-05T19:06:55Z,54,OTICE_v5_LoRA,0,24.68,58.55,586.99,586.99,26.3,0,ATB_54_2026-08-05.csv
2026-07-05T19:07:07Z,48,OTICE_v5_LoRA,0,24.53,53.5,0,0,0,0,ATB_48_2026-08-05.csv
2026-07-05T19:07:23Z,46_out,OTICE_v5_LoRA,0,24.35,51.74,0,0,0,0,ATB_46_2026-08-05.csv
2026-07-05T19:07:32Z,59,OTICE_v5_LoRA,11,24.57,59.87,0,0,0,0,ATB_59_2026-08-05.csv
2026-07-05T19:07:37Z,48,OTICE_v5_LoRA,0,24.53,53.5,0,0,0,0,ATB_48_2026-08-05.csv
2026-07-05T19:07:43Z,55,OTICE_v5_LoRA,254,0,0,477.63,477.63,26.38,0,ATB_55_2026-08-05.csv
2026-07-05T19:07:53Z,46_out,OTICE_v5_LoRA,0,24.35,51.74,0,0,0,0,ATB_46_2026-08-05.csv
2026-07-05T19:07:53Z,47,OTICE_v5_LoRA,123,24.69,62.73,568.79,568.79,26.29,0,ATB_47_2026-08-05.csv
2026-07-05T19:07:55Z,54,OTICE_v5_LoRA,0,24.68,58.55,588.01,588.01,26.25,0,ATB_54_2026-08-05.csv
2026-07-05T19:08:07Z,48,OTICE_v5_LoRA,0,24.52,53.5,0,0,0,0,ATB_48_2026-08-05.csv
2026-07-05T19:08:24Z,46_out,OTICE_v5_LoRA,0,24.34,51.74,0,0,0,0,ATB_46_2026-08-05.csv
2026-07-05T19:08:32Z,59,OTICE_v5_LoRA,13,24.58,59.87,0,0,0,0,ATB_59_2026-08-05.csv
2026-07-05T19:08:37Z,48,OTICE_v5_LoRA,0,24.52,53.5,0,0,0,0,ATB_48_2026-08-05.csv
2026-07-05T19:08:43Z,55,OTICE_v5_LoRA,254,0,0,475.01,475.01,26.36,0,ATB_55_2026-08-05.csv
2026-07-05T19:08:53Z,47,OTICE_v5_LoRA,114,24.68,62.63,567.15,567.15,26.15,0,ATB_47_2026-08-05.csv
2026-07-05T19:08:54Z,46_out,OTICE_v5_LoRA,0,24.37,51.74,0,0,0,0,ATB_46_2026-08-05.csv
2026-07-05T19:08:55Z,54,OTICE_v5_LoRA,0,24.67,58.45,586.46,586.46,26.24,0,ATB_54_2026-08-05.csv
2026-07-05T19:09:07Z,48,OTICE_v5_LoRA,0,24.5,53.5,0,0,0,0,ATB_48_2026-08-05.csv
2026-07-05T19:09:24Z,46_out,OTICE_v5_LoRA,0,24.39,51.64,0,0,0,0,ATB_46_2026-08-05.csv
2026-07-05T19:09:32Z,59,OTICE_v5_LoRA,14,24.57,59.87,0,0,0,0,ATB_59_2026-08-05.csv
2026-07-05T19:09:37Z,48,OTICE_v5_LoRA,0,24.52,53.5,0,0,0,0,ATB_48_2026-08-05.csv
2026-07-05T19:09:43Z,55,OTICE_v5_LoRA,248,0,0,473.71,473.71,26.36,0,ATB_55_2026-08-05.csv
2026-07-05T19:09:53Z,47,OTICE_v5_LoRA,126,24.69,62.63,562.56,562.56,26.17,0,ATB_47_2026-08-05.csv
2026-07-05T19:09:54Z,46_out,OTICE_v5_LoRA,0,24.39,51.74,0,0,0,0,ATB_46_2026-08-05.csv
2026-07-05T19:09:55Z,54,OTICE_v5_LoRA,0,24.68,58.45,586,586,26.24,0,ATB_54_2026-08-05.csv
2026-07-05T19:10:07Z,48,OTICE_v5_LoRA,0,24.52,53.5,0,0,0,0,ATB_48_2026-08-05.csv
2026-07-05T19:10:24Z,46_out,OTICE_v5_LoRA,0,24.37,51.74,0,0,0,0,ATB_46_2026-08-05.csv
2026-07-05T19:10:33Z,59,OTICE_v5_LoRA,11,24.57,59.87,0,0,0,0,ATB_59_2026-08-05.csv
2026-07-05T19:10:37Z,48,OTICE_v5_LoRA,0,24.53,53.5,0,0,0,0,ATB_48_2026-08-05.csv
2026-07-05T19:10:43Z,55,OTICE_v5_LoRA,248,0,0,474.12,474.12,26.35,0,ATB_55_2026-08-05.csv
2026-07-05T19:10:53Z,47,OTICE_v5_LoRA,118,24.69,62.73,560.61,560.61,26.22,0,ATB_47_2026-08-05.csv
2026-07-05T19:10:54Z,46_out,OTICE_v5_LoRA,0,24.39,51.74,0,0,0,0,ATB_46_2026-08-05.csv
2026-07-05T19:10:55Z,54,OTICE_v5_LoRA,0,24.67,58.45,583.74,583.74,26.21,0,ATB_54_2026-08-05.csv
2026-07-05T19:11:07Z,48,OTICE_v5_LoRA,0,24.5,53.5,0,0,0,0,ATB_48_2026-08-05.csv
2026-07-05T19:11:24Z,46_out,OTICE_v5_LoRA,0,24.35,51.74,0,0,0,0,ATB_46_2026-08-05.csv
2026-07-05T19:11:33Z,59,OTICE_v5_LoRA,8,24.57,59.87,0,0,0,0,ATB_59_2026-08-05.csv
2026-07-05T19:11:37Z,48,OTICE_v5_LoRA,0,24.52,53.5,0,0,0,0,ATB_48_2026-08-05.csv
2026-07-05T19:11:43Z,55,OTICE_v5_LoRA,248,0,0,475.7,475.7,26.35,0,ATB_55_2026-08-05.csv
2026-07-05T19:11:53Z,47,OTICE_v5_LoRA,120,24.68,62.63,561.69,561.69,26.21,0,ATB_47_2026-08-05.csv
2026-07-05T19:11:54Z,46_out,OTICE_v5_LoRA,0,24.35,51.74,0,0,0,0,ATB_46_2026-08-05.csv
2026-07-05T19:11:55Z,54,OTICE_v5_LoRA,0,24.67,58.45,584.26,584.26,26.24,0,ATB_54_2026-08-05.csv
2026-07-05T19:12:07Z,48,OTICE_v5_LoRA,0,24.53,53.5,0,0,0,0,ATB_48_2026-08-05.csv
2026-07-05T19:12:24Z,46_out,OTICE_v5_LoRA,0,24.37,51.74,0,0,0,0,ATB_46_2026-08-05.csv
2026-07-05T19:12:33Z,59,OTICE_v5_LoRA,8,24.57,59.87,0,0,0,0,ATB_59_2026-08-05.csv
2026-07-05T19:12:37Z,48,OTICE_v5_LoRA,0,24.52,53.5,0,0,0,0,ATB_48_2026-08-05.csv
2026-07-05T19:12:43Z,55,OTICE_v5_LoRA,248,0,0,474.51,474.51,26.35,0,ATB_55_2026-08-05.csv
2026-07-05T19:12:53Z,47,OTICE_v5_LoRA,120,24.69,62.63,563.57,563.57,26.14,0,ATB_47_2026-08-05.csv
2026-07-05T19:12:54Z,46_out,OTICE_v5_LoRA,0,24.35,51.74,0,0,0,0,ATB_46_2026-08-05.csv
2026-07-05T19:12:55Z,54,OTICE_v5_LoRA,0,24.68,58.45,583.39,583.39,26.23,0,ATB_54_2026-08-05.csv
2026-07-05T19:13:07Z,48,OTICE_v5_LoRA,0,24.52,53.5,0,0,0,0,ATB_48_2026-08-05.csv
2026-07-05T19:13:24Z,46_out,OTICE_v5_LoRA,0,24.35,51.74,0,0,0,0,ATB_46_2026-08-05.csv
2026-07-05T19:13:33Z,59,OTICE_v5_LoRA,8,24.55,59.87,0,0,0,0,ATB_59_2026-08-05.csv
2026-07-05T19:13:37Z,48,OTICE_v5_LoRA,0,24.53,53.41,0,0,0,0,ATB_48_2026-08-05.csv
2026-07-05T19:13:43Z,55,OTICE_v5_LoRA,49152,0,0,479.61,479.61,26.33,0,ATB_55_2026-08-05.csv
2026-07-05T19:13:53Z,47,OTICE_v5_LoRA,119,24.69,62.63,561.88,561.88,26.22,0,ATB_47_2026-08-05.csv
2026-07-05T19:13:54Z,46_out,OTICE_v5_LoRA,0,24.35,51.74,0,0,0,0,ATB_46_2026-08-05.csv
2026-07-05T19:13:55Z,54,OTICE_v5_LoRA,0,24.67,58.55,583.37,583.37,26.27,0,ATB_54_2026-08-05.csv
2026-07-05T19:14:07Z,48,OTICE_v5_LoRA,0,24.52,53.5,0,0,0,0,ATB_48_2026-08-05.csv
2026-07-05T19:14:25Z,46_out,OTICE_v5_LoRA,0,24.34,51.74,0,0,0,0,ATB_46_2026-08-05.csv
2026-07-05T19:14:33Z,59,OTICE_v5_LoRA,14,24.55,59.87,0,0,0,0,ATB_59_2026-08-05.csv
2026-07-05T19:14:37Z,48,OTICE_v5_LoRA,0,24.52,53.41,0,0,0,0,ATB_48_2026-08-05.csv
2026-07-05T19:14:43Z,55,OTICE_v5_LoRA,33023,0,0,480.3,480.3,26.36,0,ATB_55_2026-08-05.csv
2026-07-05T19:14:53Z,47,OTICE_v5_LoRA,118,24.69,62.63,560.09,560.09,26.25,0,ATB_47_2026-08-05.csv
2026-07-05T19:14:55Z,46_out,OTICE_v5_LoRA,0,24.35,51.74,0,0,0,0,ATB_46_2026-08-05.csv
2026-07-05T19:14:56Z,54,OTICE_v5_LoRA,0,24.67,58.55,583.55,583.55,26.25,0,ATB_54_2026-08-05.csv
2026-07-05T19:15:07Z,48,OTICE_v5_LoRA,0,24.53,53.41,0,0,0,0,ATB_48_2026-08-05.csv
2026-07-05T19:15:25Z,46_out,OTICE_v5_LoRA,0,24.35,51.74,0,0,0,0,ATB_46_2026-08-05.csv
2026-07-05T19:15:33Z,59,OTICE_v5_LoRA,9,24.55,59.87,0,0,0,0,ATB_59_2026-08-05.csv
2026-07-05T19:15:37Z,48,OTICE_v5_LoRA,0,24.53,53.41,0,0,0,0,ATB_48_2026-08-05.csv
2026-07-05T19:15:43Z,55,OTICE_v5_LoRA,33023,0,0,478.93,478.93,26.33,0,ATB_55_2026-08-05.csv
2026-07-05T19:15:53Z,47,OTICE_v5_LoRA,117,24.68,62.63,560.8,560.8,26.22,0,ATB_47_2026-08-05.csv
2026-07-05T19:15:56Z,54,OTICE_v5_LoRA,0,24.67,58.55,584.07,584.07,26.27,0,ATB_54_2026-08-05.csv
2026-07-05T19:16:07Z,48,OTICE_v5_LoRA,0,24.52,53.41,0,0,0,0,ATB_48_2026-08-05.csv
2026-07-05T19:16:33Z,59,OTICE_v5_LoRA,15,24.55,59.87,0,0,0,0,ATB_59_2026-08-05.csv
2026-07-05T19:16:37Z,48,OTICE_v5_LoRA,0,24.52,53.41,0,0,0,0,ATB_48_2026-08-05.csv
2026-07-05T19:16:43Z,55,OTICE_v5_LoRA,33023,0,0,476.08,476.08,26.33,0,ATB_55_2026-08-05.csv
2026-07-05T19:16:53Z,47,OTICE_v5_LoRA,122,24.69,62.63,561.42,561.42,26.28,0,ATB_47_2026-08-05.csv
2026-07-05T19:16:56Z,54,OTICE_v5_LoRA,0,24.67,58.45,586.39,586.39,26.28,0,ATB_54_2026-08-05.csv
2026-07-05T19:17:07Z,48,OTICE_v5_LoRA,0,24.53,53.41,0,0,0,0,ATB_48_2026-08-05.csv
2026-07-05T19:17:37Z,48,OTICE_v5_LoRA,0,24.52,53.41,0,0,0,0,ATB_48_2026-08-05.csv
2026-07-05T19:17:43Z,55,OTICE_v5_LoRA,33023,0,0,474.25,474.25,26.33,0,ATB_55_2026-08-05.csv
2026-07-05T19:17:53Z,47,OTICE_v5_LoRA,121,24.69,62.63,559.95,559.95,26.27,0,ATB_47_2026-08-05.csv
2026-07-05T19:17:56Z,54,OTICE_v5_LoRA,0,24.67,58.55,586.62,586.62,26.3,0,ATB_54_2026-08-05.csv
2026-07-05T19:18:07Z,48,OTICE_v5_LoRA,0,24.53,53.41,0,0,0,0,ATB_48_2026-08-05.csv
2026-07-05T19:18:31Z,59,OTICE_v5_LoRA,10,24.53,59.87,0,0,0,0,ATB_59_2026-08-05.csv
2026-07-05T19:18:37Z,48,OTICE_v5_LoRA,0,24.52,53.41,0,0,0,0,ATB_48_2026-08-05.csv
2026-07-05T19:18:43Z,55,OTICE_v5_LoRA,33023,0,0,474.79,474.79,26.32,0,ATB_55_2026-08-05.csv
2026-07-05T19:18:54Z,47,OTICE_v5_LoRA,124,24.69,62.63,563.66,563.66,26.28,0,ATB_47_2026-08-05.csv
2026-07-05T19:18:56Z,54,OTICE_v5_LoRA,0,24.67,58.55,590.15,590.15,26.27,0,ATB_54_2026-08-05.csv
2026-07-05T19:19:07Z,48,OTICE_v5_LoRA,0,24.52,53.41,0,0,0,0,ATB_48_2026-08-05.csv
2026-07-05T19:19:31Z,59,OTICE_v5_LoRA,9,24.53,59.97,0,0,0,0,ATB_59_2026-08-05.csv
2026-07-05T19:19:38Z,48,OTICE_v5_LoRA,0,24.52,53.41,0,0,0,0,ATB_48_2026-08-05.csv
2026-07-05T19:19:43Z,55,OTICE_v5_LoRA,33023,0,0,477.48,477.48,26.33,0,ATB_55_2026-08-05.csv
2026-07-05T19:19:54Z,47,OTICE_v5_LoRA,116,24.69,62.53,564.47,564.47,26.27,0,ATB_47_2026-08-05.csv
2026-07-05T19:19:56Z,54,OTICE_v5_LoRA,0,24.68,58.45,589.14,589.14,26.28,0,ATB_54_2026-08-05.csv
2026-07-05T19:20:08Z,48,OTICE_v5_LoRA,0,24.52,53.41,0,0,0,0,ATB_48_2026-08-05.csv
2026-07-05T19:20:31Z,59,OTICE_v5_LoRA,12,24.53,59.87,0,0,0,0,ATB_59_2026-08-05.csv
2026-07-05T19:20:38Z,48,OTICE_v5_LoRA,0,24.52,53.41,0,0,0,0,ATB_48_2026-08-05.csv
2026-07-05T19:20:43Z,55,OTICE_v5_LoRA,33023,0,0,474.06,474.06,26.35,0,ATB_55_2026-08-05.csv
2026-07-05T19:20:54Z,47,OTICE_v5_LoRA,120,24.68,62.63,562.26,562.26,26.24,0,ATB_47_2026-08-05.csv
2026-07-05T19:20:56Z,54,OTICE_v5_LoRA,0,24.67,58.55,588.88,588.88,26.24,0,ATB_54_2026-08-05.csv
2026-07-05T19:21:08Z,48,OTICE_v5_LoRA,0,24.52,53.41,0,0,0,0,ATB_48_2026-08-05.csv
2026-07-05T19:21:31Z,59,OTICE_v5_LoRA,11,24.53,59.97,0,0,0,0,ATB_59_2026-08-05.csv
2026-07-05T19:21:38Z,48,OTICE_v5_LoRA,0,24.53,53.41,0,0,0,0,ATB_48_2026-08-05.csv
2026-07-05T19:21:44Z,55,OTICE_v5_LoRA,33023,0,0,476.14,476.14,26.31,0,ATB_55_2026-08-05.csv
2026-07-05T19:21:54Z,47,OTICE_v5_LoRA,121,24.69,62.63,564.47,564.47,26.25,0,ATB_47_2026-08-05.csv
2026-07-05T19:21:56Z,54,OTICE_v5_LoRA,0,24.67,58.55,587.25,587.25,26.25,0,ATB_54_2026-08-05.csv
2026-07-05T19:22:08Z,48,OTICE_v5_LoRA,0,24.53,53.41,0,0,0,0,ATB_48_2026-08-05.csv
2026-07-05T19:22:32Z,59,OTICE_v5_LoRA,13,24.53,59.87,0,0,0,0,ATB_59_2026-08-05.csv
2026-07-05T19:22:38Z,48,OTICE_v5_LoRA,0,24.52,53.41,0,0,0,0,ATB_48_2026-08-05.csv
2026-07-05T19:22:44Z,55,OTICE_v5_LoRA,33023,0,0,478.84,478.84,26.29,0,ATB_55_2026-08-05.csv
2026-07-05T19:22:54Z,47,OTICE_v5_LoRA,119,24.69,62.53,563.89,563.89,26.27,0,ATB_47_2026-08-05.csv
2026-07-05T19:22:56Z,54,OTICE_v5_LoRA,0,24.66,58.45,585.82,585.82,26.24,0,ATB_54_2026-08-05.csv
2026-07-05T19:23:08Z,48,OTICE_v5_LoRA,0,24.52,53.41,0,0,0,0,ATB_48_2026-08-05.csv
2026-07-05T19:23:32Z,59,OTICE_v5_LoRA,7,24.53,59.87,0,0,0,0,ATB_59_2026-08-05.csv
2026-07-05T19:23:38Z,48,OTICE_v5_LoRA,0,24.53,53.31,0,0,0,0,ATB_48_2026-08-05.csv
2026-07-05T19:23:44Z,55,OTICE_v5_LoRA,0,0,0,476.56,476.56,26.32,0,ATB_55_2026-08-05.csv
2026-07-05T19:23:54Z,47,OTICE_v5_LoRA,118,24.69,62.53,562.78,562.78,26.21,0,ATB_47_2026-08-05.csv
2026-07-05T19:23:56Z,54,OTICE_v5_LoRA,0,24.67,58.45,586.65,586.65,26.25,0,ATB_54_2026-08-05.csv
2026-07-05T19:24:08Z,48,OTICE_v5_LoRA,0,24.52,53.31,0,0,0,0,ATB_48_2026-08-05.csv
2026-07-05T19:24:32Z,59,OTICE_v5_LoRA,9,24.53,59.87,0,0,0,0,ATB_59_2026-08-05.csv
2026-07-05T19:24:38Z,48,OTICE_v5_LoRA,0,24.53,53.31,0,0,0,0,ATB_48_2026-08-05.csv
2026-07-05T19:24:44Z,55,OTICE_v5_LoRA,0,0,0,479.12,479.12,26.33,0,ATB_55_2026-08-05.csv
2026-07-05T19:24:54Z,47,OTICE_v5_LoRA,121,24.68,62.63,562.94,562.94,26.27,0,ATB_47_2026-08-05.csv
2026-07-05T19:24:56Z,54,OTICE_v5_LoRA,0,24.66,58.55,584.68,584.68,26.24,0,ATB_54_2026-08-05.csv
2026-07-05T19:25:08Z,48,OTICE_v5_LoRA,0,24.53,53.31,0,0,0,0,ATB_48_2026-08-05.csv
2026-07-05T19:25:32Z,59,OTICE_v5_LoRA,15,24.52,59.87,0,0,0,0,ATB_59_2026-08-05.csv
2026-07-05T19:25:38Z,48,OTICE_v5_LoRA,0,24.53,53.31,0,0,0,0,ATB_48_2026-08-05.csv
2026-07-05T19:25:44Z,55,OTICE_v5_LoRA,61441,0,0,480.13,480.13,26.32,0,ATB_55_2026-08-05.csv
2026-07-05T19:25:54Z,47,OTICE_v5_LoRA,121,24.69,62.53,563.44,563.44,26.21,0,ATB_47_2026-08-05.csv
2026-07-05T19:25:56Z,54,OTICE_v5_LoRA,0,24.66,58.45,586.36,586.36,26.23,0,ATB_54_2026-08-05.csv
2026-07-05T19:26:08Z,48,OTICE_v5_LoRA,0,24.52,53.31,0,0,0,0,ATB_48_2026-08-05.csv
2026-07-05T19:26:32Z,59,OTICE_v5_LoRA,13,24.52,59.87,0,0,0,0,ATB_59_2026-08-05.csv
2026-07-05T19:26:38Z,48,OTICE_v5_LoRA,0,24.53,53.31,0,0,0,0,ATB_48_2026-08-05.csv
2026-07-05T19:26:44Z,55,OTICE_v5_LoRA,61441,0,0,481.24,481.24,26.31,0,ATB_55_2026-08-05.csv
2026-07-05T19:26:54Z,47,OTICE_v5_LoRA,124,24.68,62.33,562.17,562.17,26.08,0,ATB_47_2026-08-05.csv
2026-07-05T19:26:56Z,54,OTICE_v5_LoRA,0,24.66,58.16,584.47,584.47,26.13,0,ATB_54_2026-08-05.csv
2026-07-05T19:27:08Z,48,OTICE_v5_LoRA,0,24.52,53.31,0,0,0,0,ATB_48_2026-08-05.csv
2026-07-05T19:27:32Z,59,OTICE_v5_LoRA,11,24.5,59.57,0,0,0,0,ATB_59_2026-08-05.csv
2026-07-05T19:27:38Z,48,OTICE_v5_LoRA,0,24.52,53.31,0,0,0,0,ATB_48_2026-08-05.csv
2026-07-05T19:27:44Z,55,OTICE_v5_LoRA,61441,0,0,480.83,480.83,26.21,0,ATB_55_2026-08-05.csv
2026-07-05T19:27:54Z,47,OTICE_v5_LoRA,119,24.68,62.23,559.67,559.67,25.98,0,ATB_47_2026-08-05.csv
2026-07-05T19:27:57Z,54,OTICE_v5_LoRA,0,24.68,58.05,583.31,583.31,26.05,0,ATB_54_2026-08-05.csv
2026-07-05T19:28:08Z,48,OTICE_v5_LoRA,0,24.53,53.31,0,0,0,0,ATB_48_2026-08-05.csv
2026-07-05T19:28:32Z,59,OTICE_v5_LoRA,9,24.5,59.68,0,0,0,0,ATB_59_2026-08-05.csv
2026-07-05T19:28:38Z,48,OTICE_v5_LoRA,0,24.52,53.31,0,0,0,0,ATB_48_2026-08-05.csv
2026-07-05T19:28:44Z,55,OTICE_v5_LoRA,61441,0,0,479.23,479.23,26.16,0,ATB_55_2026-08-05.csv
2026-07-05T19:28:54Z,47,OTICE_v5_LoRA,120,24.67,62.23,558.74,558.74,25.94,0,ATB_47_2026-08-05.csv
2026-07-05T19:28:56Z,54,OTICE_v5_LoRA,0,24.7,57.95,582.78,582.78,26.05,0,ATB_54_2026-08-05.csv
2026-07-05T19:29:08Z,48,OTICE_v5_LoRA,0,24.52,53.31,0,0,0,0,ATB_48_2026-08-05.csv
2026-07-05T19:29:32Z,59,OTICE_v5_LoRA,12,24.47,59.7,0,0,0,0,ATB_59_2026-08-05.csv
2026-07-05T19:29:38Z,48,OTICE_v5_LoRA,0,24.5,53.31,0,0,0,0,ATB_48_2026-08-05.csv
2026-07-05T19:29:44Z,55,OTICE_v5_LoRA,61447,0,0,478.07,478.07,26.12,0,ATB_55_2026-08-05.csv
2026-07-05T19:29:56Z,54,OTICE_v5_LoRA,0,24.73,57.95,581.98,581.98,26.08,0,ATB_54_2026-08-05.csv
2026-07-05T19:30:03Z,47,OTICE_v5_LoRA,115,24.67,62.33,572.24,572.24,25.89,0,ATB_47_2026-08-05.csv
2026-07-05T19:30:08Z,48,OTICE_v5_LoRA,0,24.5,53.31,0,0,0,0,ATB_48_2026-08-05.csv
2026-07-05T19:30:32Z,59,OTICE_v5_LoRA,10,24.47,59.6,0,0,0,0,ATB_59_2026-08-05.csv
2026-07-05T19:30:38Z,48,OTICE_v5_LoRA,0,24.5,53.31,0,0,0,0,ATB_48_2026-08-05.csv
2026-07-05T19:30:44Z,55,OTICE_v5_LoRA,61447,0,0,476.39,476.39,26.11,0,ATB_55_2026-08-05.csv
2026-07-05T19:30:57Z,54,OTICE_v5_LoRA,0,24.68,57.95,581.25,581.25,25.96,0,ATB_54_2026-08-05.csv
2026-07-05T19:31:03Z,47,OTICE_v5_LoRA,123,24.63,62.36,565.96,565.96,25.84,0,ATB_47_2026-08-05.csv
2026-07-05T19:31:08Z,48,OTICE_v5_LoRA,0,24.49,53.33,0,0,0,0,ATB_48_2026-08-05.csv
2026-07-05T19:31:32Z,59,OTICE_v5_LoRA,12,24.45,59.7,0,0,0,0,ATB_59_2026-08-05.csv
2026-07-05T19:31:38Z,48,OTICE_v5_LoRA,0,24.5,53.31,0,0,0,0,ATB_48_2026-08-05.csv
2026-07-05T19:31:44Z,55,OTICE_v5_LoRA,61447,0,0,476.5,476.5,26.05,0,ATB_55_2026-08-05.csv
2026-07-05T19:31:57Z,54,OTICE_v5_LoRA,0,24.67,58.05,580.9,580.9,25.91,0,ATB_54_2026-08-05.csv
2026-07-05T19:32:03Z,47,OTICE_v5_LoRA,114,24.61,62.46,563.45,563.45,25.78,0,ATB_47_2026-08-05.csv
2026-07-05T19:32:09Z,48,OTICE_v5_LoRA,0,24.49,53.33,0,0,0,0,ATB_48_2026-08-05.csv
2026-07-05T19:32:32Z,59,OTICE_v5_LoRA,11,24.46,59.8,0,0,0,0,ATB_59_2026-08-05.csv
2026-07-05T19:32:39Z,48,OTICE_v5_LoRA,0,24.47,53.33,0,0,0,0,ATB_48_2026-08-05.csv
2026-07-05T19:32:44Z,55,OTICE_v5_LoRA,61447,0,0,473.41,473.41,26.09,0,ATB_55_2026-08-05.csv
2026-07-05T19:32:57Z,54,OTICE_v5_LoRA,0,24.66,58.16,583.3,583.3,25.81,0,ATB_54_2026-08-05.csv
2026-07-05T19:33:04Z,47,OTICE_v5_LoRA,121,24.59,62.46,561.69,561.69,25.73,0,ATB_47_2026-08-05.csv
2026-07-05T19:33:09Z,48,OTICE_v5_LoRA,0,24.46,53.43,0,0,0,0,ATB_48_2026-08-05.csv
2026-07-05T19:33:32Z,59,OTICE_v5_LoRA,7,24.43,59.8,0,0,0,0,ATB_59_2026-08-05.csv
2026-07-05T19:33:39Z,48,OTICE_v5_LoRA,0,24.47,53.43,0,0,0,0,ATB_48_2026-08-05.csv
2026-07-05T19:33:44Z,55,OTICE_v5_LoRA,61447,0,0,472.59,472.59,26.05,0,ATB_55_2026-08-05.csv
2026-07-05T19:33:57Z,54,OTICE_v5_LoRA,0,24.61,58.05,585,585,25.76,0,ATB_54_2026-08-05.csv
2026-07-05T19:34:04Z,47,OTICE_v5_LoRA,121,24.53,62.56,558.34,558.34,25.65,0,ATB_47_2026-08-05.csv
2026-07-05T19:34:09Z,48,OTICE_v5_LoRA,0,24.46,53.43,0,0,0,0,ATB_48_2026-08-05.csv
2026-07-05T19:34:32Z,59,OTICE_v5_LoRA,11,24.42,59.9,0,0,0,0,ATB_59_2026-08-05.csv
2026-07-05T19:34:39Z,48,OTICE_v5_LoRA,0,24.46,53.43,0,0,0,0,ATB_48_2026-08-05.csv
2026-07-05T19:34:44Z,55,OTICE_v5_LoRA,57344,0,0,475.8,475.8,26.06,0,ATB_55_2026-08-05.csv
2026-07-05T19:34:57Z,54,OTICE_v5_LoRA,0,24.61,58.25,585.78,585.78,25.75,0,ATB_54_2026-08-05.csv
2026-07-05T19:35:04Z,47,OTICE_v5_LoRA,118,24.54,62.66,556.12,556.12,25.64,0,ATB_47_2026-08-05.csv
2026-07-05T19:35:09Z,48,OTICE_v5_LoRA,0,24.46,53.43,0,0,0,0,ATB_48_2026-08-05.csv
2026-07-05T19:35:33Z,59,OTICE_v5_LoRA,9,24.4,59.9,0,0,0,0,ATB_59_2026-08-05.csv
2026-07-05T19:35:39Z,48,OTICE_v5_LoRA,0,24.45,53.43,0,0,0,0,ATB_48_2026-08-05.csv
2026-07-05T19:35:44Z,55,OTICE_v5_LoRA,57344,0,0,474.79,474.79,26.02,0,ATB_55_2026-08-05.csv
2026-07-05T19:35:57Z,54,OTICE_v5_LoRA,0,24.63,58.25,587.39,587.39,25.76,0,ATB_54_2026-08-05.csv
2026-07-05T19:36:04Z,47,OTICE_v5_LoRA,119,24.54,62.66,558.62,558.62,25.63,0,ATB_47_2026-08-05.csv
2026-07-05T19:36:09Z,48,OTICE_v5_LoRA,0,24.45,53.43,0,0,0,0,ATB_48_2026-08-05.csv
2026-07-05T19:36:33Z,59,OTICE_v5_LoRA,8,24.39,60,0,0,0,0,ATB_59_2026-08-05.csv
2026-07-05T19:36:40Z,48,OTICE_v5_LoRA,0,24.43,53.43,0,0,0,0,ATB_48_2026-08-05.csv
2026-07-05T19:36:44Z,55,OTICE_v5_LoRA,57344,0,0,474.23,474.23,25.99,0,ATB_55_2026-08-05.csv
2026-07-05T19:37:04Z,47,OTICE_v5_LoRA,116,24.52,62.66,561.68,561.68,25.63,0,ATB_47_2026-08-05.csv
2026-07-05T19:37:09Z,48,OTICE_v5_LoRA,0,24.43,53.43,0,0,0,0,ATB_48_2026-08-05.csv
2026-07-05T19:37:33Z,59,OTICE_v5_LoRA,10,24.4,59.9,0,0,0,0,ATB_59_2026-08-05.csv
2026-07-05T19:37:39Z,48,OTICE_v5_LoRA,0,24.42,53.43,0,0,0,0,ATB_48_2026-08-05.csv
2026-07-05T19:37:44Z,55,OTICE_v5_LoRA,0,0,0,472.29,472.29,26.03,0,ATB_55_2026-08-05.csv
2026-07-05T19:37:57Z,54,OTICE_v5_LoRA,0,24.55,58.38,571.45,571.45,25.69,0,ATB_54_2026-08-05.csv
2026-07-05T19:38:04Z,47,OTICE_v5_LoRA,121,24.49,62.76,559.36,559.36,25.58,0,ATB_47_2026-08-05.csv
2026-07-05T19:38:09Z,48,OTICE_v5_LoRA,0,24.4,53.43,0,0,0,0,ATB_48_2026-08-05.csv
2026-07-05T19:38:33Z,59,OTICE_v5_LoRA,10,24.39,59.9,0,0,0,0,ATB_59_2026-08-05.csv
2026-07-05T19:38:39Z,48,OTICE_v5_LoRA,0,24.42,53.53,0,0,0,0,ATB_48_2026-08-05.csv
2026-07-05T19:38:45Z,55,OTICE_v5_LoRA,0,0,0,471.62,471.62,26.01,0,ATB_55_2026-08-05.csv
2026-07-05T19:38:57Z,54,OTICE_v5_LoRA,0,24.53,58.38,577.91,577.91,25.72,0,ATB_54_2026-08-05.csv
2026-07-05T19:39:04Z,47,OTICE_v5_LoRA,122,24.49,62.76,561.38,561.38,25.6,0,ATB_47_2026-08-05.csv
2026-07-05T19:39:09Z,48,OTICE_v5_LoRA,0,24.4,53.53,0,0,0,0,ATB_48_2026-08-05.csv
2026-07-05T19:39:33Z,59,OTICE_v5_LoRA,11,24.4,59.9,0,0,0,0,ATB_59_2026-08-05.csv
2026-07-05T19:39:39Z,48,OTICE_v5_LoRA,0,24.42,53.53,0,0,0,0,ATB_48_2026-08-05.csv
2026-07-05T19:39:45Z,55,OTICE_v5_LoRA,0,0,0,470.6,470.6,26.02,0,ATB_55_2026-08-05.csv
2026-07-05T19:39:57Z,54,OTICE_v5_LoRA,0,24.51,58.38,580.45,580.45,25.66,0,ATB_54_2026-08-05.csv
2026-07-05T19:40:04Z,47,OTICE_v5_LoRA,125,24.47,62.76,562.64,562.64,25.54,0,ATB_47_2026-08-05.csv
2026-07-05T19:40:09Z,48,OTICE_v5_LoRA,0,24.4,53.53,0,0,0,0,ATB_48_2026-08-05.csv
2026-07-05T19:40:33Z,59,OTICE_v5_LoRA,12,24.39,59.9,0,0,0,0,ATB_59_2026-08-05.csv
2026-07-05T19:40:39Z,48,OTICE_v5_LoRA,0,24.4,53.53,0,0,0,0,ATB_48_2026-08-05.csv
2026-07-05T19:40:45Z,55,OTICE_v5_LoRA,0,0,0,469,469,26.09,0,ATB_55_2026-08-05.csv
2026-07-05T19:40:57Z,54,OTICE_v5_LoRA,0,24.51,58.48,583.07,583.07,25.6,0,ATB_54_2026-08-05.csv
2026-07-05T19:41:04Z,47,OTICE_v5_LoRA,128,24.45,62.86,563.64,563.64,25.6,0,ATB_47_2026-08-05.csv
2026-07-05T19:41:09Z,48,OTICE_v5_LoRA,0,24.4,53.53,0,0,0,0,ATB_48_2026-08-05.csv
2026-07-05T19:41:33Z,59,OTICE_v5_LoRA,11,24.39,59.8,0,0,0,0,ATB_59_2026-08-05.csv
2026-07-05T19:41:39Z,48,OTICE_v5_LoRA,0,24.39,53.53,0,0,0,0,ATB_48_2026-08-05.csv
2026-07-05T19:41:45Z,55,OTICE_v5_LoRA,0,0,0,470.82,470.82,26.03,0,ATB_55_2026-08-05.csv
2026-07-05T19:41:57Z,54,OTICE_v5_LoRA,0,24.48,58.38,582.51,582.51,25.57,0,ATB_54_2026-08-05.csv
2026-07-05T19:42:06Z,47,OTICE_v5_LoRA,133,24.45,62.76,566.64,566.64,25.57,0,ATB_47_2026-08-05.csv
2026-07-05T19:42:09Z,48,OTICE_v5_LoRA,0,24.39,53.53,0,0,0,0,ATB_48_2026-08-05.csv
2026-07-05T19:42:33Z,59,OTICE_v5_LoRA,17,24.35,59.9,0,0,0,0,ATB_59_2026-08-05.csv
2026-07-05T19:42:39Z,48,OTICE_v5_LoRA,0,24.4,53.53,0,0,0,0,ATB_48_2026-08-05.csv
2026-07-05T19:42:45Z,55,OTICE_v5_LoRA,0,0,0,471.44,471.44,26.05,0,ATB_55_2026-08-05.csv
2026-07-05T19:42:57Z,54,OTICE_v5_LoRA,0,24.48,58.48,583.58,583.58,25.6,0,ATB_54_2026-08-05.csv
2026-07-05T19:43:05Z,47,OTICE_v5_LoRA,120,24.44,62.76,567.28,567.28,25.53,0,ATB_47_2026-08-05.csv
2026-07-05T19:43:09Z,48,OTICE_v5_LoRA,0,24.39,53.53,0,0,0,0,ATB_48_2026-08-05.csv
2026-07-05T19:43:33Z,59,OTICE_v5_LoRA,13,24.37,59.8,0,0,0,0,ATB_59_2026-08-05.csv
2026-07-05T19:43:39Z,48,OTICE_v5_LoRA,0,24.39,53.53,0,0,0,0,ATB_48_2026-08-05.csv
2026-07-05T19:43:45Z,55,OTICE_v5_LoRA,0,0,0,474.55,474.55,26.05,0,ATB_55_2026-08-05.csv
2026-07-05T19:43:57Z,54,OTICE_v5_LoRA,0,24.48,58.48,582.88,582.88,25.48,0,ATB_54_2026-08-05.csv
2026-07-05T19:44:04Z,47,OTICE_v5_LoRA,123,24.39,62.89,567.3,567.3,25.51,0,ATB_47_2026-08-05.csv
2026-07-05T19:44:09Z,48,OTICE_v5_LoRA,0,24.39,53.53,0,0,0,0,ATB_48_2026-08-05.csv
2026-07-05T19:44:33Z,59,OTICE_v5_LoRA,12,24.34,60,0,0,0,0,ATB_59_2026-08-05.csv
2026-07-05T19:44:39Z,48,OTICE_v5_LoRA,0,24.39,53.53,0,0,0,0,ATB_48_2026-08-05.csv
2026-07-05T19:44:45Z,55,OTICE_v5_LoRA,0,0,0,473.67,473.67,26.05,0,ATB_55_2026-08-05.csv
2026-07-05T19:44:57Z,54,OTICE_v5_LoRA,0,24.44,58.58,582.47,582.47,25.52,0,ATB_54_2026-08-05.csv
2026-07-05T19:45:05Z,47,OTICE_v5_LoRA,122,24.39,62.89,569.12,569.12,25.54,0,ATB_47_2026-08-05.csv
2026-07-05T19:45:09Z,48,OTICE_v5_LoRA,0,24.37,53.53,0,0,0,0,ATB_48_2026-08-05.csv
2026-07-05T19:45:34Z,59,OTICE_v5_LoRA,16,24.35,59.9,0,0,0,0,ATB_59_2026-08-05.csv
2026-07-05T19:45:40Z,48,OTICE_v5_LoRA,0,24.39,53.53,0,0,0,0,ATB_48_2026-08-05.csv
2026-07-05T19:45:45Z,55,OTICE_v5_LoRA,57344,0,0,472.97,472.97,26.06,0,ATB_55_2026-08-05.csv
2026-07-05T19:45:57Z,54,OTICE_v5_LoRA,0,24.46,58.58,582.2,582.2,25.65,0,ATB_54_2026-08-05.csv
2026-07-05T19:46:04Z,47,OTICE_v5_LoRA,130,24.42,62.95,565.2,565.2,25.73,0,ATB_47_2026-08-05.csv
2026-07-05T19:46:10Z,48,OTICE_v5_LoRA,0,24.35,53.53,0,0,0,0,ATB_48_2026-08-05.csv
2026-07-05T19:46:34Z,59,OTICE_v5_LoRA,12,24.37,59.9,0,0,0,0,ATB_59_2026-08-05.csv
2026-07-05T19:46:40Z,48,OTICE_v5_LoRA,0,24.35,53.53,0,0,0,0,ATB_48_2026-08-05.csv
2026-07-05T19:46:45Z,55,OTICE_v5_LoRA,57344,0,0,470.68,470.68,26.13,0,ATB_55_2026-08-05.csv
2026-07-05T19:46:57Z,54,OTICE_v5_LoRA,0,24.48,58.58,582.1,582.1,25.86,0,ATB_54_2026-08-05.csv
2026-07-05T19:47:04Z,47,OTICE_v5_LoRA,126,24.45,62.95,569.5,569.5,25.91,0,ATB_47_2026-08-05.csv
2026-07-05T19:47:10Z,48,OTICE_v5_LoRA,0,24.37,53.43,0,0,0,0,ATB_48_2026-08-05.csv
2026-07-05T19:47:34Z,59,OTICE_v5_LoRA,14,24.4,59.9,0,0,0,0,ATB_59_2026-08-05.csv
2026-07-05T19:47:40Z,48,OTICE_v5_LoRA,0,24.39,53.43,0,0,0,0,ATB_48_2026-08-05.csv
2026-07-05T19:47:45Z,55,OTICE_v5_LoRA,57344,0,0,472.61,472.61,26.18,0,ATB_55_2026-08-05.csv
2026-07-05T19:47:57Z,54,OTICE_v5_LoRA,0,24.49,58.58,582.42,582.42,25.94,0,ATB_54_2026-08-05.csv
2026-07-05T19:48:05Z,47,OTICE_v5_LoRA,123,24.5,62.76,570.36,570.36,26.02,0,ATB_47_2026-08-05.csv
2026-07-05T19:48:10Z,48,OTICE_v5_LoRA,0,24.39,53.43,0,0,0,0,ATB_48_2026-08-05.csv
2026-07-05T19:48:34Z,59,OTICE_v5_LoRA,13,24.4,59.9,0,0,0,0,ATB_59_2026-08-05.csv
2026-07-05T19:48:40Z,48,OTICE_v5_LoRA,0,24.4,53.33,0,0,0,0,ATB_48_2026-08-05.csv
2026-07-05T19:48:45Z,55,OTICE_v5_LoRA,65280,0,0,472.18,472.18,26.16,0,ATB_55_2026-08-05.csv
2026-07-05T19:48:57Z,54,OTICE_v5_LoRA,0,24.49,58.58,581.75,581.75,26.01,0,ATB_54_2026-08-05.csv
2026-07-05T19:49:05Z,47,OTICE_v5_LoRA,125,24.53,62.66,570.65,570.65,25.99,0,ATB_47_2026-08-05.csv
2026-07-05T19:49:10Z,48,OTICE_v5_LoRA,0,24.39,53.43,0,0,0,0,ATB_48_2026-08-05.csv
2026-07-05T19:49:34Z,59,OTICE_v5_LoRA,13,24.42,59.9,0,0,0,0,ATB_59_2026-08-05.csv
2026-07-05T19:49:40Z,48,OTICE_v5_LoRA,0,24.39,53.33,0,0,0,0,ATB_48_2026-08-05.csv
2026-07-05T19:49:45Z,55,OTICE_v5_LoRA,65280,0,0,474.93,474.93,26.23,0,ATB_55_2026-08-05.csv
2026-07-05T19:49:57Z,54,OTICE_v5_LoRA,0,24.51,58.48,582.15,582.15,25.96,0,ATB_54_2026-08-05.csv
2026-07-05T19:50:05Z,47,OTICE_v5_LoRA,131,24.53,62.66,572.71,572.71,25.94,0,ATB_47_2026-08-05.csv
2026-07-05T19:50:10Z,48,OTICE_v5_LoRA,0,24.37,53.43,0,0,0,0,ATB_48_2026-08-05.csv
2026-07-05T19:50:34Z,59,OTICE_v5_LoRA,15,24.43,59.8,0,0,0,0,ATB_59_2026-08-05.csv
2026-07-05T19:50:40Z,48,OTICE_v5_LoRA,0,24.39,53.43,0,0,0,0,ATB_48_2026-08-05.csv
2026-07-05T19:50:45Z,55,OTICE_v5_LoRA,65280,0,0,475.76,475.76,26.23,0,ATB_55_2026-08-05.csv
2026-07-05T19:50:58Z,54,OTICE_v5_LoRA,0,24.52,58.48,583.78,583.78,26.03,0,ATB_54_2026-08-05.csv
2026-07-05T19:51:05Z,47,OTICE_v5_LoRA,129,24.53,62.76,572.87,572.87,26.08,0,ATB_47_2026-08-05.csv
2026-07-05T19:51:10Z,48,OTICE_v5_LoRA,0,24.39,53.43,0,0,0,0,ATB_48_2026-08-05.csv
2026-07-05T19:51:34Z,59,OTICE_v5_LoRA,13,24.42,59.8,0,0,0,0,ATB_59_2026-08-05.csv
2026-07-05T19:51:40Z,48,OTICE_v5_LoRA,0,24.37,53.33,0,0,0,0,ATB_48_2026-08-05.csv
2026-07-05T19:51:45Z,55,OTICE_v5_LoRA,65280,0,0,474.02,474.02,26.21,0,ATB_55_2026-08-05.csv
2026-07-05T19:51:57Z,54,OTICE_v5_LoRA,0,24.52,58.48,583.58,583.58,26.08,0,ATB_54_2026-08-05.csv
2026-07-05T19:52:05Z,47,OTICE_v5_LoRA,123,24.54,62.66,574.27,574.27,26.09,0,ATB_47_2026-08-05.csv
2026-07-05T19:52:10Z,48,OTICE_v5_LoRA,0,24.37,53.33,0,0,0,0,ATB_48_2026-08-05.csv
2026-07-05T19:52:34Z,59,OTICE_v5_LoRA,9,24.42,59.8,0,0,0,0,ATB_59_2026-08-05.csv
2026-07-05T19:52:40Z,48,OTICE_v5_LoRA,0,24.37,53.33,0,0,0,0,ATB_48_2026-08-05.csv
2026-07-05T19:52:45Z,55,OTICE_v5_LoRA,65280,0,0,475.01,475.01,26.19,0,ATB_55_2026-08-05.csv
2026-07-05T19:52:58Z,54,OTICE_v5_LoRA,0,24.51,58.48,581.77,581.77,26.08,0,ATB_54_2026-08-05.csv
2026-07-05T19:53:05Z,47,OTICE_v5_LoRA,122,24.54,62.66,571.48,571.48,26.14,0,ATB_47_2026-08-05.csv
2026-07-05T19:53:10Z,48,OTICE_v5_LoRA,0,24.4,53.33,0,0,0,0,ATB_48_2026-08-05.csv
2026-07-05T19:53:34Z,59,OTICE_v5_LoRA,11,24.42,59.8,0,0,0,0,ATB_59_2026-08-05.csv
2026-07-05T19:53:40Z,48,OTICE_v5_LoRA,0,24.39,53.33,0,0,0,0,ATB_48_2026-08-05.csv
2026-07-05T19:53:45Z,55,OTICE_v5_LoRA,65280,0,0,476.47,476.47,26.23,0,ATB_55_2026-08-05.csv
2026-07-05T19:53:58Z,54,OTICE_v5_LoRA,0,24.52,58.28,578.67,578.67,26.05,0,ATB_54_2026-08-05.csv
2026-07-05T19:54:05Z,47,OTICE_v5_LoRA,124,24.53,62.46,572.03,572.03,25.97,0,ATB_47_2026-08-05.csv
2026-07-05T19:54:10Z,48,OTICE_v5_LoRA,0,24.39,53.33,0,0,0,0,ATB_48_2026-08-05.csv
2026-07-05T19:54:34Z,59,OTICE_v5_LoRA,12,24.42,59.8,0,0,0,0,ATB_59_2026-08-05.csv
2026-07-05T19:54:40Z,48,OTICE_v5_LoRA,0,24.37,53.33,0,0,0,0,ATB_48_2026-08-05.csv
2026-07-05T19:54:45Z,55,OTICE_v5_LoRA,65280,0,0,476.76,476.76,26.21,0,ATB_55_2026-08-05.csv
2026-07-05T19:54:58Z,54,OTICE_v5_LoRA,0,24.52,58.28,575.62,575.62,25.98,0,ATB_54_2026-08-05.csv
2026-07-05T19:55:05Z,47,OTICE_v5_LoRA,121,24.53,62.46,566.94,566.94,26.02,0,ATB_47_2026-08-05.csv
2026-07-05T19:55:10Z,48,OTICE_v5_LoRA,0,24.37,53.33,0,0,0,0,ATB_48_2026-08-05.csv
2026-07-05T19:55:34Z,59,OTICE_v5_LoRA,17,24.4,59.9,0,0,0,0,ATB_59_2026-08-05.csv
2026-07-05T19:55:40Z,48,OTICE_v5_LoRA,0,24.37,53.33,0,0,0,0,ATB_48_2026-08-05.csv
2026-07-05T19:55:45Z,55,OTICE_v5_LoRA,65280,0,0,476.7,476.7,26.23,0,ATB_55_2026-08-05.csv
2026-07-05T19:55:58Z,54,OTICE_v5_LoRA,0,24.52,58.48,577.1,577.1,26.05,0,ATB_54_2026-08-05.csv
2026-07-05T19:56:05Z,47,OTICE_v5_LoRA,122,24.53,62.56,569.23,569.23,26.08,0,ATB_47_2026-08-05.csv
2026-07-05T19:56:10Z,48,OTICE_v5_LoRA,0,24.39,53.33,0,0,0,0,ATB_48_2026-08-05.csv
2026-07-05T19:56:34Z,59,OTICE_v5_LoRA,10,24.4,59.8,0,0,0,0,ATB_59_2026-08-05.csv
2026-07-05T19:56:58Z,54,OTICE_v5_LoRA,0,24.53,58.38,575.19,575.19,26.08,0,ATB_54_2026-08-05.csv
2026-07-05T19:57:06Z,47,OTICE_v5_LoRA,121,24.53,62.46,571.51,571.51,26.04,0,ATB_47_2026-08-05.csv
2026-07-05T19:57:09Z,48,OTICE_v5_LoRA,0,24.39,53.33,0,0,0,0,ATB_48_2026-08-05.csv
2026-07-05T19:57:34Z,59,OTICE_v5_LoRA,9,24.39,59.8,0,0,0,0,ATB_59_2026-08-05.csv
2026-07-05T19:57:39Z,48,OTICE_v5_LoRA,0,24.39,53.33,0,0,0,0,ATB_48_2026-08-05.csv
2026-07-05T19:57:58Z,54,OTICE_v5_LoRA,0,24.52,58.28,574.55,574.55,26.08,0,ATB_54_2026-08-05.csv
2026-07-05T19:58:06Z,47,OTICE_v5_LoRA,124,24.52,62.46,571.05,571.05,25.98,0,ATB_47_2026-08-05.csv
2026-07-05T19:58:09Z,48,OTICE_v5_LoRA,0,24.37,53.24,0,0,0,0,ATB_48_2026-08-05.csv
2026-07-05T19:58:34Z,59,OTICE_v5_LoRA,10,24.39,59.8,0,0,0,0,ATB_59_2026-08-05.csv
2026-07-05T19:58:40Z,48,OTICE_v5_LoRA,0,24.39,53.24,0,0,0,0,ATB_48_2026-08-05.csv
2026-07-05T19:58:58Z,54,OTICE_v5_LoRA,0,24.52,58.28,572.32,572.32,25.98,0,ATB_54_2026-08-05.csv
2026-07-05T19:59:06Z,47,OTICE_v5_LoRA,125,24.5,62.46,570.77,570.77,25.95,0,ATB_47_2026-08-05.csv
2026-07-05T19:59:10Z,48,OTICE_v5_LoRA,0,24.37,53.24,0,0,0,0,ATB_48_2026-08-05.csv
2026-07-05T19:59:34Z,59,OTICE_v5_LoRA,12,24.39,59.8,0,0,0,0,ATB_59_2026-08-05.csv
2026-07-05T19:59:40Z,48,OTICE_v5_LoRA,0,24.37,53.24,0,0,0,0,ATB_48_2026-08-05.csv
2026-07-05T19:59:58Z,54,OTICE_v5_LoRA,0,24.51,58.28,572.44,572.44,25.96,0,ATB_54_2026-08-05.csv
2026-07-05T20:00:06Z,47,OTICE_v5_LoRA,120,24.5,62.46,568.52,568.52,25.88,0,ATB_47_2026-08-05.csv
2026-07-05T20:00:10Z,48,OTICE_v5_LoRA,0,24.37,53.24,0,0,0,0,ATB_48_2026-08-05.csv
2026-07-05T20:00:34Z,59,OTICE_v5_LoRA,16,24.39,59.8,0,0,0,0,ATB_59_2026-08-05.csv
2026-07-05T20:00:40Z,48,OTICE_v5_LoRA,0,24.39,53.24,0,0,0,0,ATB_48_2026-08-05.csv
2026-07-05T20:00:58Z,54,OTICE_v5_LoRA,0,24.52,58.28,576.93,576.93,26,0,ATB_54_2026-08-05.csv
2026-07-05T20:01:06Z,47,OTICE_v5_LoRA,118,24.52,62.46,569.27,569.27,25.98,0,ATB_47_2026-08-05.csv
2026-07-05T20:01:10Z,48,OTICE_v5_LoRA,0,24.37,53.24,0,0,0,0,ATB_48_2026-08-05.csv
2026-07-05T20:01:35Z,59,OTICE_v5_LoRA,13,24.39,59.8,0,0,0,0,ATB_59_2026-08-05.csv
2026-07-05T20:01:40Z,48,OTICE_v5_LoRA,0,24.37,53.24,0,0,0,0,ATB_48_2026-08-05.csv
2026-07-05T20:01:59Z,54,OTICE_v5_LoRA,0,24.49,58.28,578.42,578.42,26.01,0,ATB_54_2026-08-05.csv
2026-07-05T20:02:06Z,47,OTICE_v5_LoRA,126,24.53,62.46,569.85,569.85,25.95,0,ATB_47_2026-08-05.csv
2026-07-05T20:02:10Z,48,OTICE_v5_LoRA,0,24.37,53.24,0,0,0,0,ATB_48_2026-08-05.csv
2026-07-05T20:02:35Z,59,OTICE_v5_LoRA,14,24.39,59.8,0,0,0,0,ATB_59_2026-08-05.csv
2026-07-05T20:02:40Z,48,OTICE_v5_LoRA,0,24.37,53.24,0,0,0,0,ATB_48_2026-08-05.csv
2026-07-05T20:02:58Z,54,OTICE_v5_LoRA,0,24.52,58.18,579.25,579.25,25.96,0,ATB_54_2026-08-05.csv
2026-07-05T20:03:06Z,47,OTICE_v5_LoRA,126,24.52,62.46,567.28,567.28,25.97,0,ATB_47_2026-08-05.csv
2026-07-05T20:03:10Z,48,OTICE_v5_LoRA,0,24.37,53.24,0,0,0,0,ATB_48_2026-08-05.csv
2026-07-05T20:03:35Z,59,OTICE_v5_LoRA,15,24.4,59.8,0,0,0,0,ATB_59_2026-08-05.csv
2026-07-05T20:03:40Z,48,OTICE_v5_LoRA,0,24.37,53.24,0,0,0,0,ATB_48_2026-08-05.csv
2026-07-05T20:03:59Z,54,OTICE_v5_LoRA,0,24.52,58.28,584.11,584.11,26.07,0,ATB_54_2026-08-05.csv
2026-07-05T20:04:06Z,47,OTICE_v5_LoRA,122,24.52,62.46,566.99,566.99,26.01,0,ATB_47_2026-08-05.csv
2026-07-05T20:04:10Z,48,OTICE_v5_LoRA,0,24.37,53.24,0,0,0,0,ATB_48_2026-08-05.csv
2026-07-05T20:04:35Z,59,OTICE_v5_LoRA,11,24.37,59.8,0,0,0,0,ATB_59_2026-08-05.csv
2026-07-05T20:04:40Z,48,OTICE_v5_LoRA,0,24.39,53.13,0,0,0,0,ATB_48_2026-08-05.csv
2026-07-05T20:04:59Z,54,OTICE_v5_LoRA,0,24.51,58.18,586.78,586.78,26.03,0,ATB_54_2026-08-05.csv
2026-07-05T20:05:06Z,47,OTICE_v5_LoRA,111,24.52,62.36,563.95,563.95,25.98,0,ATB_47_2026-08-05.csv
2026-07-05T20:05:10Z,48,OTICE_v5_LoRA,0,24.39,53.13,0,0,0,0,ATB_48_2026-08-05.csv
2026-07-05T20:05:35Z,59,OTICE_v5_LoRA,14,24.37,59.8,0,0,0,0,ATB_59_2026-08-05.csv
2026-07-05T20:05:40Z,48,OTICE_v5_LoRA,0,24.37,53.13,0,0,0,0,ATB_48_2026-08-05.csv
2026-07-05T20:05:59Z,54,OTICE_v5_LoRA,0,24.51,58.18,586.08,586.08,26.05,0,ATB_54_2026-08-05.csv
2026-07-05T20:06:07Z,47,OTICE_v5_LoRA,115,24.5,62.36,561.72,561.72,26.02,0,ATB_47_2026-08-05.csv
2026-07-05T20:06:10Z,48,OTICE_v5_LoRA,0,24.35,53.13,0,0,0,0,ATB_48_2026-08-05.csv
2026-07-05T20:06:35Z,59,OTICE_v5_LoRA,15,24.39,59.8,0,0,0,0,ATB_59_2026-08-05.csv
2026-07-05T20:06:40Z,48,OTICE_v5_LoRA,0,24.37,53.13,0,0,0,0,ATB_48_2026-08-05.csv
2026-07-05T20:06:59Z,54,OTICE_v5_LoRA,0,24.51,58.28,586.31,586.31,26.04,0,ATB_54_2026-08-05.csv
2026-07-05T20:07:07Z,47,OTICE_v5_LoRA,123,24.52,62.36,560.18,560.18,26.04,0,ATB_47_2026-08-05.csv
2026-07-05T20:07:10Z,48,OTICE_v5_LoRA,0,24.37,53.13,0,0,0,0,ATB_48_2026-08-05.csv
2026-07-05T20:07:35Z,59,OTICE_v5_LoRA,16,24.37,59.8,0,0,0,0,ATB_59_2026-08-05.csv
2026-07-05T20:07:40Z,48,OTICE_v5_LoRA,0,24.37,53.13,0,0,0,0,ATB_48_2026-08-05.csv
2026-07-05T20:07:59Z,54,OTICE_v5_LoRA,0,24.51,58.28,586.76,586.76,26.05,0,ATB_54_2026-08-05.csv
2026-07-05T20:08:07Z,47,OTICE_v5_LoRA,124,24.53,62.36,561.9,561.9,26.04,0,ATB_47_2026-08-05.csv
2026-07-05T20:08:10Z,48,OTICE_v5_LoRA,0,24.37,53.13,0,0,0,0,ATB_48_2026-08-05.csv
2026-07-05T20:08:35Z,59,OTICE_v5_LoRA,14,24.35,59.8,0,0,0,0,ATB_59_2026-08-05.csv
2026-07-05T20:08:40Z,48,OTICE_v5_LoRA,0,24.37,53.13,0,0,0,0,ATB_48_2026-08-05.csv
2026-07-05T20:08:59Z,54,OTICE_v5_LoRA,0,24.52,58.08,582.21,582.21,26,0,ATB_54_2026-08-05.csv
2026-07-05T20:09:07Z,47,OTICE_v5_LoRA,119,24.52,62.26,561.3,561.3,25.98,0,ATB_47_2026-08-05.csv
2026-07-05T20:09:10Z,48,OTICE_v5_LoRA,0,24.37,53.13,0,0,0,0,ATB_48_2026-08-05.csv
2026-07-05T20:09:35Z,59,OTICE_v5_LoRA,15,24.37,59.8,0,0,0,0,ATB_59_2026-08-05.csv
2026-07-05T20:09:40Z,48,OTICE_v5_LoRA,0,24.37,53.13,0,0,0,0,ATB_48_2026-08-05.csv
2026-07-05T20:09:59Z,54,OTICE_v5_LoRA,0,24.52,58.28,579.67,579.67,26.04,0,ATB_54_2026-08-05.csv
2026-07-05T20:10:07Z,47,OTICE_v5_LoRA,120,24.52,62.36,560.66,560.66,26.04,0,ATB_47_2026-08-05.csv
2026-07-05T20:10:10Z,48,OTICE_v5_LoRA,0,24.35,53.13,0,0,0,0,ATB_48_2026-08-05.csv
2026-07-05T20:10:36Z,59,OTICE_v5_LoRA,12,24.37,59.7,0,0,0,0,ATB_59_2026-08-05.csv
2026-07-05T20:10:40Z,48,OTICE_v5_LoRA,0,24.37,53.13,0,0,0,0,ATB_48_2026-08-05.csv
2026-07-05T20:10:59Z,54,OTICE_v5_LoRA,0,24.51,58.28,582.02,582.02,26.05,0,ATB_54_2026-08-05.csv
2026-07-05T20:11:07Z,47,OTICE_v5_LoRA,118,24.52,62.36,560.32,560.32,26.08,0,ATB_47_2026-08-05.csv
2026-07-05T20:11:10Z,48,OTICE_v5_LoRA,0,24.35,53.13,0,0,0,0,ATB_48_2026-08-05.csv
2026-07-05T20:11:36Z,59,OTICE_v5_LoRA,14,24.35,59.7,0,0,0,0,ATB_59_2026-08-05.csv
2026-07-05T20:11:43Z,48,OTICE_v5_LoRA,0,24.35,53.13,0,0,0,0,ATB_48_2026-08-05.csv
2026-07-05T20:11:59Z,54,OTICE_v5_LoRA,0,24.52,58.08,581.94,581.94,26.04,0,ATB_54_2026-08-05.csv
2026-07-05T20:12:07Z,47,OTICE_v5_LoRA,118,24.52,62.16,558.64,558.64,26.02,0,ATB_47_2026-08-05.csv
2026-07-05T20:12:13Z,48,OTICE_v5_LoRA,0,24.35,53.13,0,0,0,0,ATB_48_2026-08-05.csv
2026-07-05T20:12:36Z,59,OTICE_v5_LoRA,15,24.37,59.7,0,0,0,0,ATB_59_2026-08-05.csv
2026-07-05T20:12:43Z,48,OTICE_v5_LoRA,0,24.37,53.03,0,0,0,0,ATB_48_2026-08-05.csv
2026-07-05T20:12:59Z,54,OTICE_v5_LoRA,0,24.52,58.08,583.08,583.08,26.05,0,ATB_54_2026-08-05.csv
2026-07-05T20:13:07Z,47,OTICE_v5_LoRA,119,24.5,62.16,563.68,563.68,25.99,0,ATB_47_2026-08-05.csv
2026-07-05T20:13:13Z,48,OTICE_v5_LoRA,0,24.35,53.03,0,0,0,0,ATB_48_2026-08-05.csv
2026-07-05T20:13:36Z,59,OTICE_v5_LoRA,11,24.37,59.7,0,0,0,0,ATB_59_2026-08-05.csv
2026-07-05T20:13:43Z,48,OTICE_v5_LoRA,0,24.35,53.03,0,0,0,0,ATB_48_2026-08-05.csv
2026-07-05T20:14:00Z,54,OTICE_v5_LoRA,0,24.52,58.18,584.29,584.29,26.08,0,ATB_54_2026-08-05.csv
2026-07-05T20:14:07Z,47,OTICE_v5_LoRA,115,24.52,62.16,565.84,565.84,26.02,0,ATB_47_2026-08-05.csv
2026-07-05T20:14:13Z,48,OTICE_v5_LoRA,0,24.37,53.03,0,0,0,0,ATB_48_2026-08-05.csv
2026-07-05T20:14:36Z,59,OTICE_v5_LoRA,10,24.35,59.7,0,0,0,0,ATB_59_2026-08-05.csv
2026-07-05T20:14:43Z,48,OTICE_v5_LoRA,0,24.37,53.03,0,0,0,0,ATB_48_2026-08-05.csv
2026-07-05T20:15:00Z,54,OTICE_v5_LoRA,0,24.52,58.28,583.82,583.82,26.05,0,ATB_54_2026-08-05.csv
2026-07-05T20:15:07Z,47,OTICE_v5_LoRA,120,24.52,62.26,564.24,564.24,26.05,0,ATB_47_2026-08-05.csv
2026-07-05T20:15:13Z,48,OTICE_v5_LoRA,0,24.35,53.03,0,0,0,0,ATB_48_2026-08-05.csv
2026-07-05T20:15:36Z,59,OTICE_v5_LoRA,15,24.37,59.7,0,0,0,0,ATB_59_2026-08-05.csv
2026-07-05T20:15:43Z,48,OTICE_v5_LoRA,0,24.35,53.03,0,0,0,0,ATB_48_2026-08-05.csv
2026-07-05T20:16:00Z,54,OTICE_v5_LoRA,0,24.51,58.08,584.01,584.01,26.07,0,ATB_54_2026-08-05.csv
2026-07-05T20:16:07Z,47,OTICE_v5_LoRA,120,24.52,62.16,563.53,563.53,26.04,0,ATB_47_2026-08-05.csv
2026-07-05T20:16:13Z,48,OTICE_v5_LoRA,0,24.37,53.03,0,0,0,0,ATB_48_2026-08-05.csv
2026-07-05T20:16:36Z,59,OTICE_v5_LoRA,11,24.35,59.7,0,0,0,0,ATB_59_2026-08-05.csv
2026-07-05T20:16:43Z,48,OTICE_v5_LoRA,0,24.35,53.03,0,0,0,0,ATB_48_2026-08-05.csv
2026-07-05T20:17:00Z,54,OTICE_v5_LoRA,0,24.51,57.98,581.2,581.2,26.08,0,ATB_54_2026-08-05.csv
2026-07-05T20:17:07Z,47,OTICE_v5_LoRA,113,24.5,62.16,563.62,563.62,26.01,0,ATB_47_2026-08-05.csv
2026-07-05T20:17:13Z,48,OTICE_v5_LoRA,0,24.34,53.03,0,0,0,0,ATB_48_2026-08-05.csv
2026-07-05T20:17:43Z,48,OTICE_v5_LoRA,0,24.34,53.03,0,0,0,0,ATB_48_2026-08-05.csv
2026-07-05T20:18:00Z,54,OTICE_v5_LoRA,0,24.49,57.98,580.18,580.18,26.03,0,ATB_54_2026-08-05.csv
2026-07-05T20:18:08Z,47,OTICE_v5_LoRA,118,24.5,62.16,563.28,563.28,25.97,0,ATB_47_2026-08-05.csv
2026-07-05T20:18:14Z,48,OTICE_v5_LoRA,0,24.35,53.03,0,0,0,0,ATB_48_2026-08-05.csv
2026-07-05T20:18:35Z,59,OTICE_v5_LoRA,12,24.35,59.6,0,0,0,0,ATB_59_2026-08-05.csv
2026-07-05T20:18:43Z,48,OTICE_v5_LoRA,0,24.34,53.03,0,0,0,0,ATB_48_2026-08-05.csv
2026-07-05T20:19:00Z,54,OTICE_v5_LoRA,0,24.51,57.98,579.68,579.68,25.98,0,ATB_54_2026-08-05.csv
2026-07-05T20:19:08Z,47,OTICE_v5_LoRA,110,24.49,62.16,564.24,564.24,25.92,0,ATB_47_2026-08-05.csv
2026-07-05T20:19:13Z,48,OTICE_v5_LoRA,0,24.34,52.94,0,0,0,0,ATB_48_2026-08-05.csv
2026-07-05T20:19:35Z,59,OTICE_v5_LoRA,14,24.35,59.6,0,0,0,0,ATB_59_2026-08-05.csv
2026-07-05T20:19:43Z,48,OTICE_v5_LoRA,0,24.34,53.03,0,0,0,0,ATB_48_2026-08-05.csv
2026-07-05T20:20:00Z,54,OTICE_v5_LoRA,0,24.48,57.88,576.8,576.8,25.88,0,ATB_54_2026-08-05.csv
2026-07-05T20:20:08Z,47,OTICE_v5_LoRA,119,24.47,62.06,565.96,565.96,25.8,0,ATB_47_2026-08-05.csv
2026-07-05T20:20:13Z,48,OTICE_v5_LoRA,0,24.34,53.03,0,0,0,0,ATB_48_2026-08-05.csv
2026-07-05T20:20:35Z,59,OTICE_v5_LoRA,12,24.32,59.21,0,0,0,0,ATB_59_2026-08-05.csv
2026-07-05T20:20:43Z,48,OTICE_v5_LoRA,0,24.34,52.94,0,0,0,0,ATB_48_2026-08-05.csv
2026-07-05T20:21:00Z,54,OTICE_v5_LoRA,0,24.48,57.88,575.41,575.41,25.79,0,ATB_54_2026-08-05.csv
2026-07-05T20:21:08Z,47,OTICE_v5_LoRA,113,24.45,62.06,562.51,562.51,25.73,0,ATB_47_2026-08-05.csv
2026-07-05T20:21:13Z,48,OTICE_v5_LoRA,0,24.34,53.03,0,0,0,0,ATB_48_2026-08-05.csv
2026-07-05T20:21:35Z,59,OTICE_v5_LoRA,10,24.32,59.21,0,0,0,0,ATB_59_2026-08-05.csv
2026-07-05T20:21:43Z,48,OTICE_v5_LoRA,0,24.34,52.94,0,0,0,0,ATB_48_2026-08-05.csv
2026-07-05T20:22:00Z,54,OTICE_v5_LoRA,0,24.49,57.69,577.24,577.24,25.77,0,ATB_54_2026-08-05.csv
2026-07-05T20:22:08Z,47,OTICE_v5_LoRA,112,24.44,62.06,561.37,561.37,25.67,0,ATB_47_2026-08-05.csv
2026-07-05T20:22:13Z,48,OTICE_v5_LoRA,0,24.34,52.94,0,0,0,0,ATB_48_2026-08-05.csv
2026-07-05T20:22:35Z,59,OTICE_v5_LoRA,13,24.31,59.21,0,0,0,0,ATB_59_2026-08-05.csv
2026-07-05T20:22:43Z,48,OTICE_v5_LoRA,0,24.34,52.94,0,0,0,0,ATB_48_2026-08-05.csv
2026-07-05T20:23:00Z,54,OTICE_v5_LoRA,0,24.48,57.69,576.26,576.26,25.67,0,ATB_54_2026-08-05.csv
2026-07-05T20:23:08Z,47,OTICE_v5_LoRA,115,24.42,61.96,560.17,560.17,25.61,0,ATB_47_2026-08-05.csv
2026-07-05T20:23:13Z,48,OTICE_v5_LoRA,0,24.32,52.94,0,0,0,0,ATB_48_2026-08-05.csv
2026-07-05T20:23:35Z,59,OTICE_v5_LoRA,15,24.3,59.21,0,0,0,0,ATB_59_2026-08-05.csv
2026-07-05T20:23:43Z,48,OTICE_v5_LoRA,0,24.34,52.94,0,0,0,0,ATB_48_2026-08-05.csv
2026-07-05T20:24:00Z,54,OTICE_v5_LoRA,0,24.49,57.69,573.88,573.88,25.72,0,ATB_54_2026-08-05.csv
2026-07-05T20:24:08Z,47,OTICE_v5_LoRA,112,24.42,62.06,563.65,563.65,25.63,0,ATB_47_2026-08-05.csv
2026-07-05T20:24:13Z,48,OTICE_v5_LoRA,0,24.32,52.94,0,0,0,0,ATB_48_2026-08-05.csv
2026-07-05T20:24:35Z,59,OTICE_v5_LoRA,12,24.28,59.3,0,0,0,0,ATB_59_2026-08-05.csv
2026-07-05T20:24:43Z,48,OTICE_v5_LoRA,0,24.31,52.94,0,0,0,0,ATB_48_2026-08-05.csv
2026-07-05T20:25:00Z,54,OTICE_v5_LoRA,0,24.46,57.78,572.26,572.26,25.65,0,ATB_54_2026-08-05.csv
2026-07-05T20:25:08Z,47,OTICE_v5_LoRA,115,24.39,62.19,564.85,564.85,25.57,0,ATB_47_2026-08-05.csv
2026-07-05T20:25:14Z,48,OTICE_v5_LoRA,0,24.31,52.94,0,0,0,0,ATB_48_2026-08-05.csv
2026-07-05T20:25:35Z,59,OTICE_v5_LoRA,16,24.27,59.3,0,0,0,0,ATB_59_2026-08-05.csv
2026-07-05T20:25:43Z,48,OTICE_v5_LoRA,0,24.3,53.03,0,0,0,0,ATB_48_2026-08-05.csv
2026-07-05T20:26:00Z,54,OTICE_v5_LoRA,0,24.42,57.88,574.4,574.4,25.57,0,ATB_54_2026-08-05.csv
2026-07-05T20:26:08Z,47,OTICE_v5_LoRA,120,24.37,62.29,562.16,562.16,25.48,0,ATB_47_2026-08-05.csv
2026-07-05T20:26:14Z,48,OTICE_v5_LoRA,0,24.28,52.94,0,0,0,0,ATB_48_2026-08-05.csv
2026-07-05T20:26:35Z,59,OTICE_v5_LoRA,12,24.27,59.4,0,0,0,0,ATB_59_2026-08-05.csv
2026-07-05T20:26:44Z,48,OTICE_v5_LoRA,0,24.3,52.94,0,0,0,0,ATB_48_2026-08-05.csv
2026-07-05T20:27:00Z,54,OTICE_v5_LoRA,0,24.37,57.98,575.58,575.58,25.54,0,ATB_54_2026-08-05.csv
2026-07-05T20:27:08Z,47,OTICE_v5_LoRA,121,24.34,62.39,560.93,560.93,25.5,0,ATB_47_2026-08-05.csv
2026-07-05T20:27:14Z,48,OTICE_v5_LoRA,0,24.28,52.94,0,0,0,0,ATB_48_2026-08-05.csv
2026-07-05T20:27:35Z,59,OTICE_v5_LoRA,12,24.27,59.5,0,0,0,0,ATB_59_2026-08-05.csv
2026-07-05T20:27:44Z,48,OTICE_v5_LoRA,0,24.27,53.03,0,0,0,0,ATB_48_2026-08-05.csv
2026-07-05T20:28:01Z,54,OTICE_v5_LoRA,0,24.39,57.98,576.99,576.99,25.5,0,ATB_54_2026-08-05.csv
2026-07-05T20:28:08Z,47,OTICE_v5_LoRA,119,24.34,62.39,563.61,563.61,25.45,0,ATB_47_2026-08-05.csv
2026-07-05T20:28:14Z,48,OTICE_v5_LoRA,0,24.28,53.03,0,0,0,0,ATB_48_2026-08-05.csv
2026-07-05T20:28:36Z,59,OTICE_v5_LoRA,14,24.21,59.53,0,0,0,0,ATB_59_2026-08-05.csv
2026-07-05T20:28:44Z,48,OTICE_v5_LoRA,0,24.28,53.03,0,0,0,0,ATB_48_2026-08-05.csv
2026-07-05T20:29:01Z,54,OTICE_v5_LoRA,0,24.41,57.98,578.16,578.16,25.53,0,ATB_54_2026-08-05.csv
2026-07-05T20:29:14Z,48,OTICE_v5_LoRA,0,24.28,53.03,0,0,0,0,ATB_48_2026-08-05.csv
2026-07-05T20:29:36Z,59,OTICE_v5_LoRA,14,24.24,59.53,0,0,0,0,ATB_59_2026-08-05.csv
2026-07-05T20:29:44Z,48,OTICE_v5_LoRA,0,24.27,53.03,0,0,0,0,ATB_48_2026-08-05.csv
2026-07-05T20:30:02Z,54,OTICE_v5_LoRA,0,24.37,58.08,577.08,577.08,25.53,0,ATB_54_2026-08-05.csv
2026-07-05T20:30:14Z,48,OTICE_v5_LoRA,0,24.25,53.06,0,0,0,0,ATB_48_2026-08-05.csv
2026-07-05T20:30:36Z,59,OTICE_v5_LoRA,14,24.24,59.53,0,0,0,0,ATB_59_2026-08-05.csv
2026-07-05T20:30:44Z,48,OTICE_v5_LoRA,0,24.27,53.03,0,0,0,0,ATB_48_2026-08-05.csv
2026-07-05T20:31:01Z,54,OTICE_v5_LoRA,0,24.34,58.08,576.76,576.76,25.5,0,ATB_54_2026-08-05.csv
2026-07-05T20:31:14Z,48,OTICE_v5_LoRA,0,24.27,53.03,0,0,0,0,ATB_48_2026-08-05.csv
2026-07-05T20:31:36Z,59,OTICE_v5_LoRA,9,24.22,59.53,0,0,0,0,ATB_59_2026-08-05.csv
2026-07-05T20:31:44Z,48,OTICE_v5_LoRA,0,24.25,53.06,0,0,0,0,ATB_48_2026-08-05.csv
2026-07-05T20:32:01Z,54,OTICE_v5_LoRA,0,24.33,58.21,577.86,577.86,25.43,0,ATB_54_2026-08-05.csv
2026-07-05T20:32:14Z,48,OTICE_v5_LoRA,0,24.24,53.06,0,0,0,0,ATB_48_2026-08-05.csv
2026-07-05T20:32:36Z,59,OTICE_v5_LoRA,14,24.22,59.53,0,0,0,0,ATB_59_2026-08-05.csv
2026-07-05T20:32:44Z,48,OTICE_v5_LoRA,0,24.24,53.16,0,0,0,0,ATB_48_2026-08-05.csv
2026-07-05T20:33:01Z,54,OTICE_v5_LoRA,0,24.33,58.21,579.35,579.35,25.42,0,ATB_54_2026-08-05.csv
2026-07-05T20:33:14Z,48,OTICE_v5_LoRA,0,24.22,53.06,0,0,0,0,ATB_48_2026-08-05.csv
2026-07-05T20:33:36Z,59,OTICE_v5_LoRA,19,24.24,59.63,0,0,0,0,ATB_59_2026-08-05.csv
2026-07-05T20:33:44Z,48,OTICE_v5_LoRA,0,24.22,53.06,0,0,0,0,ATB_48_2026-08-05.csv
2026-07-05T20:34:01Z,54,OTICE_v5_LoRA,0,24.34,57.98,578.36,578.36,25.45,0,ATB_54_2026-08-05.csv
2026-07-05T20:34:14Z,48,OTICE_v5_LoRA,0,24.22,53.16,0,0,0,0,ATB_48_2026-08-05.csv
2026-07-05T20:34:36Z,59,OTICE_v5_LoRA,14,24.21,59.63,0,0,0,0,ATB_59_2026-08-05.csv
2026-07-05T20:34:44Z,48,OTICE_v5_LoRA,0,24.22,53.16,0,0,0,0,ATB_48_2026-08-05.csv
2026-07-05T20:35:01Z,54,OTICE_v5_LoRA,0,24.29,58.21,579.07,579.07,25.38,0,ATB_54_2026-08-05.csv
2026-07-05T20:35:14Z,48,OTICE_v5_LoRA,0,24.21,53.16,0,0,0,0,ATB_48_2026-08-05.csv
2026-07-05T20:35:36Z,59,OTICE_v5_LoRA,14,24.21,59.63,0,0,0,0,ATB_59_2026-08-05.csv
2026-07-05T20:35:44Z,48,OTICE_v5_LoRA,0,24.22,53.16,0,0,0,0,ATB_48_2026-08-05.csv
2026-07-05T20:36:01Z,54,OTICE_v5_LoRA,0,24.3,58.11,579.78,579.78,25.39,0,ATB_54_2026-08-05.csv
2026-07-05T20:36:14Z,48,OTICE_v5_LoRA,0,24.21,53.16,0,0,0,0,ATB_48_2026-08-05.csv
2026-07-05T20:36:37Z,59,OTICE_v5_LoRA,10,24.21,59.53,0,0,0,0,ATB_59_2026-08-05.csv
2026-07-05T20:36:44Z,48,OTICE_v5_LoRA,0,24.21,53.16,0,0,0,0,ATB_48_2026-08-05.csv
2026-07-05T20:37:14Z,48,OTICE_v5_LoRA,0,24.21,53.16,0,0,0,0,ATB_48_2026-08-05.csv
2026-07-05T20:37:37Z,59,OTICE_v5_LoRA,13,24.2,59.53,0,0,0,0,ATB_59_2026-08-05.csv
2026-07-05T20:37:44Z,48,OTICE_v5_LoRA,0,24.21,53.16,0,0,0,0,ATB_48_2026-08-05.csv
2026-07-05T20:38:14Z,48,OTICE_v5_LoRA,0,24.21,53.06,0,0,0,0,ATB_48_2026-08-05.csv
2026-07-05T20:38:37Z,59,OTICE_v5_LoRA,14,24.16,59.53,0,0,0,0,ATB_59_2026-08-05.csv
2026-07-05T20:38:44Z,48,OTICE_v5_LoRA,0,24.21,53.06,0,0,0,0,ATB_48_2026-08-05.csv
2026-07-05T20:39:14Z,48,OTICE_v5_LoRA,0,24.2,53.06,0,0,0,0,ATB_48_2026-08-05.csv
2026-07-05T20:39:37Z,59,OTICE_v5_LoRA,15,24.18,59.53,0,0,0,0,ATB_59_2026-08-05.csv
2026-07-05T20:39:44Z,48,OTICE_v5_LoRA,0,24.18,53.16,0,0,0,0,ATB_48_2026-08-05.csv
2026-07-05T20:40:14Z,48,OTICE_v5_LoRA,0,24.18,53.06,0,0,0,0,ATB_48_2026-08-05.csv
2026-07-05T20:40:37Z,59,OTICE_v5_LoRA,15,24.18,59.43,0,0,0,0,ATB_59_2026-08-05.csv
2026-07-05T20:40:44Z,48,OTICE_v5_LoRA,0,24.2,53.06,0,0,0,0,ATB_48_2026-08-05.csv
2026-07-05T20:41:15Z,48,OTICE_v5_LoRA,0,24.18,53.06,0,0,0,0,ATB_48_2026-08-05.csv
2026-07-05T20:41:37Z,59,OTICE_v5_LoRA,10,24.18,59.43,0,0,0,0,ATB_59_2026-08-05.csv
2026-07-05T20:41:45Z,48,OTICE_v5_LoRA,0,24.16,53.06,0,0,0,0,ATB_48_2026-08-05.csv
2026-07-05T20:42:15Z,48,OTICE_v5_LoRA,0,24.15,53.06,0,0,0,0,ATB_48_2026-08-05.csv
2026-07-05T20:42:37Z,59,OTICE_v5_LoRA,15,24.18,59.53,0,0,0,0,ATB_59_2026-08-05.csv
2026-07-05T20:42:45Z,48,OTICE_v5_LoRA,0,24.16,53.06,0,0,0,0,ATB_48_2026-08-05.csv
2026-07-05T20:43:15Z,48,OTICE_v5_LoRA,0,24.13,53.06,0,0,0,0,ATB_48_2026-08-05.csv
2026-07-05T20:43:37Z,59,OTICE_v5_LoRA,15,24.2,59.53,0,0,0,0,ATB_59_2026-08-05.csv
2026-07-05T20:43:45Z,48,OTICE_v5_LoRA,0,24.15,53.06,0,0,0,0,ATB_48_2026-08-05.csv
2026-07-05T20:44:15Z,48,OTICE_v5_LoRA,0,24.16,53.06,0,0,0,0,ATB_48_2026-08-05.csv
2026-07-05T20:44:38Z,59,OTICE_v5_LoRA,16,24.21,59.33,0,0,0,0,ATB_59_2026-08-05.csv
2026-07-05T20:44:45Z,48,OTICE_v5_LoRA,0,24.2,53.06,0,0,0,0,ATB_48_2026-08-05.csv
2026-07-05T20:45:15Z,48,OTICE_v5_LoRA,0,24.2,52.96,0,0,0,0,ATB_48_2026-08-05.csv
2026-07-05T20:45:38Z,59,OTICE_v5_LoRA,15,24.21,59.33,0,0,0,0,ATB_59_2026-08-05.csv
2026-07-05T20:45:45Z,48,OTICE_v5_LoRA,0,24.21,53.16,0,0,0,0,ATB_48_2026-08-05.csv
2026-07-05T20:46:15Z,48,OTICE_v5_LoRA,0,24.22,53.06,0,0,0,0,ATB_48_2026-08-05.csv
2026-07-05T20:46:38Z,59,OTICE_v5_LoRA,17,24.22,59.53,0,0,0,0,ATB_59_2026-08-05.csv
2026-07-05T20:46:45Z,48,OTICE_v5_LoRA,0,24.22,52.96,0,0,0,0,ATB_48_2026-08-05.csv
2026-07-05T20:47:15Z,48,OTICE_v5_LoRA,0,24.21,52.96,0,0,0,0,ATB_48_2026-08-05.csv
2026-07-05T20:47:38Z,59,OTICE_v5_LoRA,19,24.21,59.53,0,0,0,0,ATB_59_2026-08-05.csv
2026-07-05T20:47:45Z,48,OTICE_v5_LoRA,0,24.22,52.96,0,0,0,0,ATB_48_2026-08-05.csv
2026-07-05T20:48:15Z,48,OTICE_v5_LoRA,0,24.21,52.96,0,0,0,0,ATB_48_2026-08-05.csv
2026-07-05T20:48:38Z,59,OTICE_v5_LoRA,15,24.22,59.63,0,0,0,0,ATB_59_2026-08-05.csv
2026-07-05T20:48:45Z,48,OTICE_v5_LoRA,0,24.22,52.96,0,0,0,0,ATB_48_2026-08-05.csv
2026-07-05T20:49:15Z,48,OTICE_v5_LoRA,0,24.22,52.96,0,0,0,0,ATB_48_2026-08-05.csv
2026-07-05T20:49:38Z,59,OTICE_v5_LoRA,12,24.2,59.53,0,0,0,0,ATB_59_2026-08-05.csv
2026-07-05T20:49:45Z,48,OTICE_v5_LoRA,0,24.24,52.96,0,0,0,0,ATB_48_2026-08-05.csv
2026-07-05T20:50:15Z,48,OTICE_v5_LoRA,0,24.24,52.96,0,0,0,0,ATB_48_2026-08-05.csv
2026-07-05T20:50:38Z,59,OTICE_v5_LoRA,12,24.21,59.33,0,0,0,0,ATB_59_2026-08-05.csv
2026-07-05T20:50:45Z,48,OTICE_v5_LoRA,0,24.24,52.96,0,0,0,0,ATB_48_2026-08-05.csv
2026-07-05T20:51:15Z,48,OTICE_v5_LoRA,0,24.22,52.86,0,0,0,0,ATB_48_2026-08-05.csv
2026-07-05T20:51:38Z,59,OTICE_v5_LoRA,15,24.21,59.43,0,0,0,0,ATB_59_2026-08-05.csv
2026-07-05T20:51:45Z,48,OTICE_v5_LoRA,0,24.22,52.86,0,0,0,0,ATB_48_2026-08-05.csv
2026-07-05T20:52:15Z,48,OTICE_v5_LoRA,0,24.22,52.86,0,0,0,0,ATB_48_2026-08-05.csv
2026-07-05T20:52:38Z,59,OTICE_v5_LoRA,14,24.22,59.33,0,0,0,0,ATB_59_2026-08-05.csv
2026-07-05T20:52:45Z,48,OTICE_v5_LoRA,0,24.21,52.86,0,0,0,0,ATB_48_2026-08-05.csv
2026-07-05T20:53:15Z,48,OTICE_v5_LoRA,0,24.21,52.86,0,0,0,0,ATB_48_2026-08-05.csv
2026-07-05T20:53:38Z,59,OTICE_v5_LoRA,15,24.21,59.33,0,0,0,0,ATB_59_2026-08-05.csv
2026-07-05T20:53:45Z,48,OTICE_v5_LoRA,0,24.24,52.86,0,0,0,0,ATB_48_2026-08-05.csv
2026-07-05T20:54:15Z,48,OTICE_v5_LoRA,0,24.22,52.86,0,0,0,0,ATB_48_2026-08-05.csv
2026-07-05T20:54:39Z,59,OTICE_v5_LoRA,12,24.21,59.43,0,0,0,0,ATB_59_2026-08-05.csv
2026-07-05T20:54:45Z,48,OTICE_v5_LoRA,0,24.22,52.86,0,0,0,0,ATB_48_2026-08-05.csv
2026-07-05T20:55:15Z,48,OTICE_v5_LoRA,0,24.22,52.86,0,0,0,0,ATB_48_2026-08-05.csv
2026-07-05T20:55:39Z,59,OTICE_v5_LoRA,11,24.2,59.13,0,0,0,0,ATB_59_2026-08-05.csv
2026-07-05T20:55:45Z,48,OTICE_v5_LoRA,0,24.22,52.86,0,0,0,0,ATB_48_2026-08-05.csv
2026-07-05T20:56:15Z,48,OTICE_v5_LoRA,0,24.21,52.86,0,0,0,0,ATB_48_2026-08-05.csv
2026-07-05T20:56:39Z,59,OTICE_v5_LoRA,12,24.2,59.13,0,0,0,0,ATB_59_2026-08-05.csv
2026-07-05T20:57:13Z,48,OTICE_v5_LoRA,0,24.2,52.86,0,0,0,0,ATB_48_2026-08-05.csv
2026-07-05T20:57:39Z,59,OTICE_v5_LoRA,14,24.21,59.13,0,0,0,0,ATB_59_2026-08-05.csv
2026-07-05T20:57:43Z,48,OTICE_v5_LoRA,0,24.22,52.86,0,0,0,0,ATB_48_2026-08-05.csv
2026-07-05T20:58:13Z,48,OTICE_v5_LoRA,0,24.22,52.86,0,0,0,0,ATB_48_2026-08-05.csv
2026-07-05T20:58:39Z,59,OTICE_v5_LoRA,16,24.21,59.13,0,0,0,0,ATB_59_2026-08-05.csv
2026-07-05T20:58:43Z,48,OTICE_v5_LoRA,0,24.22,52.76,0,0,0,0,ATB_48_2026-08-05.csv
2026-07-05T20:59:13Z,48,OTICE_v5_LoRA,0,24.21,52.76,0,0,0,0,ATB_48_2026-08-05.csv
2026-07-05T20:59:39Z,59,OTICE_v5_LoRA,11,24.21,59.23,0,0,0,0,ATB_59_2026-08-05.csv
2026-07-05T20:59:43Z,48,OTICE_v5_LoRA,0,24.21,52.76,0,0,0,0,ATB_48_2026-08-05.csv
2026-07-05T21:00:13Z,48,OTICE_v5_LoRA,0,24.22,52.76,0,0,0,0,ATB_48_2026-08-05.csv
2026-07-05T21:00:39Z,59,OTICE_v5_LoRA,15,24.21,59.43,0,0,0,0,ATB_59_2026-08-05.csv
2026-07-05T21:00:43Z,48,OTICE_v5_LoRA,0,24.21,52.76,0,0,0,0,ATB_48_2026-08-05.csv
2026-07-05T21:01:13Z,48,OTICE_v5_LoRA,0,24.22,52.76,0,0,0,0,ATB_48_2026-08-05.csv
2026-07-05T21:01:39Z,59,OTICE_v5_LoRA,13,24.22,59.43,0,0,0,0,ATB_59_2026-08-05.csv
2026-07-05T21:01:43Z,48,OTICE_v5_LoRA,0,24.22,52.76,0,0,0,0,ATB_48_2026-08-05.csv
2026-07-05T21:02:13Z,48,OTICE_v5_LoRA,0,24.21,52.76,0,0,0,0,ATB_48_2026-08-05.csv
2026-07-05T21:02:39Z,59,OTICE_v5_LoRA,11,24.21,59.33,0,0,0,0,ATB_59_2026-08-05.csv
2026-07-05T21:02:43Z,48,OTICE_v5_LoRA,0,24.21,52.76,0,0,0,0,ATB_48_2026-08-05.csv
2026-07-05T21:03:14Z,48,OTICE_v5_LoRA,0,24.21,52.76,0,0,0,0,ATB_48_2026-08-05.csv
2026-07-05T21:03:39Z,59,OTICE_v5_LoRA,12,24.2,59.33,0,0,0,0,ATB_59_2026-08-05.csv
2026-07-05T21:03:44Z,48,OTICE_v5_LoRA,0,24.2,52.76,0,0,0,0,ATB_48_2026-08-05.csv
2026-07-05T21:04:14Z,48,OTICE_v5_LoRA,0,24.18,52.76,0,0,0,0,ATB_48_2026-08-05.csv
2026-07-05T21:04:40Z,59,OTICE_v5_LoRA,13,24.21,59.33,0,0,0,0,ATB_59_2026-08-05.csv
2026-07-05T21:04:44Z,48,OTICE_v5_LoRA,0,24.21,52.76,0,0,0,0,ATB_48_2026-08-05.csv
2026-07-05T21:05:14Z,48,OTICE_v5_LoRA,0,24.21,52.76,0,0,0,0,ATB_48_2026-08-05.csv
2026-07-05T21:05:40Z,59,OTICE_v5_LoRA,14,24.2,59.33,0,0,0,0,ATB_59_2026-08-05.csv
2026-07-05T21:05:44Z,48,OTICE_v5_LoRA,0,24.2,52.76,0,0,0,0,ATB_48_2026-08-05.csv
2026-07-05T21:06:14Z,48,OTICE_v5_LoRA,0,24.21,52.76,0,0,0,0,ATB_48_2026-08-05.csv
2026-07-05T21:06:40Z,59,OTICE_v5_LoRA,8,24.2,59.43,0,0,0,0,ATB_59_2026-08-05.csv
2026-07-05T21:06:44Z,48,OTICE_v5_LoRA,0,24.21,52.76,0,0,0,0,ATB_48_2026-08-05.csv
2026-07-05T21:07:14Z,48,OTICE_v5_LoRA,0,24.21,52.66,0,0,0,0,ATB_48_2026-08-05.csv
2026-07-05T21:07:40Z,59,OTICE_v5_LoRA,8,24.18,59.33,0,0,0,0,ATB_59_2026-08-05.csv
2026-07-05T21:07:44Z,48,OTICE_v5_LoRA,0,24.2,52.66,0,0,0,0,ATB_48_2026-08-05.csv
2026-07-05T21:08:14Z,48,OTICE_v5_LoRA,0,24.2,52.66,0,0,0,0,ATB_48_2026-08-05.csv
2026-07-05T21:08:40Z,59,OTICE_v5_LoRA,13,24.2,59.43,0,0,0,0,ATB_59_2026-08-05.csv
2026-07-05T21:08:44Z,48,OTICE_v5_LoRA,0,24.2,52.66,0,0,0,0,ATB_48_2026-08-05.csv
2026-07-05T21:09:14Z,48,OTICE_v5_LoRA,0,24.21,52.66,0,0,0,0,ATB_48_2026-08-05.csv
2026-07-05T21:09:40Z,59,OTICE_v5_LoRA,13,24.2,59.33,0,0,0,0,ATB_59_2026-08-05.csv
2026-07-05T21:09:44Z,48,OTICE_v5_LoRA,0,24.21,52.66,0,0,0,0,ATB_48_2026-08-05.csv
2026-07-05T21:10:14Z,48,OTICE_v5_LoRA,0,24.21,52.66,0,0,0,0,ATB_48_2026-08-05.csv
2026-07-05T21:10:40Z,59,OTICE_v5_LoRA,12,24.2,59.43,0,0,0,0,ATB_59_2026-08-05.csv
2026-07-05T21:10:44Z,48,OTICE_v5_LoRA,0,24.2,52.66,0,0,0,0,ATB_48_2026-08-05.csv
2026-07-05T21:11:14Z,48,OTICE_v5_LoRA,0,24.21,52.66,0,0,0,0,ATB_48_2026-08-05.csv
2026-07-05T21:11:40Z,59,OTICE_v5_LoRA,13,24.18,59.23,0,0,0,0,ATB_59_2026-08-05.csv
2026-07-05T21:11:44Z,48,OTICE_v5_LoRA,0,24.2,52.66,0,0,0,0,ATB_48_2026-08-05.csv
2026-07-05T21:12:14Z,48,OTICE_v5_LoRA,0,24.21,52.66,0,0,0,0,ATB_48_2026-08-05.csv
2026-07-05T21:12:40Z,59,OTICE_v5_LoRA,10,24.16,59.03,0,0,0,0,ATB_59_2026-08-05.csv
2026-07-05T21:12:44Z,48,OTICE_v5_LoRA,0,24.2,52.66,0,0,0,0,ATB_48_2026-08-05.csv
2026-07-05T21:13:14Z,48,OTICE_v5_LoRA,0,24.2,52.66,0,0,0,0,ATB_48_2026-08-05.csv
2026-07-05T21:13:40Z,59,OTICE_v5_LoRA,6,24.13,58.94,0,0,0,0,ATB_59_2026-08-05.csv
2026-07-05T21:13:44Z,48,OTICE_v5_LoRA,0,24.2,52.56,0,0,0,0,ATB_48_2026-08-05.csv
2026-07-05T21:14:14Z,48,OTICE_v5_LoRA,0,24.18,52.56,0,0,0,0,ATB_48_2026-08-05.csv
2026-07-05T21:14:40Z,59,OTICE_v5_LoRA,13,24.1,58.83,0,0,0,0,ATB_59_2026-08-05.csv
2026-07-05T21:14:44Z,48,OTICE_v5_LoRA,0,24.18,52.56,0,0,0,0,ATB_48_2026-08-05.csv
2026-07-05T21:15:14Z,48,OTICE_v5_LoRA,0,24.18,52.56,0,0,0,0,ATB_48_2026-08-05.csv
2026-07-05T21:15:41Z,59,OTICE_v5_LoRA,14,24.09,58.94,0,0,0,0,ATB_59_2026-08-05.csv
2026-07-05T21:15:44Z,48,OTICE_v5_LoRA,0,24.16,52.56,0,0,0,0,ATB_48_2026-08-05.csv
2026-07-05T21:16:14Z,48,OTICE_v5_LoRA,0,24.16,52.46,0,0,0,0,ATB_48_2026-08-05.csv
2026-07-05T21:16:41Z,59,OTICE_v5_LoRA,15,24.08,59.03,0,0,0,0,ATB_59_2026-08-05.csv
2026-07-05T21:16:44Z,48,OTICE_v5_LoRA,0,24.15,52.46,0,0,0,0,ATB_48_2026-08-05.csv
2026-07-05T21:17:14Z,48,OTICE_v5_LoRA,0,24.16,52.56,0,0,0,0,ATB_48_2026-08-05.csv
2026-07-05T21:17:44Z,48,OTICE_v5_LoRA,0,24.15,52.56,0,0,0,0,ATB_48_2026-08-05.csv
2026-07-05T21:18:15Z,48,OTICE_v5_LoRA,0,24.15,52.56,0,0,0,0,ATB_48_2026-08-05.csv
2026-07-05T21:18:38Z,59,OTICE_v5_LoRA,14,24.03,59.23,0,0,0,0,ATB_59_2026-08-05.csv
2026-07-05T21:18:45Z,48,OTICE_v5_LoRA,0,24.15,52.36,0,0,0,0,ATB_48_2026-08-05.csv
2026-07-05T21:19:15Z,48,OTICE_v5_LoRA,0,24.15,52.46,0,0,0,0,ATB_48_2026-08-05.csv
2026-07-05T21:19:38Z,59,OTICE_v5_LoRA,13,24.06,59.13,0,0,0,0,ATB_59_2026-08-05.csv
2026-07-05T21:19:45Z,48,OTICE_v5_LoRA,0,24.15,52.46,0,0,0,0,ATB_48_2026-08-05.csv
2026-07-05T21:20:15Z,48,OTICE_v5_LoRA,0,24.13,52.46,0,0,0,0,ATB_48_2026-08-05.csv
2026-07-05T21:20:39Z,59,OTICE_v5_LoRA,10,24.05,59.13,0,0,0,0,ATB_59_2026-08-05.csv
2026-07-05T21:20:45Z,48,OTICE_v5_LoRA,0,24.12,52.46,0,0,0,0,ATB_48_2026-08-05.csv
2026-07-05T21:21:15Z,48,OTICE_v5_LoRA,0,24.12,52.46,0,0,0,0,ATB_48_2026-08-05.csv
2026-07-05T21:21:39Z,59,OTICE_v5_LoRA,13,24.03,59.13,0,0,0,0,ATB_59_2026-08-05.csv
2026-07-05T21:21:45Z,48,OTICE_v5_LoRA,0,24.12,52.46,0,0,0,0,ATB_48_2026-08-05.csv
2026-07-05T21:22:15Z,48,OTICE_v5_LoRA,0,24.09,52.56,0,0,0,0,ATB_48_2026-08-05.csv
2026-07-05T21:22:39Z,59,OTICE_v5_LoRA,11,24.03,59.13,0,0,0,0,ATB_59_2026-08-05.csv
2026-07-05T21:22:45Z,48,OTICE_v5_LoRA,0,24.1,52.56,0,0,0,0,ATB_48_2026-08-05.csv
2026-07-05T21:23:15Z,48,OTICE_v5_LoRA,0,24.09,52.46,0,0,0,0,ATB_48_2026-08-05.csv
2026-07-05T21:23:39Z,59,OTICE_v5_LoRA,15,24.03,59.03,0,0,0,0,ATB_59_2026-08-05.csv
2026-07-05T21:23:45Z,48,OTICE_v5_LoRA,0,24.09,52.56,0,0,0,0,ATB_48_2026-08-05.csv
2026-07-05T21:24:15Z,48,OTICE_v5_LoRA,0,24.08,52.56,0,0,0,0,ATB_48_2026-08-05.csv
2026-07-05T21:24:39Z,59,OTICE_v5_LoRA,15,24.03,59.03,0,0,0,0,ATB_59_2026-08-05.csv
2026-07-05T21:24:45Z,48,OTICE_v5_LoRA,0,24.08,52.56,0,0,0,0,ATB_48_2026-08-05.csv
2026-07-05T21:25:15Z,48,OTICE_v5_LoRA,0,24.08,52.56,0,0,0,0,ATB_48_2026-08-05.csv
2026-07-05T21:25:39Z,59,OTICE_v5_LoRA,15,23.97,59.06,0,0,0,0,ATB_59_2026-08-05.csv
2026-07-05T21:25:45Z,48,OTICE_v5_LoRA,0,24.06,52.56,0,0,0,0,ATB_48_2026-08-05.csv
2026-07-05T21:26:15Z,48,OTICE_v5_LoRA,0,24.06,52.56,0,0,0,0,ATB_48_2026-08-05.csv
2026-07-05T21:26:39Z,59,OTICE_v5_LoRA,15,23.96,59.16,0,0,0,0,ATB_59_2026-08-05.csv
2026-07-05T21:26:45Z,48,OTICE_v5_LoRA,0,24.05,52.56,0,0,0,0,ATB_48_2026-08-05.csv
2026-07-05T21:27:15Z,48,OTICE_v5_LoRA,0,24.06,52.56,0,0,0,0,ATB_48_2026-08-05.csv
2026-07-05T21:27:39Z,59,OTICE_v5_LoRA,15,23.93,59.16,0,0,0,0,ATB_59_2026-08-05.csv
2026-07-05T21:27:45Z,48,OTICE_v5_LoRA,0,24.05,52.56,0,0,0,0,ATB_48_2026-08-05.csv
2026-07-05T21:28:15Z,48,OTICE_v5_LoRA,0,24.05,52.46,0,0,0,0,ATB_48_2026-08-05.csv
2026-07-05T21:28:39Z,59,OTICE_v5_LoRA,15,23.96,59.16,0,0,0,0,ATB_59_2026-08-05.csv
2026-07-05T21:28:45Z,48,OTICE_v5_LoRA,0,24.05,52.46,0,0,0,0,ATB_48_2026-08-05.csv
2026-07-05T21:29:15Z,48,OTICE_v5_LoRA,0,24.05,52.46,0,0,0,0,ATB_48_2026-08-05.csv
2026-07-05T21:29:39Z,59,OTICE_v5_LoRA,15,23.96,59.06,0,0,0,0,ATB_59_2026-08-05.csv
2026-07-05T21:29:45Z,48,OTICE_v5_LoRA,0,24.05,52.46,0,0,0,0,ATB_48_2026-08-05.csv
2026-07-05T21:30:15Z,48,OTICE_v5_LoRA,0,24.03,52.46,0,0,0,0,ATB_48_2026-08-05.csv
2026-07-05T21:30:39Z,59,OTICE_v5_LoRA,12,23.96,59.06,0,0,0,0,ATB_59_2026-08-05.csv
2026-07-05T21:30:45Z,48,OTICE_v5_LoRA,0,24.03,52.46,0,0,0,0,ATB_48_2026-08-05.csv
2026-07-05T21:31:15Z,48,OTICE_v5_LoRA,0,24.03,52.46,0,0,0,0,ATB_48_2026-08-05.csv
2026-07-05T21:31:40Z,59,OTICE_v5_LoRA,16,23.94,59.06,0,0,0,0,ATB_59_2026-08-05.csv
2026-07-05T21:31:45Z,48,OTICE_v5_LoRA,0,24.03,52.46,0,0,0,0,ATB_48_2026-08-05.csv
2026-07-05T21:32:15Z,48,OTICE_v5_LoRA,0,24.03,52.46,0,0,0,0,ATB_48_2026-08-05.csv
2026-07-05T21:32:40Z,59,OTICE_v5_LoRA,18,23.94,59.06,0,0,0,0,ATB_59_2026-08-05.csv
2026-07-05T21:32:45Z,48,OTICE_v5_LoRA,0,24.02,52.49,0,0,0,0,ATB_48_2026-08-05.csv
2026-07-05T21:33:15Z,48,OTICE_v5_LoRA,0,23.99,52.49,0,0,0,0,ATB_48_2026-08-05.csv
2026-07-05T21:33:40Z,59,OTICE_v5_LoRA,19,23.99,59.06,0,0,0,0,ATB_59_2026-08-05.csv
2026-07-05T21:33:46Z,48,OTICE_v5_LoRA,0,23.99,52.49,0,0,0,0,ATB_48_2026-08-05.csv
2026-07-05T21:34:16Z,48,OTICE_v5_LoRA,0,23.99,52.49,0,0,0,0,ATB_48_2026-08-05.csv
2026-07-05T21:34:40Z,59,OTICE_v5_LoRA,15,24.03,58.94,0,0,0,0,ATB_59_2026-08-05.csv
2026-07-05T21:34:46Z,48,OTICE_v5_LoRA,0,24.03,52.56,0,0,0,0,ATB_48_2026-08-05.csv
2026-07-05T21:35:16Z,48,OTICE_v5_LoRA,0,24.03,52.66,0,0,0,0,ATB_48_2026-08-05.csv
2026-07-05T21:35:40Z,59,OTICE_v5_LoRA,14,24.02,58.86,0,0,0,0,ATB_59_2026-08-05.csv
2026-07-05T21:35:46Z,48,OTICE_v5_LoRA,0,24.03,52.56,0,0,0,0,ATB_48_2026-08-05.csv
2026-07-05T21:36:16Z,48,OTICE_v5_LoRA,0,24.06,52.36,0,0,0,0,ATB_48_2026-08-05.csv
2026-07-05T21:36:40Z,59,OTICE_v5_LoRA,17,24.02,58.86,0,0,0,0,ATB_59_2026-08-05.csv
2026-07-05T21:36:46Z,48,OTICE_v5_LoRA,0,24.06,52.36,0,0,0,0,ATB_48_2026-08-05.csv
2026-07-05T21:37:16Z,48,OTICE_v5_LoRA,0,24.03,52.36,0,0,0,0,ATB_48_2026-08-05.csv
2026-07-05T21:37:40Z,59,OTICE_v5_LoRA,13,24.02,58.86,0,0,0,0,ATB_59_2026-08-05.csv
2026-07-05T21:37:46Z,48,OTICE_v5_LoRA,0,24.03,52.36,0,0,0,0,ATB_48_2026-08-05.csv
2026-07-05T21:38:16Z,48,OTICE_v5_LoRA,0,24.03,52.36,0,0,0,0,ATB_48_2026-08-05.csv
2026-07-05T21:38:40Z,59,OTICE_v5_LoRA,17,24.03,58.94,0,0,0,0,ATB_59_2026-08-05.csv
2026-07-05T21:38:46Z,48,OTICE_v5_LoRA,0,24.03,52.46,0,0,0,0,ATB_48_2026-08-05.csv
2026-07-05T21:39:16Z,48,OTICE_v5_LoRA,0,24.03,52.46,0,0,0,0,ATB_48_2026-08-05.csv
2026-07-05T21:39:40Z,59,OTICE_v5_LoRA,15,24.03,59.03,0,0,0,0,ATB_59_2026-08-05.csv
2026-07-05T21:39:46Z,48,OTICE_v5_LoRA,0,24.03,52.46,0,0,0,0,ATB_48_2026-08-05.csv
2026-07-05T21:40:16Z,48,OTICE_v5_LoRA,0,24.05,52.46,0,0,0,0,ATB_48_2026-08-05.csv
2026-07-05T21:40:40Z,59,OTICE_v5_LoRA,10,24.02,58.86,0,0,0,0,ATB_59_2026-08-05.csv
2026-07-05T21:40:46Z,48,OTICE_v5_LoRA,0,24.05,52.36,0,0,0,0,ATB_48_2026-08-05.csv
2026-07-05T21:41:16Z,48,OTICE_v5_LoRA,0,24.03,52.36,0,0,0,0,ATB_48_2026-08-05.csv
2026-07-05T21:41:40Z,59,OTICE_v5_LoRA,15,24.02,58.76,0,0,0,0,ATB_59_2026-08-05.csv
2026-07-05T21:41:46Z,48,OTICE_v5_LoRA,0,24.05,52.36,0,0,0,0,ATB_48_2026-08-05.csv
2026-07-05T21:42:16Z,48,OTICE_v5_LoRA,0,24.05,52.27,0,0,0,0,ATB_48_2026-08-05.csv
2026-07-05T21:42:40Z,59,OTICE_v5_LoRA,16,24.02,58.86,0,0,0,0,ATB_59_2026-08-05.csv
2026-07-05T21:42:46Z,48,OTICE_v5_LoRA,0,24.06,52.16,0,0,0,0,ATB_48_2026-08-05.csv
2026-07-05T21:43:16Z,48,OTICE_v5_LoRA,0,24.06,52.27,0,0,0,0,ATB_48_2026-08-05.csv
2026-07-05T21:43:40Z,59,OTICE_v5_LoRA,17,23.99,58.96,0,0,0,0,ATB_59_2026-08-05.csv
2026-07-05T21:43:46Z,48,OTICE_v5_LoRA,0,24.06,52.36,0,0,0,0,ATB_48_2026-08-05.csv
2026-07-05T21:44:16Z,48,OTICE_v5_LoRA,0,24.06,52.36,0,0,0,0,ATB_48_2026-08-05.csv
2026-07-05T21:44:41Z,59,OTICE_v5_LoRA,12,23.99,58.86,0,0,0,0,ATB_59_2026-08-05.csv
2026-07-05T21:44:46Z,48,OTICE_v5_LoRA,0,24.06,52.36,0,0,0,0,ATB_48_2026-08-05.csv
2026-07-05T21:45:16Z,48,OTICE_v5_LoRA,0,24.06,52.27,0,0,0,0,ATB_48_2026-08-05.csv
2026-07-05T21:45:41Z,59,OTICE_v5_LoRA,14,24.02,58.76,0,0,0,0,ATB_59_2026-08-05.csv
2026-07-05T21:45:46Z,48,OTICE_v5_LoRA,0,24.06,52.27,0,0,0,0,ATB_48_2026-08-05.csv
2026-07-05T21:46:16Z,48,OTICE_v5_LoRA,0,24.08,52.27,0,0,0,0,ATB_48_2026-08-05.csv
2026-07-05T21:46:41Z,59,OTICE_v5_LoRA,18,23.97,58.76,0,0,0,0,ATB_59_2026-08-05.csv
2026-07-05T21:46:46Z,48,OTICE_v5_LoRA,0,24.06,52.27,0,0,0,0,ATB_48_2026-08-05.csv
2026-07-05T21:47:17Z,48,OTICE_v5_LoRA,0,24.05,52.27,0,0,0,0,ATB_48_2026-08-05.csv
2026-07-05T21:47:41Z,59,OTICE_v5_LoRA,14,23.97,58.76,0,0,0,0,ATB_59_2026-08-05.csv
2026-07-05T21:47:47Z,48,OTICE_v5_LoRA,0,24.06,52.27,0,0,0,0,ATB_48_2026-08-05.csv
2026-07-05T21:48:17Z,48,OTICE_v5_LoRA,0,24.06,52.27,0,0,0,0,ATB_48_2026-08-05.csv
2026-07-05T21:48:41Z,59,OTICE_v5_LoRA,12,23.99,58.76,0,0,0,0,ATB_59_2026-08-05.csv
2026-07-05T21:48:47Z,48,OTICE_v5_LoRA,0,24.06,52.27,0,0,0,0,ATB_48_2026-08-05.csv
2026-07-05T21:49:17Z,48,OTICE_v5_LoRA,0,24.06,52.27,0,0,0,0,ATB_48_2026-08-05.csv
2026-07-05T21:49:41Z,59,OTICE_v5_LoRA,13,23.99,58.76,0,0,0,0,ATB_59_2026-08-05.csv
2026-07-05T21:49:47Z,48,OTICE_v5_LoRA,0,24.06,52.27,0,0,0,0,ATB_48_2026-08-05.csv
2026-07-05T21:50:17Z,48,OTICE_v5_LoRA,0,24.06,52.27,0,0,0,0,ATB_48_2026-08-05.csv
2026-07-05T21:50:41Z,59,OTICE_v5_LoRA,13,24.02,58.66,0,0,0,0,ATB_59_2026-08-05.csv
2026-07-05T21:50:47Z,48,OTICE_v5_LoRA,0,24.06,52.27,0,0,0,0,ATB_48_2026-08-05.csv
2026-07-05T21:51:17Z,48,OTICE_v5_LoRA,0,24.08,52.27,0,0,0,0,ATB_48_2026-08-05.csv
2026-07-05T21:51:41Z,59,OTICE_v5_LoRA,12,23.99,58.66,0,0,0,0,ATB_59_2026-08-05.csv
2026-07-05T21:51:47Z,48,OTICE_v5_LoRA,0,24.06,52.27,0,0,0,0,ATB_48_2026-08-05.csv
2026-07-05T21:52:17Z,48,OTICE_v5_LoRA,0,24.05,52.27,0,0,0,0,ATB_48_2026-08-05.csv
2026-07-05T21:52:41Z,59,OTICE_v5_LoRA,12,23.99,58.76,0,0,0,0,ATB_59_2026-08-05.csv
2026-07-05T21:52:47Z,48,OTICE_v5_LoRA,0,24.03,52.27,0,0,0,0,ATB_48_2026-08-05.csv
2026-07-05T21:53:17Z,48,OTICE_v5_LoRA,0,24.05,52.27,0,0,0,0,ATB_48_2026-08-05.csv
2026-07-05T21:53:41Z,59,OTICE_v5_LoRA,12,24.02,58.66,0,0,0,0,ATB_59_2026-08-05.csv
2026-07-05T21:53:47Z,48,OTICE_v5_LoRA,0,24.05,52.27,0,0,0,0,ATB_48_2026-08-05.csv
2026-07-05T21:54:17Z,48,OTICE_v5_LoRA,0,24.06,52.27,0,0,0,0,ATB_48_2026-08-05.csv
2026-07-05T21:54:41Z,59,OTICE_v5_LoRA,12,23.99,58.66,0,0,0,0,ATB_59_2026-08-05.csv
2026-07-05T21:54:47Z,48,OTICE_v5_LoRA,0,24.06,52.16,0,0,0,0,ATB_48_2026-08-05.csv
2026-07-05T21:55:17Z,48,OTICE_v5_LoRA,0,24.06,52.16,0,0,0,0,ATB_48_2026-08-05.csv
2026-07-05T21:55:41Z,59,OTICE_v5_LoRA,14,24.02,58.66,0,0,0,0,ATB_59_2026-08-05.csv
2026-07-05T21:55:47Z,48,OTICE_v5_LoRA,0,24.05,52.16,0,0,0,0,ATB_48_2026-08-05.csv
2026-07-05T21:56:17Z,48,OTICE_v5_LoRA,0,24.05,52.16,0,0,0,0,ATB_48_2026-08-05.csv
2026-07-05T21:56:41Z,59,OTICE_v5_LoRA,15,23.99,58.66,0,0,0,0,ATB_59_2026-08-05.csv
2026-07-05T21:57:16Z,48,OTICE_v5_LoRA,0,24.05,52.16,0,0,0,0,ATB_48_2026-08-05.csv
2026-07-05T21:57:42Z,59,OTICE_v5_LoRA,16,23.97,58.76,0,0,0,0,ATB_59_2026-08-05.csv
2026-07-05T21:57:47Z,48,OTICE_v5_LoRA,0,24.05,52.16,0,0,0,0,ATB_48_2026-08-05.csv
2026-07-05T21:58:17Z,48,OTICE_v5_LoRA,0,24.06,52.16,0,0,0,0,ATB_48_2026-08-05.csv
2026-07-05T21:58:42Z,59,OTICE_v5_LoRA,14,23.99,58.56,0,0,0,0,ATB_59_2026-08-05.csv
2026-07-05T21:58:47Z,48,OTICE_v5_LoRA,0,24.05,52.16,0,0,0,0,ATB_48_2026-08-05.csv
2026-07-05T21:59:17Z,48,OTICE_v5_LoRA,0,24.06,52.16,0,0,0,0,ATB_48_2026-08-05.csv
2026-07-05T21:59:42Z,59,OTICE_v5_LoRA,15,23.99,58.76,0,0,0,0,ATB_59_2026-08-05.csv
2026-07-05T21:59:47Z,48,OTICE_v5_LoRA,0,24.06,52.16,0,0,0,0,ATB_48_2026-08-05.csv
2026-07-05T22:00:17Z,48,OTICE_v5_LoRA,0,24.06,52.16,0,0,0,0,ATB_48_2026-08-05.csv
2026-07-05T22:00:42Z,59,OTICE_v5_LoRA,15,23.99,58.56,0,0,0,0,ATB_59_2026-08-05.csv
2026-07-05T22:00:47Z,48,OTICE_v5_LoRA,0,24.06,52.16,0,0,0,0,ATB_48_2026-08-05.csv
2026-07-05T22:01:17Z,48,OTICE_v5_LoRA,0,24.05,52.16,0,0,0,0,ATB_48_2026-08-05.csv
2026-07-05T22:01:42Z,59,OTICE_v5_LoRA,15,23.99,58.56,0,0,0,0,ATB_59_2026-08-05.csv
2026-07-05T22:01:47Z,48,OTICE_v5_LoRA,0,24.06,52.06,0,0,0,0,ATB_48_2026-08-05.csv
2026-07-05T22:02:17Z,48,OTICE_v5_LoRA,0,24.06,52.16,0,0,0,0,ATB_48_2026-08-05.csv
2026-07-05T22:02:42Z,59,OTICE_v5_LoRA,15,23.99,58.47,0,0,0,0,ATB_59_2026-08-05.csv
2026-07-05T22:02:47Z,48,OTICE_v5_LoRA,0,24.06,52.06,0,0,0,0,ATB_48_2026-08-05.csv
2026-07-05T22:03:17Z,48,OTICE_v5_LoRA,0,24.05,52.06,0,0,0,0,ATB_48_2026-08-05.csv
2026-07-05T22:03:42Z,59,OTICE_v5_LoRA,14,23.97,58.47,0,0,0,0,ATB_59_2026-08-05.csv
2026-07-05T22:03:47Z,48,OTICE_v5_LoRA,0,24.06,52.06,0,0,0,0,ATB_48_2026-08-05.csv
2026-07-05T22:04:17Z,48,OTICE_v5_LoRA,0,24.06,52.06,0,0,0,0,ATB_48_2026-08-05.csv
2026-07-05T22:04:42Z,59,OTICE_v5_LoRA,19,23.97,58.56,0,0,0,0,ATB_59_2026-08-05.csv
2026-07-05T22:04:47Z,48,OTICE_v5_LoRA,0,24.05,52.06,0,0,0,0,ATB_48_2026-08-05.csv
2026-07-05T22:05:17Z,48,OTICE_v5_LoRA,0,24.05,52.06,0,0,0,0,ATB_48_2026-08-05.csv
2026-07-05T22:05:42Z,59,OTICE_v5_LoRA,14,23.96,58.47,0,0,0,0,ATB_59_2026-08-05.csv
2026-07-05T22:05:47Z,48,OTICE_v5_LoRA,0,24.05,51.97,0,0,0,0,ATB_48_2026-08-05.csv
2026-07-05T22:06:17Z,48,OTICE_v5_LoRA,0,24.05,51.97,0,0,0,0,ATB_48_2026-08-05.csv
2026-07-05T22:06:42Z,59,OTICE_v5_LoRA,10,23.92,58.56,0,0,0,0,ATB_59_2026-08-05.csv
2026-07-05T22:06:47Z,48,OTICE_v5_LoRA,0,24.02,51.99,0,0,0,0,ATB_48_2026-08-05.csv
2026-07-05T22:07:17Z,48,OTICE_v5_LoRA,0,23.99,51.99,0,0,0,0,ATB_48_2026-08-05.csv
2026-07-05T22:07:42Z,59,OTICE_v5_LoRA,20,23.89,58.66,0,0,0,0,ATB_59_2026-08-05.csv
2026-07-05T22:07:47Z,48,OTICE_v5_LoRA,0,23.99,51.89,0,0,0,0,ATB_48_2026-08-05.csv
2026-07-05T22:08:17Z,48,OTICE_v5_LoRA,0,23.97,51.99,0,0,0,0,ATB_48_2026-08-05.csv
2026-07-05T22:08:43Z,59,OTICE_v5_LoRA,15,23.9,58.56,0,0,0,0,ATB_59_2026-08-05.csv
2026-07-05T22:08:47Z,48,OTICE_v5_LoRA,0,23.99,51.89,0,0,0,0,ATB_48_2026-08-05.csv
2026-07-05T22:09:17Z,48,OTICE_v5_LoRA,0,23.97,51.89,0,0,0,0,ATB_48_2026-08-05.csv
2026-07-05T22:09:43Z,59,OTICE_v5_LoRA,16,23.9,58.47,0,0,0,0,ATB_59_2026-08-05.csv
2026-07-05T22:09:47Z,48,OTICE_v5_LoRA,0,23.97,51.99,0,0,0,0,ATB_48_2026-08-05.csv
2026-07-05T22:10:17Z,48,OTICE_v5_LoRA,0,23.97,51.89,0,0,0,0,ATB_48_2026-08-05.csv
2026-07-05T22:10:43Z,59,OTICE_v5_LoRA,18,23.86,58.56,0,0,0,0,ATB_59_2026-08-05.csv
2026-07-05T22:10:47Z,48,OTICE_v5_LoRA,0,23.97,51.89,0,0,0,0,ATB_48_2026-08-05.csv
2026-07-05T22:11:17Z,48,OTICE_v5_LoRA,0,23.94,51.89,0,0,0,0,ATB_48_2026-08-05.csv
2026-07-05T22:11:43Z,59,OTICE_v5_LoRA,15,23.86,58.56,0,0,0,0,ATB_59_2026-08-05.csv
2026-07-05T22:11:48Z,48,OTICE_v5_LoRA,0,23.96,51.89,0,0,0,0,ATB_48_2026-08-05.csv
2026-07-05T22:12:18Z,48,OTICE_v5_LoRA,0,23.96,51.89,0,0,0,0,ATB_48_2026-08-05.csv
2026-07-05T22:12:43Z,59,OTICE_v5_LoRA,16,23.87,58.56,0,0,0,0,ATB_59_2026-08-05.csv
2026-07-05T22:12:48Z,48,OTICE_v5_LoRA,0,23.96,51.89,0,0,0,0,ATB_48_2026-08-05.csv
2026-07-05T22:13:18Z,48,OTICE_v5_LoRA,0,23.93,51.89,0,0,0,0,ATB_48_2026-08-05.csv
2026-07-05T22:13:43Z,59,OTICE_v5_LoRA,17,23.84,58.47,0,0,0,0,ATB_59_2026-08-05.csv
2026-07-05T22:13:48Z,48,OTICE_v5_LoRA,0,23.93,51.89,0,0,0,0,ATB_48_2026-08-05.csv
2026-07-05T22:14:18Z,48,OTICE_v5_LoRA,0,23.92,51.89,0,0,0,0,ATB_48_2026-08-05.csv
2026-07-05T22:14:43Z,59,OTICE_v5_LoRA,19,23.86,58.47,0,0,0,0,ATB_59_2026-08-05.csv
2026-07-05T22:14:48Z,48,OTICE_v5_LoRA,0,23.92,51.89,0,0,0,0,ATB_48_2026-08-05.csv
2026-07-05T22:15:18Z,48,OTICE_v5_LoRA,0,23.9,51.89,0,0,0,0,ATB_48_2026-08-05.csv
2026-07-05T22:15:43Z,59,OTICE_v5_LoRA,18,23.84,58.36,0,0,0,0,ATB_59_2026-08-05.csv
2026-07-05T22:15:48Z,48,OTICE_v5_LoRA,0,23.9,51.89,0,0,0,0,ATB_48_2026-08-05.csv
2026-07-05T22:16:18Z,48,OTICE_v5_LoRA,0,23.89,51.99,0,0,0,0,ATB_48_2026-08-05.csv
2026-07-05T22:16:43Z,59,OTICE_v5_LoRA,19,23.84,58.36,0,0,0,0,ATB_59_2026-08-05.csv
2026-07-05T22:16:48Z,48,OTICE_v5_LoRA,0,23.89,51.99,0,0,0,0,ATB_48_2026-08-05.csv
2026-07-05T22:17:18Z,48,OTICE_v5_LoRA,0,23.89,51.99,0,0,0,0,ATB_48_2026-08-05.csv
2026-07-05T22:17:48Z,48,OTICE_v5_LoRA,0,23.89,51.99,0,0,0,0,ATB_48_2026-08-05.csv
2026-07-05T22:18:18Z,48,OTICE_v5_LoRA,0,23.89,51.89,0,0,0,0,ATB_48_2026-08-05.csv
2026-07-05T22:18:42Z,59,OTICE_v5_LoRA,15,23.79,58.47,0,0,0,0,ATB_59_2026-08-05.csv
2026-07-05T22:18:48Z,48,OTICE_v5_LoRA,0,23.87,51.99,0,0,0,0,ATB_48_2026-08-05.csv
2026-07-05T22:19:18Z,48,OTICE_v5_LoRA,0,23.86,51.99,0,0,0,0,ATB_48_2026-08-05.csv
2026-07-05T22:19:42Z,59,OTICE_v5_LoRA,18,23.78,58.47,0,0,0,0,ATB_59_2026-08-05.csv
2026-07-05T22:19:48Z,48,OTICE_v5_LoRA,0,23.86,51.89,0,0,0,0,ATB_48_2026-08-05.csv
2026-07-05T22:20:18Z,48,OTICE_v5_LoRA,0,23.86,51.89,0,0,0,0,ATB_48_2026-08-05.csv
2026-07-05T22:20:42Z,59,OTICE_v5_LoRA,15,23.82,58.47,0,0,0,0,ATB_59_2026-08-05.csv
2026-07-05T22:20:48Z,48,OTICE_v5_LoRA,0,23.86,51.99,0,0,0,0,ATB_48_2026-08-05.csv
2026-07-05T22:21:18Z,48,OTICE_v5_LoRA,0,23.86,51.89,0,0,0,0,ATB_48_2026-08-05.csv
2026-07-05T22:21:42Z,59,OTICE_v5_LoRA,13,23.78,58.47,0,0,0,0,ATB_59_2026-08-05.csv
2026-07-05T22:21:48Z,48,OTICE_v5_LoRA,0,23.86,51.99,0,0,0,0,ATB_48_2026-08-05.csv
2026-07-05T22:22:18Z,48,OTICE_v5_LoRA,0,23.87,51.89,0,0,0,0,ATB_48_2026-08-05.csv
2026-07-05T22:22:42Z,59,OTICE_v5_LoRA,16,23.79,58.47,0,0,0,0,ATB_59_2026-08-05.csv
2026-07-05T22:22:48Z,48,OTICE_v5_LoRA,0,23.86,51.89,0,0,0,0,ATB_48_2026-08-05.csv
2026-07-05T22:23:18Z,48,OTICE_v5_LoRA,0,23.84,51.89,0,0,0,0,ATB_48_2026-08-05.csv
2026-07-05T22:23:43Z,59,OTICE_v5_LoRA,18,23.77,58.49,0,0,0,0,ATB_59_2026-08-05.csv
2026-07-05T22:23:48Z,48,OTICE_v5_LoRA,0,23.84,51.89,0,0,0,0,ATB_48_2026-08-05.csv
2026-07-05T22:24:18Z,48,OTICE_v5_LoRA,0,23.84,51.89,0,0,0,0,ATB_48_2026-08-05.csv
2026-07-05T22:24:43Z,59,OTICE_v5_LoRA,15,23.74,58.59,0,0,0,0,ATB_59_2026-08-05.csv
2026-07-05T22:24:48Z,48,OTICE_v5_LoRA,0,23.83,51.89,0,0,0,0,ATB_48_2026-08-05.csv
2026-07-05T22:25:18Z,48,OTICE_v5_LoRA,0,23.83,51.89,0,0,0,0,ATB_48_2026-08-05.csv
2026-07-05T22:25:43Z,59,OTICE_v5_LoRA,15,23.75,58.49,0,0,0,0,ATB_59_2026-08-05.csv
2026-07-05T22:25:49Z,48,OTICE_v5_LoRA,0,23.84,51.89,0,0,0,0,ATB_48_2026-08-05.csv
2026-07-05T22:26:19Z,48,OTICE_v5_LoRA,0,23.84,51.89,0,0,0,0,ATB_48_2026-08-05.csv
2026-07-05T22:26:43Z,59,OTICE_v5_LoRA,22,23.78,58.47,0,0,0,0,ATB_59_2026-08-05.csv
2026-07-05T22:26:49Z,48,OTICE_v5_LoRA,0,23.83,51.89,0,0,0,0,ATB_48_2026-08-05.csv
2026-07-05T22:27:19Z,48,OTICE_v5_LoRA,0,23.82,51.89,0,0,0,0,ATB_48_2026-08-05.csv
2026-07-05T22:27:43Z,59,OTICE_v5_LoRA,19,23.79,58.47,0,0,0,0,ATB_59_2026-08-05.csv
2026-07-05T22:27:49Z,48,OTICE_v5_LoRA,0,23.83,51.89,0,0,0,0,ATB_48_2026-08-05.csv
2026-07-05T22:28:19Z,48,OTICE_v5_LoRA,0,23.84,51.89,0,0,0,0,ATB_48_2026-08-05.csv
2026-07-05T22:28:43Z,59,OTICE_v5_LoRA,15,23.82,58.47,0,0,0,0,ATB_59_2026-08-05.csv
2026-07-05T22:28:49Z,48,OTICE_v5_LoRA,0,23.84,51.99,0,0,0,0,ATB_48_2026-08-05.csv
2026-07-05T22:29:19Z,48,OTICE_v5_LoRA,0,23.84,51.89,0,0,0,0,ATB_48_2026-08-05.csv
2026-07-05T22:29:43Z,59,OTICE_v5_LoRA,20,23.79,58.36,0,0,0,0,ATB_59_2026-08-05.csv
2026-07-05T22:29:49Z,48,OTICE_v5_LoRA,0,23.84,51.79,0,0,0,0,ATB_48_2026-08-05.csv
2026-07-05T22:30:19Z,48,OTICE_v5_LoRA,0,23.87,51.79,0,0,0,0,ATB_48_2026-08-05.csv
2026-07-05T22:30:43Z,59,OTICE_v5_LoRA,22,23.83,58.36,0,0,0,0,ATB_59_2026-08-05.csv
2026-07-05T22:30:49Z,48,OTICE_v5_LoRA,0,23.84,51.79,0,0,0,0,ATB_48_2026-08-05.csv
2026-07-05T22:31:19Z,48,OTICE_v5_LoRA,0,23.84,51.89,0,0,0,0,ATB_48_2026-08-05.csv
2026-07-05T22:31:43Z,59,OTICE_v5_LoRA,20,23.82,58.27,0,0,0,0,ATB_59_2026-08-05.csv
2026-07-05T22:31:49Z,48,OTICE_v5_LoRA,0,23.84,51.89,0,0,0,0,ATB_48_2026-08-05.csv
2026-07-05T22:32:19Z,48,OTICE_v5_LoRA,0,23.84,51.79,0,0,0,0,ATB_48_2026-08-05.csv
2026-07-05T22:32:43Z,59,OTICE_v5_LoRA,14,23.83,58.36,0,0,0,0,ATB_59_2026-08-05.csv
2026-07-05T22:32:49Z,48,OTICE_v5_LoRA,0,23.84,51.89,0,0,0,0,ATB_48_2026-08-05.csv
2026-07-05T22:33:19Z,48,OTICE_v5_LoRA,0,23.83,51.89,0,0,0,0,ATB_48_2026-08-05.csv
2026-07-05T22:33:44Z,59,OTICE_v5_LoRA,14,23.83,58.27,0,0,0,0,ATB_59_2026-08-05.csv
2026-07-05T22:33:49Z,48,OTICE_v5_LoRA,0,23.83,51.89,0,0,0,0,ATB_48_2026-08-05.csv
2026-07-05T22:34:19Z,48,OTICE_v5_LoRA,0,23.84,51.89,0,0,0,0,ATB_48_2026-08-05.csv
2026-07-05T22:34:44Z,59,OTICE_v5_LoRA,20,23.83,58.17,0,0,0,0,ATB_59_2026-08-05.csv
2026-07-05T22:34:49Z,48,OTICE_v5_LoRA,0,23.84,51.79,0,0,0,0,ATB_48_2026-08-05.csv
2026-07-05T22:35:19Z,48,OTICE_v5_LoRA,0,23.86,51.79,0,0,0,0,ATB_48_2026-08-05.csv
2026-07-05T22:35:44Z,59,OTICE_v5_LoRA,22,23.83,58.17,0,0,0,0,ATB_59_2026-08-05.csv
2026-07-05T22:35:49Z,48,OTICE_v5_LoRA,0,23.86,51.79,0,0,0,0,ATB_48_2026-08-05.csv
2026-07-05T22:36:19Z,48,OTICE_v5_LoRA,0,23.89,51.79,0,0,0,0,ATB_48_2026-08-05.csv
2026-07-05T22:36:44Z,59,OTICE_v5_LoRA,15,23.84,58.17,0,0,0,0,ATB_59_2026-08-05.csv
2026-07-05T22:36:49Z,48,OTICE_v5_LoRA,0,23.86,51.79,0,0,0,0,ATB_48_2026-08-05.csv
2026-07-05T22:37:19Z,48,OTICE_v5_LoRA,0,23.87,51.79,0,0,0,0,ATB_48_2026-08-05.csv
2026-07-05T22:37:44Z,59,OTICE_v5_LoRA,12,23.83,58.06,0,0,0,0,ATB_59_2026-08-05.csv
2026-07-05T22:37:49Z,48,OTICE_v5_LoRA,0,23.87,51.79,0,0,0,0,ATB_48_2026-08-05.csv
2026-07-05T22:38:19Z,48,OTICE_v5_LoRA,0,23.86,51.79,0,0,0,0,ATB_48_2026-08-05.csv
2026-07-05T22:38:44Z,59,OTICE_v5_LoRA,22,23.83,58.17,0,0,0,0,ATB_59_2026-08-05.csv
2026-07-05T22:38:50Z,48,OTICE_v5_LoRA,0,23.86,51.79,0,0,0,0,ATB_48_2026-08-05.csv
2026-07-05T22:39:20Z,48,OTICE_v5_LoRA,0,23.87,51.69,0,0,0,0,ATB_48_2026-08-05.csv
2026-07-05T22:39:44Z,59,OTICE_v5_LoRA,13,23.83,58.27,0,0,0,0,ATB_59_2026-08-05.csv
2026-07-05T22:39:50Z,48,OTICE_v5_LoRA,0,23.89,51.69,0,0,0,0,ATB_48_2026-08-05.csv
2026-07-05T22:40:20Z,48,OTICE_v5_LoRA,0,23.87,51.69,0,0,0,0,ATB_48_2026-08-05.csv
2026-07-05T22:40:44Z,59,OTICE_v5_LoRA,16,23.83,58.17,0,0,0,0,ATB_59_2026-08-05.csv
2026-07-05T22:40:50Z,48,OTICE_v5_LoRA,0,23.87,51.69,0,0,0,0,ATB_48_2026-08-05.csv
2026-07-05T22:41:20Z,48,OTICE_v5_LoRA,0,23.87,51.69,0,0,0,0,ATB_48_2026-08-05.csv
2026-07-05T22:41:44Z,59,OTICE_v5_LoRA,14,23.82,58.06,0,0,0,0,ATB_59_2026-08-05.csv
2026-07-05T22:41:50Z,48,OTICE_v5_LoRA,0,23.86,51.69,0,0,0,0,ATB_48_2026-08-05.csv
2026-07-05T22:42:20Z,48,OTICE_v5_LoRA,0,23.86,51.69,0,0,0,0,ATB_48_2026-08-05.csv
2026-07-05T22:42:45Z,59,OTICE_v5_LoRA,14,23.82,58.06,0,0,0,0,ATB_59_2026-08-05.csv
2026-07-05T22:42:50Z,48,OTICE_v5_LoRA,0,23.86,51.69,0,0,0,0,ATB_48_2026-08-05.csv
2026-07-05T22:43:20Z,48,OTICE_v5_LoRA,0,23.86,51.69,0,0,0,0,ATB_48_2026-08-05.csv
2026-07-05T22:43:45Z,59,OTICE_v5_LoRA,16,23.82,58.17,0,0,0,0,ATB_59_2026-08-05.csv
2026-07-05T22:43:50Z,48,OTICE_v5_LoRA,0,23.86,51.69,0,0,0,0,ATB_48_2026-08-05.csv
2026-07-05T22:44:20Z,48,OTICE_v5_LoRA,0,23.87,51.69,0,0,0,0,ATB_48_2026-08-05.csv
2026-07-05T22:44:45Z,59,OTICE_v5_LoRA,15,23.82,58.06,0,0,0,0,ATB_59_2026-08-05.csv
2026-07-05T22:44:50Z,48,OTICE_v5_LoRA,0,23.87,51.69,0,0,0,0,ATB_48_2026-08-05.csv
2026-07-05T22:45:20Z,48,OTICE_v5_LoRA,0,23.87,51.59,0,0,0,0,ATB_48_2026-08-05.csv
2026-07-05T22:45:45Z,59,OTICE_v5_LoRA,17,23.82,58.17,0,0,0,0,ATB_59_2026-08-05.csv
2026-07-05T22:45:50Z,48,OTICE_v5_LoRA,0,23.87,51.59,0,0,0,0,ATB_48_2026-08-05.csv
2026-07-05T22:46:20Z,48,OTICE_v5_LoRA,0,23.87,51.59,0,0,0,0,ATB_48_2026-08-05.csv
2026-07-05T22:46:45Z,59,OTICE_v5_LoRA,15,23.83,58.06,0,0,0,0,ATB_59_2026-08-05.csv
2026-07-05T22:46:50Z,48,OTICE_v5_LoRA,0,23.87,51.49,0,0,0,0,ATB_48_2026-08-05.csv
2026-07-05T22:47:20Z,48,OTICE_v5_LoRA,0,23.87,51.59,0,0,0,0,ATB_48_2026-08-05.csv
2026-07-05T22:47:45Z,59,OTICE_v5_LoRA,16,23.84,57.97,0,0,0,0,ATB_59_2026-08-05.csv
2026-07-05T22:47:50Z,48,OTICE_v5_LoRA,0,23.89,51.59,0,0,0,0,ATB_48_2026-08-05.csv
2026-07-05T22:48:20Z,48,OTICE_v5_LoRA,0,23.87,51.59,0,0,0,0,ATB_48_2026-08-05.csv
2026-07-05T22:48:45Z,59,OTICE_v5_LoRA,17,23.83,58.06,0,0,0,0,ATB_59_2026-08-05.csv
2026-07-05T22:48:50Z,48,OTICE_v5_LoRA,0,23.89,51.49,0,0,0,0,ATB_48_2026-08-05.csv
2026-07-05T22:49:20Z,48,OTICE_v5_LoRA,0,23.87,51.49,0,0,0,0,ATB_48_2026-08-05.csv
2026-07-05T22:49:45Z,59,OTICE_v5_LoRA,19,23.83,57.97,0,0,0,0,ATB_59_2026-08-05.csv
2026-07-05T22:49:50Z,48,OTICE_v5_LoRA,0,23.86,51.59,0,0,0,0,ATB_48_2026-08-05.csv
2026-07-05T22:50:20Z,48,OTICE_v5_LoRA,0,23.87,51.59,0,0,0,0,ATB_48_2026-08-05.csv
2026-07-05T22:50:45Z,59,OTICE_v5_LoRA,13,23.83,57.87,0,0,0,0,ATB_59_2026-08-05.csv
2026-07-05T22:50:50Z,48,OTICE_v5_LoRA,0,23.87,51.59,0,0,0,0,ATB_48_2026-08-05.csv
2026-07-05T22:51:21Z,48,OTICE_v5_LoRA,0,23.84,51.49,0,0,0,0,ATB_48_2026-08-05.csv
2026-07-05T22:51:45Z,59,OTICE_v5_LoRA,20,23.84,57.97,0,0,0,0,ATB_59_2026-08-05.csv
2026-07-05T22:51:51Z,48,OTICE_v5_LoRA,0,23.84,51.49,0,0,0,0,ATB_48_2026-08-05.csv
2026-07-05T22:52:21Z,48,OTICE_v5_LoRA,0,23.86,51.49,0,0,0,0,ATB_48_2026-08-05.csv
2026-07-05T22:52:45Z,59,OTICE_v5_LoRA,15,23.83,58.06,0,0,0,0,ATB_59_2026-08-05.csv
2026-07-05T22:52:51Z,48,OTICE_v5_LoRA,0,23.86,51.49,0,0,0,0,ATB_48_2026-08-05.csv
2026-07-05T22:53:21Z,48,OTICE_v5_LoRA,0,23.86,51.49,0,0,0,0,ATB_48_2026-08-05.csv
2026-07-05T22:53:46Z,59,OTICE_v5_LoRA,16,23.83,58.06,0,0,0,0,ATB_59_2026-08-05.csv
2026-07-05T22:53:51Z,48,OTICE_v5_LoRA,0,23.84,51.59,0,0,0,0,ATB_48_2026-08-05.csv
2026-07-05T22:54:21Z,48,OTICE_v5_LoRA,0,23.86,51.49,0,0,0,0,ATB_48_2026-08-05.csv
2026-07-05T22:54:46Z,59,OTICE_v5_LoRA,20,23.77,57.89,0,0,0,0,ATB_59_2026-08-05.csv
2026-07-05T22:54:51Z,48,OTICE_v5_LoRA,0,23.87,51.49,0,0,0,0,ATB_48_2026-08-05.csv
2026-07-05T22:55:21Z,48,OTICE_v5_LoRA,0,23.84,51.49,0,0,0,0,ATB_48_2026-08-05.csv
2026-07-05T22:55:46Z,59,OTICE_v5_LoRA,14,23.77,57.99,0,0,0,0,ATB_59_2026-08-05.csv
2026-07-05T22:55:51Z,48,OTICE_v5_LoRA,0,23.84,51.49,0,0,0,0,ATB_48_2026-08-05.csv
2026-07-05T22:56:21Z,48,OTICE_v5_LoRA,0,23.83,51.39,0,0,0,0,ATB_48_2026-08-05.csv
2026-07-05T22:56:46Z,59,OTICE_v5_LoRA,21,23.75,57.99,0,0,0,0,ATB_59_2026-08-05.csv
2026-07-05T22:57:20Z,48,OTICE_v5_LoRA,0,23.83,51.49,0,0,0,0,ATB_48_2026-08-05.csv
2026-07-05T22:57:46Z,59,OTICE_v5_LoRA,16,23.71,58.09,0,0,0,0,ATB_59_2026-08-05.csv
2026-07-05T22:57:50Z,48,OTICE_v5_LoRA,0,23.84,51.39,0,0,0,0,ATB_48_2026-08-05.csv
2026-07-05T22:58:20Z,48,OTICE_v5_LoRA,0,23.83,51.49,0,0,0,0,ATB_48_2026-08-05.csv
2026-07-05T22:58:46Z,59,OTICE_v5_LoRA,13,23.71,57.99,0,0,0,0,ATB_59_2026-08-05.csv
2026-07-05T22:58:50Z,48,OTICE_v5_LoRA,0,23.83,51.39,0,0,0,0,ATB_48_2026-08-05.csv
2026-07-05T22:59:20Z,48,OTICE_v5_LoRA,0,23.83,51.39,0,0,0,0,ATB_48_2026-08-05.csv
2026-07-05T22:59:46Z,59,OTICE_v5_LoRA,19,23.71,58.09,0,0,0,0,ATB_59_2026-08-05.csv
2026-07-05T22:59:50Z,48,OTICE_v5_LoRA,0,23.82,51.49,0,0,0,0,ATB_48_2026-08-05.csv
2026-07-05T23:00:20Z,48,OTICE_v5_LoRA,0,23.83,51.39,0,0,0,0,ATB_48_2026-08-05.csv
2026-07-05T23:00:46Z,59,OTICE_v5_LoRA,23,23.69,57.99,0,0,0,0,ATB_59_2026-08-05.csv
2026-07-05T23:00:50Z,48,OTICE_v5_LoRA,0,23.82,51.39,0,0,0,0,ATB_48_2026-08-05.csv
2026-07-05T23:01:20Z,48,OTICE_v5_LoRA,0,23.82,51.39,0,0,0,0,ATB_48_2026-08-05.csv
2026-07-05T23:01:46Z,59,OTICE_v5_LoRA,18,23.68,57.99,0,0,0,0,ATB_59_2026-08-05.csv
2026-07-05T23:01:50Z,48,OTICE_v5_LoRA,0,23.79,51.39,0,0,0,0,ATB_48_2026-08-05.csv
2026-07-05T23:02:20Z,48,OTICE_v5_LoRA,0,23.79,51.39,0,0,0,0,ATB_48_2026-08-05.csv
2026-07-05T23:02:47Z,59,OTICE_v5_LoRA,22,23.65,58.09,0,0,0,0,ATB_59_2026-08-05.csv
2026-07-05T23:02:50Z,48,OTICE_v5_LoRA,0,23.78,51.29,0,0,0,0,ATB_48_2026-08-05.csv
2026-07-05T23:03:20Z,48,OTICE_v5_LoRA,0,23.78,51.39,0,0,0,0,ATB_48_2026-08-05.csv
2026-07-05T23:03:47Z,59,OTICE_v5_LoRA,17,23.67,58.09,0,0,0,0,ATB_59_2026-08-05.csv
2026-07-05T23:03:50Z,48,OTICE_v5_LoRA,0,23.75,51.42,0,0,0,0,ATB_48_2026-08-05.csv
2026-07-05T23:04:21Z,48,OTICE_v5_LoRA,0,23.77,51.42,0,0,0,0,ATB_48_2026-08-05.csv
2026-07-05T23:04:47Z,59,OTICE_v5_LoRA,19,23.65,57.99,0,0,0,0,ATB_59_2026-08-05.csv
2026-07-05T23:04:51Z,48,OTICE_v5_LoRA,0,23.74,51.42,0,0,0,0,ATB_48_2026-08-05.csv
2026-07-05T23:05:21Z,48,OTICE_v5_LoRA,0,23.74,51.42,0,0,0,0,ATB_48_2026-08-05.csv
2026-07-05T23:05:47Z,59,OTICE_v5_LoRA,18,23.65,57.99,0,0,0,0,ATB_59_2026-08-05.csv
2026-07-05T23:05:51Z,48,OTICE_v5_LoRA,0,23.75,51.42,0,0,0,0,ATB_48_2026-08-05.csv
2026-07-05T23:06:21Z,48,OTICE_v5_LoRA,0,23.74,51.42,0,0,0,0,ATB_48_2026-08-05.csv
2026-07-05T23:06:47Z,59,OTICE_v5_LoRA,18,23.65,57.99,0,0,0,0,ATB_59_2026-08-05.csv
2026-07-05T23:06:51Z,48,OTICE_v5_LoRA,0,23.71,51.42,0,0,0,0,ATB_48_2026-08-05.csv
2026-07-05T23:07:21Z,48,OTICE_v5_LoRA,0,23.72,51.42,0,0,0,0,ATB_48_2026-08-05.csv
2026-07-05T23:07:47Z,59,OTICE_v5_LoRA,16,23.65,57.99,0,0,0,0,ATB_59_2026-08-05.csv
2026-07-05T23:07:51Z,48,OTICE_v5_LoRA,0,23.72,51.42,0,0,0,0,ATB_48_2026-08-05.csv
2026-07-05T23:08:21Z,48,OTICE_v5_LoRA,0,23.72,51.42,0,0,0,0,ATB_48_2026-08-05.csv
2026-07-05T23:08:47Z,59,OTICE_v5_LoRA,20,23.65,57.99,0,0,0,0,ATB_59_2026-08-05.csv
2026-07-05T23:08:51Z,48,OTICE_v5_LoRA,0,23.72,51.42,0,0,0,0,ATB_48_2026-08-05.csv
2026-07-05T23:09:21Z,48,OTICE_v5_LoRA,0,23.71,51.42,0,0,0,0,ATB_48_2026-08-05.csv
2026-07-05T23:09:47Z,59,OTICE_v5_LoRA,19,23.65,57.89,0,0,0,0,ATB_59_2026-08-05.csv
2026-07-05T23:09:51Z,48,OTICE_v5_LoRA,0,23.71,51.42,0,0,0,0,ATB_48_2026-08-05.csv
2026-07-05T23:10:21Z,48,OTICE_v5_LoRA,0,23.71,51.42,0,0,0,0,ATB_48_2026-08-05.csv
2026-07-05T23:10:47Z,59,OTICE_v5_LoRA,17,23.64,57.99,0,0,0,0,ATB_59_2026-08-05.csv
2026-07-05T23:10:51Z,48,OTICE_v5_LoRA,0,23.69,51.42,0,0,0,0,ATB_48_2026-08-05.csv
2026-07-05T23:11:21Z,48,OTICE_v5_LoRA,0,23.72,51.42,0,0,0,0,ATB_48_2026-08-05.csv
2026-07-05T23:11:47Z,59,OTICE_v5_LoRA,18,23.59,57.99,0,0,0,0,ATB_59_2026-08-05.csv
2026-07-05T23:11:51Z,48,OTICE_v5_LoRA,0,23.69,51.31,0,0,0,0,ATB_48_2026-08-05.csv
2026-07-05T23:12:21Z,48,OTICE_v5_LoRA,0,23.69,51.42,0,0,0,0,ATB_48_2026-08-05.csv
2026-07-05T23:12:47Z,59,OTICE_v5_LoRA,17,23.64,57.89,0,0,0,0,ATB_59_2026-08-05.csv
2026-07-05T23:12:51Z,48,OTICE_v5_LoRA,0,23.69,51.42,0,0,0,0,ATB_48_2026-08-05.csv
2026-07-05T23:13:21Z,48,OTICE_v5_LoRA,0,23.69,51.42,0,0,0,0,ATB_48_2026-08-05.csv
2026-07-05T23:13:47Z,59,OTICE_v5_LoRA,21,23.64,58.09,0,0,0,0,ATB_59_2026-08-05.csv
2026-07-05T23:13:51Z,48,OTICE_v5_LoRA,0,23.68,51.42,0,0,0,0,ATB_48_2026-08-05.csv
2026-07-05T23:14:21Z,48,OTICE_v5_LoRA,0,23.67,51.42,0,0,0,0,ATB_48_2026-08-05.csv
2026-07-05T23:14:47Z,59,OTICE_v5_LoRA,21,23.65,57.99,0,0,0,0,ATB_59_2026-08-05.csv
2026-07-05T23:14:51Z,48,OTICE_v5_LoRA,0,23.69,51.42,0,0,0,0,ATB_48_2026-08-05.csv
2026-07-05T23:15:21Z,48,OTICE_v5_LoRA,0,23.71,51.42,0,0,0,0,ATB_48_2026-08-05.csv
2026-07-05T23:15:48Z,59,OTICE_v5_LoRA,14,23.67,57.8,0,0,0,0,ATB_59_2026-08-05.csv
2026-07-05T23:15:51Z,48,OTICE_v5_LoRA,0,23.69,51.42,0,0,0,0,ATB_48_2026-08-05.csv
2026-07-05T23:16:21Z,48,OTICE_v5_LoRA,0,23.71,51.42,0,0,0,0,ATB_48_2026-08-05.csv
2026-07-05T23:16:48Z,59,OTICE_v5_LoRA,20,23.67,57.8,0,0,0,0,ATB_59_2026-08-05.csv
2026-07-05T23:16:51Z,48,OTICE_v5_LoRA,0,23.71,51.31,0,0,0,0,ATB_48_2026-08-05.csv
2026-07-05T23:17:21Z,48,OTICE_v5_LoRA,0,23.72,51.31,0,0,0,0,ATB_48_2026-08-05.csv
2026-07-05T23:17:52Z,48,OTICE_v5_LoRA,0,23.72,51.31,0,0,0,0,ATB_48_2026-08-05.csv
2026-07-05T23:18:22Z,48,OTICE_v5_LoRA,0,23.75,51.22,0,0,0,0,ATB_48_2026-08-05.csv
2026-07-05T23:18:46Z,59,OTICE_v5_LoRA,20,23.65,57.8,0,0,0,0,ATB_59_2026-08-05.csv
2026-07-05T23:18:52Z,48,OTICE_v5_LoRA,0,23.74,51.22,0,0,0,0,ATB_48_2026-08-05.csv
2026-07-05T23:19:22Z,48,OTICE_v5_LoRA,0,23.75,51.22,0,0,0,0,ATB_48_2026-08-05.csv
2026-07-05T23:19:46Z,59,OTICE_v5_LoRA,21,23.68,57.69,0,0,0,0,ATB_59_2026-08-05.csv
2026-07-05T23:19:52Z,48,OTICE_v5_LoRA,0,23.75,51.22,0,0,0,0,ATB_48_2026-08-05.csv
2026-07-05T23:20:22Z,48,OTICE_v5_LoRA,0,23.75,51.22,0,0,0,0,ATB_48_2026-08-05.csv
2026-07-05T23:20:46Z,59,OTICE_v5_LoRA,20,23.65,57.69,0,0,0,0,ATB_59_2026-08-05.csv
2026-07-05T23:20:52Z,48,OTICE_v5_LoRA,0,23.74,51.22,0,0,0,0,ATB_48_2026-08-05.csv
2026-07-05T23:21:22Z,48,OTICE_v5_LoRA,0,23.74,51.22,0,0,0,0,ATB_48_2026-08-05.csv
2026-07-05T23:21:46Z,59,OTICE_v5_LoRA,20,23.68,57.69,0,0,0,0,ATB_59_2026-08-05.csv
2026-07-05T23:21:52Z,48,OTICE_v5_LoRA,0,23.75,51.22,0,0,0,0,ATB_48_2026-08-05.csv
2026-07-05T23:22:22Z,48,OTICE_v5_LoRA,0,23.75,51.22,0,0,0,0,ATB_48_2026-08-05.csv
2026-07-05T23:22:46Z,59,OTICE_v5_LoRA,20,23.68,57.59,0,0,0,0,ATB_59_2026-08-05.csv
2026-07-05T23:22:52Z,48,OTICE_v5_LoRA,0,23.72,51.22,0,0,0,0,ATB_48_2026-08-05.csv
2026-07-05T23:23:22Z,48,OTICE_v5_LoRA,0,23.74,51.31,0,0,0,0,ATB_48_2026-08-05.csv
2026-07-05T23:23:46Z,59,OTICE_v5_LoRA,16,23.67,57.59,0,0,0,0,ATB_59_2026-08-05.csv
2026-07-05T23:23:52Z,48,OTICE_v5_LoRA,0,23.74,51.31,0,0,0,0,ATB_48_2026-08-05.csv
2026-07-05T23:24:22Z,48,OTICE_v5_LoRA,0,23.74,51.31,0,0,0,0,ATB_48_2026-08-05.csv
2026-07-05T23:24:46Z,59,OTICE_v5_LoRA,18,23.68,57.59,0,0,0,0,ATB_59_2026-08-05.csv
2026-07-05T23:24:52Z,48,OTICE_v5_LoRA,0,23.74,51.22,0,0,0,0,ATB_48_2026-08-05.csv
2026-07-05T23:25:22Z,48,OTICE_v5_LoRA,0,23.72,51.22,0,0,0,0,ATB_48_2026-08-05.csv
2026-07-05T23:25:46Z,59,OTICE_v5_LoRA,18,23.69,57.5,0,0,0,0,ATB_59_2026-08-05.csv
2026-07-05T23:25:52Z,48,OTICE_v5_LoRA,0,23.74,51.31,0,0,0,0,ATB_48_2026-08-05.csv
2026-07-05T23:26:22Z,48,OTICE_v5_LoRA,0,23.74,51.22,0,0,0,0,ATB_48_2026-08-05.csv
2026-07-05T23:26:46Z,59,OTICE_v5_LoRA,17,23.68,57.5,0,0,0,0,ATB_59_2026-08-05.csv
2026-07-05T23:26:52Z,48,OTICE_v5_LoRA,0,23.72,51.22,0,0,0,0,ATB_48_2026-08-05.csv
2026-07-05T23:27:22Z,48,OTICE_v5_LoRA,0,23.74,51.22,0,0,0,0,ATB_48_2026-08-05.csv
2026-07-05T23:27:46Z,59,OTICE_v5_LoRA,20,23.68,57.5,0,0,0,0,ATB_59_2026-08-05.csv
2026-07-05T23:27:52Z,48,OTICE_v5_LoRA,0,23.71,51.22,0,0,0,0,ATB_48_2026-08-05.csv
2026-07-05T23:28:22Z,48,OTICE_v5_LoRA,0,23.72,51.22,0,0,0,0,ATB_48_2026-08-05.csv
2026-07-05T23:28:46Z,59,OTICE_v5_LoRA,17,23.68,57.5,0,0,0,0,ATB_59_2026-08-05.csv
2026-07-05T23:28:52Z,48,OTICE_v5_LoRA,0,23.72,51.22,0,0,0,0,ATB_48_2026-08-05.csv
2026-07-05T23:29:22Z,48,OTICE_v5_LoRA,0,23.74,51.22,0,0,0,0,ATB_48_2026-08-05.csv
2026-07-05T23:29:46Z,59,OTICE_v5_LoRA,17,23.69,57.4,0,0,0,0,ATB_59_2026-08-05.csv
2026-07-05T23:29:52Z,48,OTICE_v5_LoRA,0,23.71,51.22,0,0,0,0,ATB_48_2026-08-05.csv
2026-07-05T23:30:22Z,48,OTICE_v5_LoRA,0,23.72,51.22,0,0,0,0,ATB_48_2026-08-05.csv
2026-07-05T23:30:46Z,59,OTICE_v5_LoRA,17,23.68,57.5,0,0,0,0,ATB_59_2026-08-05.csv
2026-07-05T23:30:52Z,48,OTICE_v5_LoRA,0,23.71,51.22,0,0,0,0,ATB_48_2026-08-05.csv
2026-07-05T23:31:23Z,48,OTICE_v5_LoRA,0,23.72,51.22,0,0,0,0,ATB_48_2026-08-05.csv
2026-07-05T23:31:46Z,59,OTICE_v5_LoRA,23,23.69,57.4,0,0,0,0,ATB_59_2026-08-05.csv
2026-07-05T23:31:53Z,48,OTICE_v5_LoRA,0,23.72,51.12,0,0,0,0,ATB_48_2026-08-05.csv
2026-07-05T23:32:23Z,48,OTICE_v5_LoRA,0,23.74,51.22,0,0,0,0,ATB_48_2026-08-05.csv
2026-07-05T23:32:46Z,59,OTICE_v5_LoRA,19,23.69,57.29,0,0,0,0,ATB_59_2026-08-05.csv
2026-07-05T23:32:53Z,48,OTICE_v5_LoRA,0,23.74,51.12,0,0,0,0,ATB_48_2026-08-05.csv
2026-07-05T23:33:23Z,48,OTICE_v5_LoRA,0,23.72,51.12,0,0,0,0,ATB_48_2026-08-05.csv
2026-07-05T23:33:46Z,59,OTICE_v5_LoRA,16,23.67,57.29,0,0,0,0,ATB_59_2026-08-05.csv
2026-07-05T23:33:53Z,48,OTICE_v5_LoRA,0,23.72,51.12,0,0,0,0,ATB_48_2026-08-05.csv
2026-07-05T23:34:23Z,48,OTICE_v5_LoRA,0,23.72,51.12,0,0,0,0,ATB_48_2026-08-05.csv
2026-07-05T23:34:47Z,59,OTICE_v5_LoRA,20,23.67,57.29,0,0,0,0,ATB_59_2026-08-05.csv
2026-07-05T23:34:53Z,48,OTICE_v5_LoRA,0,23.74,51.12,0,0,0,0,ATB_48_2026-08-05.csv
2026-07-05T23:35:23Z,48,OTICE_v5_LoRA,0,23.74,51.12,0,0,0,0,ATB_48_2026-08-05.csv
2026-07-05T23:35:47Z,59,OTICE_v5_LoRA,17,23.68,57.4,0,0,0,0,ATB_59_2026-08-05.csv
2026-07-05T23:35:53Z,48,OTICE_v5_LoRA,0,23.72,51.12,0,0,0,0,ATB_48_2026-08-05.csv
2026-07-05T23:36:23Z,48,OTICE_v5_LoRA,0,23.72,51.12,0,0,0,0,ATB_48_2026-08-05.csv
2026-07-05T23:36:47Z,59,OTICE_v5_LoRA,15,23.67,57.29,0,0,0,0,ATB_59_2026-08-05.csv
2026-07-05T23:36:53Z,48,OTICE_v5_LoRA,0,23.72,51.12,0,0,0,0,ATB_48_2026-08-05.csv
2026-07-05T23:37:23Z,48,OTICE_v5_LoRA,0,23.74,51.02,0,0,0,0,ATB_48_2026-08-05.csv
2026-07-05T23:37:47Z,59,OTICE_v5_LoRA,17,23.67,57.4,0,0,0,0,ATB_59_2026-08-05.csv
2026-07-05T23:37:53Z,48,OTICE_v5_LoRA,0,23.74,51.02,0,0,0,0,ATB_48_2026-08-05.csv
2026-07-05T23:38:23Z,48,OTICE_v5_LoRA,0,23.74,51.02,0,0,0,0,ATB_48_2026-08-05.csv
2026-07-05T23:38:47Z,59,OTICE_v5_LoRA,16,23.68,57.29,0,0,0,0,ATB_59_2026-08-05.csv
2026-07-05T23:38:53Z,48,OTICE_v5_LoRA,0,23.74,51.12,0,0,0,0,ATB_48_2026-08-05.csv
2026-07-05T23:39:23Z,48,OTICE_v5_LoRA,0,23.74,51.02,0,0,0,0,ATB_48_2026-08-05.csv
2026-07-05T23:39:47Z,59,OTICE_v5_LoRA,22,23.67,57.4,0,0,0,0,ATB_59_2026-08-05.csv
2026-07-05T23:39:53Z,48,OTICE_v5_LoRA,0,23.72,51.02,0,0,0,0,ATB_48_2026-08-05.csv
2026-07-05T23:40:23Z,48,OTICE_v5_LoRA,0,23.72,51.02,0,0,0,0,ATB_48_2026-08-05.csv
2026-07-05T23:40:47Z,59,OTICE_v5_LoRA,16,23.67,57.29,0,0,0,0,ATB_59_2026-08-05.csv
2026-07-05T23:40:53Z,48,OTICE_v5_LoRA,0,23.74,51.02,0,0,0,0,ATB_48_2026-08-05.csv
2026-07-05T23:41:23Z,48,OTICE_v5_LoRA,0,23.72,51.12,0,0,0,0,ATB_48_2026-08-05.csv
2026-07-05T23:41:47Z,59,OTICE_v5_LoRA,22,23.67,57.4,0,0,0,0,ATB_59_2026-08-05.csv
2026-07-05T23:41:53Z,48,OTICE_v5_LoRA,0,23.71,51.12,0,0,0,0,ATB_48_2026-08-05.csv
2026-07-05T23:42:23Z,48,OTICE_v5_LoRA,0,23.72,51.12,0,0,0,0,ATB_48_2026-08-05.csv
2026-07-05T23:42:47Z,59,OTICE_v5_LoRA,19,23.67,57.5,0,0,0,0,ATB_59_2026-08-05.csv
2026-07-05T23:42:53Z,48,OTICE_v5_LoRA,0,23.72,51.02,0,0,0,0,ATB_48_2026-08-05.csv
2026-07-05T23:43:23Z,48,OTICE_v5_LoRA,0,23.72,51.02,0,0,0,0,ATB_48_2026-08-05.csv
2026-07-05T23:43:47Z,59,OTICE_v5_LoRA,16,23.65,57.29,0,0,0,0,ATB_59_2026-08-05.csv
2026-07-05T23:43:53Z,48,OTICE_v5_LoRA,0,23.69,51.02,0,0,0,0,ATB_48_2026-08-05.csv
2026-07-05T23:44:23Z,48,OTICE_v5_LoRA,0,23.72,51.02,0,0,0,0,ATB_48_2026-08-05.csv
2026-07-05T23:44:48Z,59,OTICE_v5_LoRA,18,23.67,57.29,0,0,0,0,ATB_59_2026-08-05.csv
2026-07-05T23:44:53Z,48,OTICE_v5_LoRA,0,23.72,51.02,0,0,0,0,ATB_48_2026-08-05.csv
2026-07-05T23:45:23Z,48,OTICE_v5_LoRA,0,23.71,51.02,0,0,0,0,ATB_48_2026-08-05.csv
2026-07-05T23:45:48Z,59,OTICE_v5_LoRA,21,23.67,57.2,0,0,0,0,ATB_59_2026-08-05.csv
2026-07-05T23:45:53Z,48,OTICE_v5_LoRA,0,23.71,50.92,0,0,0,0,ATB_48_2026-08-05.csv
2026-07-05T23:46:23Z,48,OTICE_v5_LoRA,0,23.72,51.02,0,0,0,0,ATB_48_2026-08-05.csv
2026-07-05T23:46:48Z,59,OTICE_v5_LoRA,21,23.67,57.29,0,0,0,0,ATB_59_2026-08-05.csv
2026-07-05T23:46:53Z,48,OTICE_v5_LoRA,0,23.71,51.02,0,0,0,0,ATB_48_2026-08-05.csv
2026-07-05T23:47:24Z,48,OTICE_v5_LoRA,0,23.71,51.02,0,0,0,0,ATB_48_2026-08-05.csv
2026-07-05T23:47:48Z,59,OTICE_v5_LoRA,22,23.62,57.29,0,0,0,0,ATB_59_2026-08-05.csv
2026-07-05T23:47:54Z,48,OTICE_v5_LoRA,0,23.72,50.92,0,0,0,0,ATB_48_2026-08-05.csv
2026-07-05T23:48:24Z,48,OTICE_v5_LoRA,0,23.71,50.92,0,0,0,0,ATB_48_2026-08-05.csv
2026-07-05T23:48:48Z,59,OTICE_v5_LoRA,20,23.59,57.4,0,0,0,0,ATB_59_2026-08-05.csv
2026-07-05T23:48:54Z,48,OTICE_v5_LoRA,0,23.69,50.92,0,0,0,0,ATB_48_2026-08-05.csv
2026-07-05T23:49:24Z,48,OTICE_v5_LoRA,0,23.69,50.92,0,0,0,0,ATB_48_2026-08-05.csv
2026-07-05T23:49:48Z,59,OTICE_v5_LoRA,21,23.57,57.5,0,0,0,0,ATB_59_2026-08-05.csv
2026-07-05T23:49:54Z,48,OTICE_v5_LoRA,0,23.68,50.92,0,0,0,0,ATB_48_2026-08-05.csv
2026-07-05T23:50:24Z,48,OTICE_v5_LoRA,0,23.69,50.92,0,0,0,0,ATB_48_2026-08-05.csv
2026-07-05T23:50:48Z,59,OTICE_v5_LoRA,23,23.56,57.5,0,0,0,0,ATB_59_2026-08-05.csv
2026-07-05T23:50:54Z,48,OTICE_v5_LoRA,0,23.68,50.92,0,0,0,0,ATB_48_2026-08-05.csv
2026-07-05T23:51:24Z,48,OTICE_v5_LoRA,0,23.65,50.92,0,0,0,0,ATB_48_2026-08-05.csv
2026-07-05T23:51:48Z,59,OTICE_v5_LoRA,16,23.53,57.62,0,0,0,0,ATB_59_2026-08-05.csv
2026-07-05T23:51:54Z,48,OTICE_v5_LoRA,0,23.67,50.92,0,0,0,0,ATB_48_2026-08-05.csv
2026-07-05T23:52:24Z,48,OTICE_v5_LoRA,0,23.64,50.92,0,0,0,0,ATB_48_2026-08-05.csv
2026-07-05T23:52:48Z,59,OTICE_v5_LoRA,22,23.52,57.52,0,0,0,0,ATB_59_2026-08-05.csv
2026-07-05T23:52:54Z,48,OTICE_v5_LoRA,0,23.65,50.92,0,0,0,0,ATB_48_2026-08-05.csv
2026-07-05T23:53:24Z,48,OTICE_v5_LoRA,0,23.65,50.92,0,0,0,0,ATB_48_2026-08-05.csv
2026-07-05T23:53:48Z,59,OTICE_v5_LoRA,24,23.5,57.52,0,0,0,0,ATB_59_2026-08-05.csv
2026-07-05T23:53:54Z,48,OTICE_v5_LoRA,0,23.65,50.92,0,0,0,0,ATB_48_2026-08-05.csv
2026-07-05T23:54:24Z,48,OTICE_v5_LoRA,0,23.62,50.92,0,0,0,0,ATB_48_2026-08-05.csv
2026-07-05T23:54:49Z,59,OTICE_v5_LoRA,18,23.52,57.52,0,0,0,0,ATB_59_2026-08-05.csv
2026-07-05T23:54:54Z,48,OTICE_v5_LoRA,0,23.62,50.92,0,0,0,0,ATB_48_2026-08-05.csv
2026-07-05T23:55:25Z,48,OTICE_v5_LoRA,0,23.62,51.02,0,0,0,0,ATB_48_2026-08-05.csv
2026-07-05T23:55:49Z,59,OTICE_v5_LoRA,20,23.5,57.52,0,0,0,0,ATB_59_2026-08-05.csv
2026-07-05T23:55:54Z,48,OTICE_v5_LoRA,0,23.6,50.92,0,0,0,0,ATB_48_2026-08-05.csv
2026-07-05T23:56:24Z,48,OTICE_v5_LoRA,0,23.62,51.02,0,0,0,0,ATB_48_2026-08-05.csv
2026-07-05T23:56:49Z,59,OTICE_v5_LoRA,22,23.54,57.4,0,0,0,0,ATB_59_2026-08-05.csv
2026-07-05T23:57:24Z,48,OTICE_v5_LoRA,0,23.62,50.92,0,0,0,0,ATB_48_2026-08-05.csv
2026-07-05T23:57:49Z,59,OTICE_v5_LoRA,19,23.53,57.42,0,0,0,0,ATB_59_2026-08-05.csv
2026-07-05T23:57:54Z,48,OTICE_v5_LoRA,0,23.6,50.92,0,0,0,0,ATB_48_2026-08-05.csv
2026-07-05T23:58:24Z,48,OTICE_v5_LoRA,0,23.59,51.02,0,0,0,0,ATB_48_2026-08-05.csv
2026-07-05T23:58:49Z,59,OTICE_v5_LoRA,22,23.52,57.42,0,0,0,0,ATB_59_2026-08-05.csv
2026-07-05T23:58:54Z,48,OTICE_v5_LoRA,0,23.57,50.92,0,0,0,0,ATB_48_2026-08-05.csv
2026-07-05T23:59:24Z,48,OTICE_v5_LoRA,0,23.59,50.92,0,0,0,0,ATB_48_2026-08-05.csv
2026-07-05T23:59:49Z,59,OTICE_v5_LoRA,24,23.5,57.42,0,0,0,0,ATB_59_2026-08-05.csv
2026-07-05T23:59:54Z,48,OTICE_v5_LoRA,0,23.57,50.92,0,0,0,0,ATB_48_2026-08-05.csv
2026-07-06T00:00:27Z,48,OTICE_v5_LoRA,0,23.57,50.92,0,0,0,0,ATB_48_2026-08-05.csv
2026-07-06T00:00:49Z,59,OTICE_v5_LoRA,24,23.49,57.42,0,0,0,0,ATB_59_2026-08-05.csv
2026-07-06T00:00:54Z,48,OTICE_v5_LoRA,0,23.57,50.92,0,0,0,0,ATB_48_2026-08-05.csv
2026-07-06T00:01:24Z,48,OTICE_v5_LoRA,0,23.59,50.92,0,0,0,0,ATB_48_2026-08-05.csv
2026-07-06T00:01:49Z,59,OTICE_v5_LoRA,22,23.5,57.42,0,0,0,0,ATB_59_2026-08-05.csv
2026-07-06T00:01:54Z,48,OTICE_v5_LoRA,0,23.57,50.92,0,0,0,0,ATB_48_2026-08-05.csv
2026-07-06T00:02:24Z,48,OTICE_v5_LoRA,0,23.59,50.92,0,0,0,0,ATB_48_2026-08-05.csv
2026-07-06T00:02:49Z,59,OTICE_v5_LoRA,22,23.46,57.52,0,0,0,0,ATB_59_2026-08-05.csv
2026-07-06T00:02:54Z,48,OTICE_v5_LoRA,0,23.59,50.92,0,0,0,0,ATB_48_2026-08-05.csv
2026-07-06T00:03:24Z,48,OTICE_v5_LoRA,0,23.56,50.92,0,0,0,0,ATB_48_2026-08-05.csv
2026-07-06T00:03:49Z,59,OTICE_v5_LoRA,21,23.5,57.42,0,0,0,0,ATB_59_2026-08-05.csv
2026-07-06T00:03:54Z,48,OTICE_v5_LoRA,0,23.56,50.92,0,0,0,0,ATB_48_2026-08-05.csv
2026-07-06T00:04:24Z,48,OTICE_v5_LoRA,0,23.56,50.92,0,0,0,0,ATB_48_2026-08-05.csv
2026-07-06T00:04:49Z,59,OTICE_v5_LoRA,21,23.5,57.33,0,0,0,0,ATB_59_2026-08-05.csv
2026-07-06T00:04:54Z,48,OTICE_v5_LoRA,0,23.53,50.94,0,0,0,0,ATB_48_2026-08-05.csv
2026-07-06T00:05:24Z,48,OTICE_v5_LoRA,0,23.54,50.92,0,0,0,0,ATB_48_2026-08-05.csv
2026-07-06T00:05:50Z,59,OTICE_v5_LoRA,20,23.49,57.42,0,0,0,0,ATB_59_2026-08-05.csv
2026-07-06T00:05:54Z,48,OTICE_v5_LoRA,0,23.54,50.92,0,0,0,0,ATB_48_2026-08-05.csv
2026-07-06T00:06:24Z,48,OTICE_v5_LoRA,0,23.53,50.94,0,0,0,0,ATB_48_2026-08-05.csv
2026-07-06T00:06:50Z,59,OTICE_v5_LoRA,22,23.47,57.42,0,0,0,0,ATB_59_2026-08-05.csv
2026-07-06T00:06:54Z,48,OTICE_v5_LoRA,0,23.54,50.92,0,0,0,0,ATB_48_2026-08-05.csv
2026-07-06T00:07:24Z,48,OTICE_v5_LoRA,0,23.53,50.94,0,0,0,0,ATB_48_2026-08-05.csv
2026-07-06T00:07:50Z,59,OTICE_v5_LoRA,27,23.45,57.52,0,0,0,0,ATB_59_2026-08-05.csv
2026-07-06T00:07:55Z,48,OTICE_v5_LoRA,0,23.53,50.94,0,0,0,0,ATB_48_2026-08-05.csv
2026-07-06T00:08:25Z,48,OTICE_v5_LoRA,0,23.53,50.94,0,0,0,0,ATB_48_2026-08-05.csv
2026-07-06T00:08:50Z,59,OTICE_v5_LoRA,21,23.45,57.52,0,0,0,0,ATB_59_2026-08-05.csv
2026-07-06T00:08:55Z,48,OTICE_v5_LoRA,0,23.53,50.94,0,0,0,0,ATB_48_2026-08-05.csv
2026-07-06T00:09:25Z,48,OTICE_v5_LoRA,0,23.53,50.94,0,0,0,0,ATB_48_2026-08-05.csv
2026-07-06T00:09:50Z,59,OTICE_v5_LoRA,23,23.46,57.42,0,0,0,0,ATB_59_2026-08-05.csv
2026-07-06T00:09:55Z,48,OTICE_v5_LoRA,0,23.52,50.94,0,0,0,0,ATB_48_2026-08-05.csv
2026-07-06T00:10:25Z,48,OTICE_v5_LoRA,0,23.5,50.94,0,0,0,0,ATB_48_2026-08-05.csv
2026-07-06T00:10:50Z,59,OTICE_v5_LoRA,25,23.47,57.42,0,0,0,0,ATB_59_2026-08-05.csv
2026-07-06T00:10:55Z,48,OTICE_v5_LoRA,0,23.5,50.94,0,0,0,0,ATB_48_2026-08-05.csv
2026-07-06T00:11:25Z,48,OTICE_v5_LoRA,0,23.5,50.94,0,0,0,0,ATB_48_2026-08-05.csv
2026-07-06T00:11:50Z,59,OTICE_v5_LoRA,25,23.49,57.33,0,0,0,0,ATB_59_2026-08-05.csv
2026-07-06T00:11:55Z,48,OTICE_v5_LoRA,0,23.53,50.94,0,0,0,0,ATB_48_2026-08-05.csv
2026-07-06T00:12:25Z,48,OTICE_v5_LoRA,0,23.54,50.62,0,0,0,0,ATB_48_2026-08-05.csv
2026-07-06T00:12:50Z,59,OTICE_v5_LoRA,23,23.47,57.33,0,0,0,0,ATB_59_2026-08-05.csv
2026-07-06T00:12:55Z,48,OTICE_v5_LoRA,0,23.56,50.62,0,0,0,0,ATB_48_2026-08-05.csv
2026-07-06T00:13:25Z,48,OTICE_v5_LoRA,0,23.54,50.62,0,0,0,0,ATB_48_2026-08-05.csv
2026-07-06T00:13:50Z,59,OTICE_v5_LoRA,20,23.47,57.33,0,0,0,0,ATB_59_2026-08-05.csv
2026-07-06T00:13:55Z,48,OTICE_v5_LoRA,0,23.56,50.72,0,0,0,0,ATB_48_2026-08-05.csv
2026-07-06T00:14:25Z,48,OTICE_v5_LoRA,0,23.54,50.72,0,0,0,0,ATB_48_2026-08-05.csv
2026-07-06T00:14:51Z,59,OTICE_v5_LoRA,17,23.47,57.22,0,0,0,0,ATB_59_2026-08-05.csv
2026-07-06T00:14:55Z,48,OTICE_v5_LoRA,0,23.54,50.72,0,0,0,0,ATB_48_2026-08-05.csv
2026-07-06T00:15:25Z,48,OTICE_v5_LoRA,0,23.54,50.62,0,0,0,0,ATB_48_2026-08-05.csv
2026-07-06T00:15:51Z,59,OTICE_v5_LoRA,22,23.47,57.22,0,0,0,0,ATB_59_2026-08-05.csv
2026-07-06T00:15:55Z,48,OTICE_v5_LoRA,0,23.57,50.72,0,0,0,0,ATB_48_2026-08-05.csv
2026-07-06T00:16:25Z,48,OTICE_v5_LoRA,0,23.59,50.72,0,0,0,0,ATB_48_2026-08-05.csv
2026-07-06T00:16:51Z,59,OTICE_v5_LoRA,20,23.47,57.22,0,0,0,0,ATB_59_2026-08-05.csv
2026-07-06T00:16:55Z,48,OTICE_v5_LoRA,0,23.59,50.62,0,0,0,0,ATB_48_2026-08-05.csv
2026-07-06T00:17:25Z,48,OTICE_v5_LoRA,0,23.59,50.62,0,0,0,0,ATB_48_2026-08-05.csv
2026-07-06T00:17:55Z,48,OTICE_v5_LoRA,0,23.59,50.62,0,0,0,0,ATB_48_2026-08-05.csv
2026-07-06T00:18:25Z,48,OTICE_v5_LoRA,0,23.59,50.62,0,0,0,0,ATB_48_2026-08-05.csv
2026-07-06T00:18:49Z,59,OTICE_v5_LoRA,23,23.47,57.22,0,0,0,0,ATB_59_2026-08-05.csv
2026-07-06T00:18:55Z,48,OTICE_v5_LoRA,0,23.57,50.72,0,0,0,0,ATB_48_2026-08-05.csv
2026-07-06T00:19:25Z,48,OTICE_v5_LoRA,0,23.59,50.62,0,0,0,0,ATB_48_2026-08-05.csv
2026-07-06T00:19:49Z,59,OTICE_v5_LoRA,20,23.46,57.12,0,0,0,0,ATB_59_2026-08-05.csv
2026-07-06T00:19:55Z,48,OTICE_v5_LoRA,0,23.59,50.62,0,0,0,0,ATB_48_2026-08-05.csv
2026-07-06T00:20:25Z,48,OTICE_v5_LoRA,0,23.59,50.62,0,0,0,0,ATB_48_2026-08-05.csv
2026-07-06T00:20:49Z,59,OTICE_v5_LoRA,21,23.47,57.12,0,0,0,0,ATB_59_2026-08-05.csv
2026-07-06T00:20:55Z,48,OTICE_v5_LoRA,0,23.57,50.62,0,0,0,0,ATB_48_2026-08-05.csv
2026-07-06T00:21:25Z,48,OTICE_v5_LoRA,0,23.57,50.52,0,0,0,0,ATB_48_2026-08-05.csv
2026-07-06T00:21:49Z,59,OTICE_v5_LoRA,21,23.49,57.12,0,0,0,0,ATB_59_2026-08-05.csv
2026-07-06T00:21:55Z,48,OTICE_v5_LoRA,0,23.54,50.52,0,0,0,0,ATB_48_2026-08-05.csv
2026-07-06T00:22:26Z,48,OTICE_v5_LoRA,0,23.56,50.62,0,0,0,0,ATB_48_2026-08-05.csv
2026-07-06T00:22:49Z,59,OTICE_v5_LoRA,14,23.5,57.12,0,0,0,0,ATB_59_2026-08-05.csv
2026-07-06T00:22:56Z,48,OTICE_v5_LoRA,0,23.57,50.62,0,0,0,0,ATB_48_2026-08-05.csv
2026-07-06T00:23:26Z,48,OTICE_v5_LoRA,0,23.57,50.62,0,0,0,0,ATB_48_2026-08-05.csv
2026-07-06T00:23:49Z,59,OTICE_v5_LoRA,19,23.5,56.82,0,0,0,0,ATB_59_2026-08-05.csv
2026-07-06T00:23:56Z,48,OTICE_v5_LoRA,0,23.59,50.62,0,0,0,0,ATB_48_2026-08-05.csv
2026-07-06T00:24:26Z,48,OTICE_v5_LoRA,0,23.56,50.52,0,0,0,0,ATB_48_2026-08-05.csv
2026-07-06T00:24:49Z,59,OTICE_v5_LoRA,21,23.49,57.03,0,0,0,0,ATB_59_2026-08-05.csv
2026-07-06T00:24:56Z,48,OTICE_v5_LoRA,0,23.56,50.62,0,0,0,0,ATB_48_2026-08-05.csv
2026-07-06T00:25:26Z,48,OTICE_v5_LoRA,0,23.56,50.72,0,0,0,0,ATB_48_2026-08-05.csv
2026-07-06T00:25:49Z,59,OTICE_v5_LoRA,18,23.49,57.03,0,0,0,0,ATB_59_2026-08-05.csv
2026-07-06T00:25:56Z,48,OTICE_v5_LoRA,0,23.57,50.72,0,0,0,0,ATB_48_2026-08-05.csv
2026-07-06T00:26:26Z,48,OTICE_v5_LoRA,0,23.56,50.72,0,0,0,0,ATB_48_2026-08-05.csv
2026-07-06T00:26:49Z,59,OTICE_v5_LoRA,20,23.49,57.03,0,0,0,0,ATB_59_2026-08-05.csv
2026-07-06T00:26:56Z,48,OTICE_v5_LoRA,0,23.59,50.62,0,0,0,0,ATB_48_2026-08-05.csv
2026-07-06T00:27:26Z,48,OTICE_v5_LoRA,0,23.56,50.62,0,0,0,0,ATB_48_2026-08-05.csv
2026-07-06T00:27:49Z,59,OTICE_v5_LoRA,23,23.5,57.03,0,0,0,0,ATB_59_2026-08-05.csv
2026-07-06T00:27:56Z,48,OTICE_v5_LoRA,0,23.57,50.62,0,0,0,0,ATB_48_2026-08-05.csv
2026-07-06T00:28:26Z,48,OTICE_v5_LoRA,0,23.56,50.62,0,0,0,0,ATB_48_2026-08-05.csv
2026-07-06T00:28:50Z,59,OTICE_v5_LoRA,19,23.5,57.03,0,0,0,0,ATB_59_2026-08-05.csv
2026-07-06T00:28:56Z,48,OTICE_v5_LoRA,0,23.56,50.52,0,0,0,0,ATB_48_2026-08-05.csv
2026-07-06T00:29:26Z,48,OTICE_v5_LoRA,0,23.57,50.52,0,0,0,0,ATB_48_2026-08-05.csv
2026-07-06T00:29:50Z,59,OTICE_v5_LoRA,25,23.5,57.03,0,0,0,0,ATB_59_2026-08-05.csv
2026-07-06T00:29:56Z,48,OTICE_v5_LoRA,0,23.57,50.52,0,0,0,0,ATB_48_2026-08-05.csv
2026-07-06T00:30:26Z,48,OTICE_v5_LoRA,0,23.57,50.62,0,0,0,0,ATB_48_2026-08-05.csv
2026-07-06T00:30:50Z,59,OTICE_v5_LoRA,26,23.49,57.03,0,0,0,0,ATB_59_2026-08-05.csv
2026-07-06T00:30:56Z,48,OTICE_v5_LoRA,0,23.57,50.62,0,0,0,0,ATB_48_2026-08-05.csv
2026-07-06T00:31:26Z,48,OTICE_v5_LoRA,0,23.56,50.52,0,0,0,0,ATB_48_2026-08-05.csv
2026-07-06T00:31:50Z,59,OTICE_v5_LoRA,22,23.52,57.03,0,0,0,0,ATB_59_2026-08-05.csv
2026-07-06T00:31:56Z,48,OTICE_v5_LoRA,0,23.57,50.52,0,0,0,0,ATB_48_2026-08-05.csv
2026-07-06T00:32:26Z,48,OTICE_v5_LoRA,0,23.57,50.62,0,0,0,0,ATB_48_2026-08-05.csv
2026-07-06T00:32:50Z,59,OTICE_v5_LoRA,21,23.5,57.03,0,0,0,0,ATB_59_2026-08-05.csv
2026-07-06T00:32:56Z,48,OTICE_v5_LoRA,0,23.57,50.62,0,0,0,0,ATB_48_2026-08-05.csv
2026-07-06T00:33:26Z,48,OTICE_v5_LoRA,0,23.56,50.62,0,0,0,0,ATB_48_2026-08-05.csv
2026-07-06T00:33:50Z,59,OTICE_v5_LoRA,22,23.52,56.92,0,0,0,0,ATB_59_2026-08-05.csv
2026-07-06T00:33:56Z,48,OTICE_v5_LoRA,0,23.56,50.62,0,0,0,0,ATB_48_2026-08-05.csv
2026-07-06T00:34:26Z,48,OTICE_v5_LoRA,0,23.57,50.52,0,0,0,0,ATB_48_2026-08-05.csv
2026-07-06T00:34:50Z,59,OTICE_v5_LoRA,18,23.49,56.82,0,0,0,0,ATB_59_2026-08-05.csv
2026-07-06T00:34:56Z,48,OTICE_v5_LoRA,0,23.57,50.62,0,0,0,0,ATB_48_2026-08-05.csv
2026-07-06T00:35:26Z,48,OTICE_v5_LoRA,0,23.59,50.62,0,0,0,0,ATB_48_2026-08-05.csv
2026-07-06T00:35:50Z,59,OTICE_v5_LoRA,21,23.5,56.82,0,0,0,0,ATB_59_2026-08-05.csv
2026-07-06T00:35:56Z,48,OTICE_v5_LoRA,0,23.57,50.52,0,0,0,0,ATB_48_2026-08-05.csv
2026-07-06T00:36:26Z,48,OTICE_v5_LoRA,0,23.59,50.42,0,0,0,0,ATB_48_2026-08-05.csv
2026-07-06T00:36:51Z,59,OTICE_v5_LoRA,25,23.45,57.12,0,0,0,0,ATB_59_2026-08-05.csv
2026-07-06T00:36:56Z,48,OTICE_v5_LoRA,0,23.57,50.42,0,0,0,0,ATB_48_2026-08-05.csv
2026-07-06T00:37:26Z,48,OTICE_v5_LoRA,0,23.54,50.42,0,0,0,0,ATB_48_2026-08-05.csv
2026-07-06T00:37:50Z,59,OTICE_v5_LoRA,24,23.41,57.33,0,0,0,0,ATB_59_2026-08-05.csv
2026-07-06T00:37:57Z,48,OTICE_v5_LoRA,0,23.57,50.52,0,0,0,0,ATB_48_2026-08-05.csv
2026-07-06T00:38:27Z,48,OTICE_v5_LoRA,0,23.57,50.52,0,0,0,0,ATB_48_2026-08-05.csv
2026-07-06T00:38:52Z,59,OTICE_v5_LoRA,20,23.38,57.33,0,0,0,0,ATB_59_2026-08-05.csv
2026-07-06T00:38:57Z,48,OTICE_v5_LoRA,0,23.56,50.52,0,0,0,0,ATB_48_2026-08-05.csv
2026-07-06T00:39:27Z,48,OTICE_v5_LoRA,0,23.56,50.62,0,0,0,0,ATB_48_2026-08-05.csv
2026-07-06T00:39:53Z,59,OTICE_v5_LoRA,21,23.39,57.22,0,0,0,0,ATB_59_2026-08-05.csv
2026-07-06T00:39:57Z,48,OTICE_v5_LoRA,0,23.54,50.52,0,0,0,0,ATB_48_2026-08-05.csv
2026-07-06T00:40:27Z,48,OTICE_v5_LoRA,0,23.53,50.54,0,0,0,0,ATB_48_2026-08-05.csv
2026-07-06T00:40:51Z,59,OTICE_v5_LoRA,23,23.38,57.33,0,0,0,0,ATB_59_2026-08-05.csv
2026-07-06T00:40:57Z,48,OTICE_v5_LoRA,0,23.53,50.54,0,0,0,0,ATB_48_2026-08-05.csv
2026-07-06T00:41:27Z,48,OTICE_v5_LoRA,0,23.5,50.54,0,0,0,0,ATB_48_2026-08-05.csv
2026-07-06T00:41:51Z,59,OTICE_v5_LoRA,24,23.37,57.33,0,0,0,0,ATB_59_2026-08-05.csv
2026-07-06T00:41:57Z,48,OTICE_v5_LoRA,0,23.49,50.64,0,0,0,0,ATB_48_2026-08-05.csv
2026-07-06T00:42:27Z,48,OTICE_v5_LoRA,0,23.5,50.64,0,0,0,0,ATB_48_2026-08-05.csv
2026-07-06T00:42:51Z,59,OTICE_v5_LoRA,19,23.38,57.33,0,0,0,0,ATB_59_2026-08-05.csv
2026-07-06T00:42:57Z,48,OTICE_v5_LoRA,0,23.49,50.64,0,0,0,0,ATB_48_2026-08-05.csv
2026-07-06T00:43:27Z,48,OTICE_v5_LoRA,0,23.49,50.64,0,0,0,0,ATB_48_2026-08-05.csv
2026-07-06T00:43:51Z,59,OTICE_v5_LoRA,25,23.39,57.22,0,0,0,0,ATB_59_2026-08-05.csv
2026-07-06T00:43:57Z,48,OTICE_v5_LoRA,0,23.49,50.64,0,0,0,0,ATB_48_2026-08-05.csv
2026-07-06T00:44:27Z,48,OTICE_v5_LoRA,0,23.47,50.64,0,0,0,0,ATB_48_2026-08-05.csv
2026-07-06T00:44:51Z,59,OTICE_v5_LoRA,26,23.37,57.33,0,0,0,0,ATB_59_2026-08-05.csv
2026-07-06T00:44:57Z,48,OTICE_v5_LoRA,0,23.47,50.64,0,0,0,0,ATB_48_2026-08-05.csv
2026-07-06T00:45:27Z,48,OTICE_v5_LoRA,0,23.49,50.64,0,0,0,0,ATB_48_2026-08-05.csv
2026-07-06T00:45:51Z,59,OTICE_v5_LoRA,24,23.37,57.33,0,0,0,0,ATB_59_2026-08-05.csv
2026-07-06T00:45:57Z,48,OTICE_v5_LoRA,0,23.46,50.64,0,0,0,0,ATB_48_2026-08-05.csv
2026-07-06T00:46:27Z,48,OTICE_v5_LoRA,0,23.47,50.64,0,0,0,0,ATB_48_2026-08-05.csv
2026-07-06T00:46:51Z,59,OTICE_v5_LoRA,22,23.35,57.22,0,0,0,0,ATB_59_2026-08-05.csv
2026-07-06T00:46:57Z,48,OTICE_v5_LoRA,0,23.47,50.64,0,0,0,0,ATB_48_2026-08-05.csv
2026-07-06T00:47:27Z,48,OTICE_v5_LoRA,0,23.46,50.64,0,0,0,0,ATB_48_2026-08-05.csv
2026-07-06T00:47:51Z,59,OTICE_v5_LoRA,23,23.32,57.33,0,0,0,0,ATB_59_2026-08-05.csv
2026-07-06T00:47:57Z,48,OTICE_v5_LoRA,0,23.46,50.64,0,0,0,0,ATB_48_2026-08-05.csv
2026-07-06T00:48:27Z,48,OTICE_v5_LoRA,0,23.42,50.64,0,0,0,0,ATB_48_2026-08-05.csv
2026-07-06T00:48:51Z,59,OTICE_v5_LoRA,27,23.32,57.33,0,0,0,0,ATB_59_2026-08-05.csv
2026-07-06T00:48:57Z,48,OTICE_v5_LoRA,0,23.45,50.64,0,0,0,0,ATB_48_2026-08-05.csv
2026-07-06T00:49:27Z,48,OTICE_v5_LoRA,0,23.46,50.64,0,0,0,0,ATB_48_2026-08-05.csv
2026-07-06T00:49:51Z,59,OTICE_v5_LoRA,21,23.32,57.22,0,0,0,0,ATB_59_2026-08-05.csv
2026-07-06T00:49:57Z,48,OTICE_v5_LoRA,0,23.45,50.64,0,0,0,0,ATB_48_2026-08-05.csv
2026-07-06T00:50:27Z,48,OTICE_v5_LoRA,0,23.45,50.64,0,0,0,0,ATB_48_2026-08-05.csv
2026-07-06T00:50:51Z,59,OTICE_v5_LoRA,22,23.32,57.22,0,0,0,0,ATB_59_2026-08-05.csv
2026-07-06T00:50:57Z,48,OTICE_v5_LoRA,0,23.45,50.64,0,0,0,0,ATB_48_2026-08-05.csv
2026-07-06T00:51:27Z,48,OTICE_v5_LoRA,0,23.42,50.64,0,0,0,0,ATB_48_2026-08-05.csv
2026-07-06T00:51:51Z,59,OTICE_v5_LoRA,21,23.34,57.12,0,0,0,0,ATB_59_2026-08-05.csv
2026-07-06T00:51:57Z,48,OTICE_v5_LoRA,0,23.42,50.64,0,0,0,0,ATB_48_2026-08-05.csv
2026-07-06T00:52:27Z,48,OTICE_v5_LoRA,0,23.45,50.64,0,0,0,0,ATB_48_2026-08-05.csv
2026-07-06T00:52:51Z,59,OTICE_v5_LoRA,21,23.34,57.12,0,0,0,0,ATB_59_2026-08-05.csv
2026-07-06T00:52:57Z,48,OTICE_v5_LoRA,0,23.45,50.64,0,0,0,0,ATB_48_2026-08-05.csv
2026-07-06T00:53:27Z,48,OTICE_v5_LoRA,0,23.42,50.64,0,0,0,0,ATB_48_2026-08-05.csv
2026-07-06T00:53:51Z,59,OTICE_v5_LoRA,25,23.32,57.12,0,0,0,0,ATB_59_2026-08-05.csv
2026-07-06T00:53:57Z,48,OTICE_v5_LoRA,0,23.42,50.64,0,0,0,0,ATB_48_2026-08-05.csv
2026-07-06T00:54:27Z,48,OTICE_v5_LoRA,0,23.42,50.54,0,0,0,0,ATB_48_2026-08-05.csv
2026-07-06T00:54:51Z,59,OTICE_v5_LoRA,24,23.34,57.12,0,0,0,0,ATB_59_2026-08-05.csv
2026-07-06T00:54:57Z,48,OTICE_v5_LoRA,0,23.41,50.64,0,0,0,0,ATB_48_2026-08-05.csv
2026-07-06T00:55:27Z,48,OTICE_v5_LoRA,0,23.41,50.64,0,0,0,0,ATB_48_2026-08-05.csv
2026-07-06T00:55:51Z,59,OTICE_v5_LoRA,27,23.35,57.12,0,0,0,0,ATB_59_2026-08-05.csv
2026-07-06T00:55:57Z,48,OTICE_v5_LoRA,0,23.42,50.54,0,0,0,0,ATB_48_2026-08-05.csv
2026-07-06T00:56:28Z,48,OTICE_v5_LoRA,0,23.45,50.54,0,0,0,0,ATB_48_2026-08-05.csv
2026-07-06T00:56:51Z,59,OTICE_v5_LoRA,18,23.37,56.92,0,0,0,0,ATB_59_2026-08-05.csv
2026-07-06T00:57:27Z,48,OTICE_v5_LoRA,0,23.46,50.54,0,0,0,0,ATB_48_2026-08-05.csv
2026-07-06T00:57:52Z,59,OTICE_v5_LoRA,24,23.35,56.92,0,0,0,0,ATB_59_2026-08-05.csv
2026-07-06T00:57:57Z,48,OTICE_v5_LoRA,0,23.46,50.44,0,0,0,0,ATB_48_2026-08-05.csv
2026-07-06T00:58:27Z,48,OTICE_v5_LoRA,0,23.46,50.34,0,0,0,0,ATB_48_2026-08-05.csv
2026-07-06T00:58:51Z,59,OTICE_v5_LoRA,21,23.35,56.92,0,0,0,0,ATB_59_2026-08-05.csv
2026-07-06T00:58:58Z,48,OTICE_v5_LoRA,0,23.46,50.34,0,0,0,0,ATB_48_2026-08-05.csv
2026-07-06T00:59:28Z,48,OTICE_v5_LoRA,0,23.45,50.34,0,0,0,0,ATB_48_2026-08-05.csv
2026-07-06T00:59:52Z,59,OTICE_v5_LoRA,19,23.35,56.82,0,0,0,0,ATB_59_2026-08-05.csv
2026-07-06T00:59:58Z,48,OTICE_v5_LoRA,0,23.47,50.44,0,0,0,0,ATB_48_2026-08-05.csv
2026-07-06T01:00:28Z,48,OTICE_v5_LoRA,0,23.46,50.44,0,0,0,0,ATB_48_2026-08-05.csv
2026-07-06T01:00:52Z,59,OTICE_v5_LoRA,21,23.35,56.73,0,0,0,0,ATB_59_2026-08-05.csv
2026-07-06T01:00:58Z,48,OTICE_v5_LoRA,0,23.49,50.44,0,0,0,0,ATB_48_2026-08-05.csv
2026-07-06T01:01:28Z,48,OTICE_v5_LoRA,0,23.49,50.34,0,0,0,0,ATB_48_2026-08-05.csv
2026-07-06T01:01:52Z,59,OTICE_v5_LoRA,21,23.37,56.82,0,0,0,0,ATB_59_2026-08-05.csv
2026-07-06T01:01:58Z,48,OTICE_v5_LoRA,0,23.49,50.34,0,0,0,0,ATB_48_2026-08-05.csv
2026-07-06T01:02:28Z,48,OTICE_v5_LoRA,0,23.5,50.34,0,0,0,0,ATB_48_2026-08-05.csv
2026-07-06T01:02:52Z,59,OTICE_v5_LoRA,22,23.38,56.82,0,0,0,0,ATB_59_2026-08-05.csv
2026-07-06T01:02:58Z,48,OTICE_v5_LoRA,0,23.5,50.34,0,0,0,0,ATB_48_2026-08-05.csv
2026-07-06T01:03:28Z,48,OTICE_v5_LoRA,0,23.5,50.34,0,0,0,0,ATB_48_2026-08-05.csv
2026-07-06T01:03:52Z,59,OTICE_v5_LoRA,27,23.38,56.82,0,0,0,0,ATB_59_2026-08-05.csv
2026-07-06T01:03:58Z,48,OTICE_v5_LoRA,0,23.5,50.34,0,0,0,0,ATB_48_2026-08-05.csv
2026-07-06T01:04:28Z,48,OTICE_v5_LoRA,0,23.49,50.34,0,0,0,0,ATB_48_2026-08-05.csv
2026-07-06T01:04:52Z,59,OTICE_v5_LoRA,23,23.37,56.82,0,0,0,0,ATB_59_2026-08-05.csv
2026-07-06T01:04:58Z,48,OTICE_v5_LoRA,0,23.5,50.44,0,0,0,0,ATB_48_2026-08-05.csv
2026-07-06T01:05:28Z,48,OTICE_v5_LoRA,0,23.49,50.34,0,0,0,0,ATB_48_2026-08-05.csv
2026-07-06T01:05:52Z,59,OTICE_v5_LoRA,20,23.38,56.73,0,0,0,0,ATB_59_2026-08-05.csv
2026-07-06T01:05:58Z,48,OTICE_v5_LoRA,0,23.49,50.34,0,0,0,0,ATB_48_2026-08-05.csv
2026-07-06T01:06:28Z,48,OTICE_v5_LoRA,0,23.49,50.34,0,0,0,0,ATB_48_2026-08-05.csv
2026-07-06T01:06:52Z,59,OTICE_v5_LoRA,22,23.38,56.73,0,0,0,0,ATB_59_2026-08-05.csv
2026-07-06T01:06:58Z,48,OTICE_v5_LoRA,0,23.5,50.34,0,0,0,0,ATB_48_2026-08-05.csv
2026-07-06T01:07:28Z,48,OTICE_v5_LoRA,0,23.49,50.25,0,0,0,0,ATB_48_2026-08-05.csv
2026-07-06T01:07:52Z,59,OTICE_v5_LoRA,23,23.37,56.73,0,0,0,0,ATB_59_2026-08-05.csv
2026-07-06T01:07:58Z,48,OTICE_v5_LoRA,0,23.49,50.25,0,0,0,0,ATB_48_2026-08-05.csv
2026-07-06T01:08:28Z,48,OTICE_v5_LoRA,0,23.46,50.25,0,0,0,0,ATB_48_2026-08-05.csv
2026-07-06T01:08:52Z,59,OTICE_v5_LoRA,21,23.39,56.73,0,0,0,0,ATB_59_2026-08-05.csv
2026-07-06T01:08:58Z,48,OTICE_v5_LoRA,0,23.49,50.34,0,0,0,0,ATB_48_2026-08-05.csv
2026-07-06T01:09:28Z,48,OTICE_v5_LoRA,0,23.49,50.34,0,0,0,0,ATB_48_2026-08-05.csv
2026-07-06T01:09:52Z,59,OTICE_v5_LoRA,21,23.41,56.62,0,0,0,0,ATB_59_2026-08-05.csv
2026-07-06T01:09:58Z,48,OTICE_v5_LoRA,0,23.49,50.34,0,0,0,0,ATB_48_2026-08-05.csv
2026-07-06T01:10:28Z,48,OTICE_v5_LoRA,0,23.49,50.25,0,0,0,0,ATB_48_2026-08-05.csv
2026-07-06T01:10:52Z,59,OTICE_v5_LoRA,22,23.39,56.62,0,0,0,0,ATB_59_2026-08-05.csv
2026-07-06T01:10:58Z,48,OTICE_v5_LoRA,0,23.49,50.25,0,0,0,0,ATB_48_2026-08-05.csv
2026-07-06T01:11:28Z,48,OTICE_v5_LoRA,0,23.47,50.34,0,0,0,0,ATB_48_2026-08-05.csv
2026-07-06T01:11:52Z,59,OTICE_v5_LoRA,20,23.41,56.53,0,0,0,0,ATB_59_2026-08-05.csv
2026-07-06T01:11:58Z,48,OTICE_v5_LoRA,0,23.49,50.34,0,0,0,0,ATB_48_2026-08-05.csv
2026-07-06T01:12:28Z,48,OTICE_v5_LoRA,0,23.49,50.25,0,0,0,0,ATB_48_2026-08-05.csv
2026-07-06T01:12:52Z,59,OTICE_v5_LoRA,23,23.39,56.73,0,0,0,0,ATB_59_2026-08-05.csv
2026-07-06T01:12:58Z,48,OTICE_v5_LoRA,0,23.49,50.25,0,0,0,0,ATB_48_2026-08-05.csv
2026-07-06T01:13:28Z,48,OTICE_v5_LoRA,0,23.5,50.34,0,0,0,0,ATB_48_2026-08-05.csv
2026-07-06T01:13:52Z,59,OTICE_v5_LoRA,20,23.39,56.62,0,0,0,0,ATB_59_2026-08-05.csv
2026-07-06T01:13:58Z,48,OTICE_v5_LoRA,0,23.49,50.14,0,0,0,0,ATB_48_2026-08-05.csv
2026-07-06T01:14:28Z,48,OTICE_v5_LoRA,0,23.5,50.25,0,0,0,0,ATB_48_2026-08-05.csv
2026-07-06T01:14:53Z,59,OTICE_v5_LoRA,20,23.39,56.62,0,0,0,0,ATB_59_2026-08-05.csv
2026-07-06T01:14:58Z,48,OTICE_v5_LoRA,0,23.5,50.25,0,0,0,0,ATB_48_2026-08-05.csv
2026-07-06T01:15:28Z,48,OTICE_v5_LoRA,0,23.5,50.25,0,0,0,0,ATB_48_2026-08-05.csv
2026-07-06T01:15:53Z,59,OTICE_v5_LoRA,25,23.39,56.62,0,0,0,0,ATB_59_2026-08-05.csv
2026-07-06T01:15:59Z,48,OTICE_v5_LoRA,0,23.5,50.25,0,0,0,0,ATB_48_2026-08-05.csv
2026-07-06T01:16:29Z,48,OTICE_v5_LoRA,0,23.5,50.14,0,0,0,0,ATB_48_2026-08-05.csv
2026-07-06T01:16:53Z,59,OTICE_v5_LoRA,25,23.39,56.62,0,0,0,0,ATB_59_2026-08-05.csv
2026-07-06T01:16:59Z,48,OTICE_v5_LoRA,0,23.5,50.14,0,0,0,0,ATB_48_2026-08-05.csv
2026-07-06T01:17:29Z,48,OTICE_v5_LoRA,0,23.5,50.14,0,0,0,0,ATB_48_2026-08-05.csv
2026-07-06T01:17:59Z,48,OTICE_v5_LoRA,0,23.5,50.25,0,0,0,0,ATB_48_2026-08-05.csv
2026-07-06T01:18:29Z,48,OTICE_v5_LoRA,0,23.5,50.14,0,0,0,0,ATB_48_2026-08-05.csv
2026-07-06T01:18:52Z,59,OTICE_v5_LoRA,26,23.39,56.62,0,0,0,0,ATB_59_2026-08-05.csv
2026-07-06T01:18:59Z,48,OTICE_v5_LoRA,0,23.5,50.04,0,0,0,0,ATB_48_2026-08-05.csv
2026-07-06T01:19:29Z,48,OTICE_v5_LoRA,0,23.47,50.14,0,0,0,0,ATB_48_2026-08-05.csv
2026-07-06T01:19:52Z,59,OTICE_v5_LoRA,25,23.39,56.53,0,0,0,0,ATB_59_2026-08-05.csv
2026-07-06T01:19:59Z,48,OTICE_v5_LoRA,0,23.46,50.14,0,0,0,0,ATB_48_2026-08-05.csv
2026-07-06T01:20:29Z,48,OTICE_v5_LoRA,0,23.49,50.25,0,0,0,0,ATB_48_2026-08-05.csv
2026-07-06T01:20:53Z,59,OTICE_v5_LoRA,21,23.39,56.53,0,0,0,0,ATB_59_2026-08-05.csv
2026-07-06T01:20:59Z,48,OTICE_v5_LoRA,0,23.49,50.25,0,0,0,0,ATB_48_2026-08-05.csv
2026-07-06T01:21:29Z,48,OTICE_v5_LoRA,0,23.49,50.14,0,0,0,0,ATB_48_2026-08-05.csv
2026-07-06T01:21:53Z,59,OTICE_v5_LoRA,22,23.32,56.73,0,0,0,0,ATB_59_2026-08-05.csv
2026-07-06T01:21:59Z,48,OTICE_v5_LoRA,0,23.47,50.14,0,0,0,0,ATB_48_2026-08-05.csv
2026-07-06T01:22:29Z,48,OTICE_v5_LoRA,0,23.47,50.25,0,0,0,0,ATB_48_2026-08-05.csv
2026-07-06T01:22:53Z,59,OTICE_v5_LoRA,24,23.3,56.95,0,0,0,0,ATB_59_2026-08-05.csv
2026-07-06T01:22:59Z,48,OTICE_v5_LoRA,0,23.46,50.25,0,0,0,0,ATB_48_2026-08-05.csv
2026-07-06T01:23:29Z,48,OTICE_v5_LoRA,0,23.46,50.25,0,0,0,0,ATB_48_2026-08-05.csv
2026-07-06T01:23:53Z,59,OTICE_v5_LoRA,27,23.28,56.95,0,0,0,0,ATB_59_2026-08-05.csv
2026-07-06T01:23:59Z,48,OTICE_v5_LoRA,0,23.46,50.25,0,0,0,0,ATB_48_2026-08-05.csv
2026-07-06T01:24:29Z,48,OTICE_v5_LoRA,0,23.45,50.25,0,0,0,0,ATB_48_2026-08-05.csv
2026-07-06T01:24:53Z,59,OTICE_v5_LoRA,20,23.3,56.85,0,0,0,0,ATB_59_2026-08-05.csv
2026-07-06T01:24:59Z,48,OTICE_v5_LoRA,0,23.42,50.25,0,0,0,0,ATB_48_2026-08-05.csv
2026-07-06T01:25:29Z,48,OTICE_v5_LoRA,0,23.42,50.25,0,0,0,0,ATB_48_2026-08-05.csv
2026-07-06T01:25:53Z,59,OTICE_v5_LoRA,26,23.27,56.95,0,0,0,0,ATB_59_2026-08-05.csv
2026-07-06T01:25:59Z,48,OTICE_v5_LoRA,0,23.39,50.25,0,0,0,0,ATB_48_2026-08-05.csv
2026-07-06T01:26:29Z,48,OTICE_v5_LoRA,0,23.39,50.25,0,0,0,0,ATB_48_2026-08-05.csv
2026-07-06T01:26:53Z,59,OTICE_v5_LoRA,19,23.27,56.95,0,0,0,0,ATB_59_2026-08-05.csv
2026-07-06T01:26:59Z,48,OTICE_v5_LoRA,0,23.39,50.25,0,0,0,0,ATB_48_2026-08-05.csv
2026-07-06T01:27:29Z,48,OTICE_v5_LoRA,0,23.39,50.25,0,0,0,0,ATB_48_2026-08-05.csv
2026-07-06T01:27:53Z,59,OTICE_v5_LoRA,18,23.27,56.95,0,0,0,0,ATB_59_2026-08-05.csv
2026-07-06T01:27:59Z,48,OTICE_v5_LoRA,0,23.39,50.25,0,0,0,0,ATB_48_2026-08-05.csv
2026-07-06T01:28:29Z,48,OTICE_v5_LoRA,0,23.39,50.25,0,0,0,0,ATB_48_2026-08-05.csv
2026-07-06T01:28:53Z,59,OTICE_v5_LoRA,23,23.28,56.95,0,0,0,0,ATB_59_2026-08-05.csv
2026-07-06T01:29:00Z,48,OTICE_v5_LoRA,0,23.38,50.25,0,0,0,0,ATB_48_2026-08-05.csv
2026-07-06T01:29:30Z,48,OTICE_v5_LoRA,0,23.39,50.25,0,0,0,0,ATB_48_2026-08-05.csv
2026-07-06T01:29:53Z,59,OTICE_v5_LoRA,24,23.27,56.85,0,0,0,0,ATB_59_2026-08-05.csv
2026-07-06T01:30:00Z,48,OTICE_v5_LoRA,0,23.37,50.25,0,0,0,0,ATB_48_2026-08-05.csv
2026-07-06T01:30:30Z,48,OTICE_v5_LoRA,0,23.38,50.25,0,0,0,0,ATB_48_2026-08-05.csv
2026-07-06T01:30:53Z,59,OTICE_v5_LoRA,22,23.25,56.85,0,0,0,0,ATB_59_2026-08-05.csv
2026-07-06T01:31:00Z,48,OTICE_v5_LoRA,0,23.38,50.25,0,0,0,0,ATB_48_2026-08-05.csv
2026-07-06T01:31:30Z,48,OTICE_v5_LoRA,0,23.38,50.25,0,0,0,0,ATB_48_2026-08-05.csv
2026-07-06T01:31:53Z,59,OTICE_v5_LoRA,26,23.23,56.95,0,0,0,0,ATB_59_2026-08-05.csv
2026-07-06T01:32:00Z,48,OTICE_v5_LoRA,0,23.37,50.25,0,0,0,0,ATB_48_2026-08-05.csv
2026-07-06T01:32:30Z,48,OTICE_v5_LoRA,0,23.37,50.25,0,0,0,0,ATB_48_2026-08-05.csv
2026-07-06T01:32:53Z,59,OTICE_v5_LoRA,20,23.22,56.95,0,0,0,0,ATB_59_2026-08-05.csv
2026-07-06T01:33:00Z,48,OTICE_v5_LoRA,0,23.35,50.25,0,0,0,0,ATB_48_2026-08-05.csv
2026-07-06T01:33:30Z,48,OTICE_v5_LoRA,0,23.35,50.34,0,0,0,0,ATB_48_2026-08-05.csv
2026-07-06T01:33:53Z,59,OTICE_v5_LoRA,22,23.2,56.95,0,0,0,0,ATB_59_2026-08-05.csv
2026-07-06T01:34:00Z,48,OTICE_v5_LoRA,0,23.35,50.34,0,0,0,0,ATB_48_2026-08-05.csv
2026-07-06T01:34:30Z,48,OTICE_v5_LoRA,0,23.35,50.34,0,0,0,0,ATB_48_2026-08-05.csv
2026-07-06T01:34:53Z,59,OTICE_v5_LoRA,26,23.23,56.85,0,0,0,0,ATB_59_2026-08-05.csv
2026-07-06T01:35:00Z,48,OTICE_v5_LoRA,0,23.34,50.25,0,0,0,0,ATB_48_2026-08-05.csv
2026-07-06T01:35:30Z,48,OTICE_v5_LoRA,0,23.35,50.34,0,0,0,0,ATB_48_2026-08-05.csv
2026-07-06T01:35:53Z,59,OTICE_v5_LoRA,25,23.23,56.85,0,0,0,0,ATB_59_2026-08-05.csv
2026-07-06T01:36:00Z,48,OTICE_v5_LoRA,0,23.35,50.34,0,0,0,0,ATB_48_2026-08-05.csv
2026-07-06T01:36:30Z,48,OTICE_v5_LoRA,0,23.34,50.25,0,0,0,0,ATB_48_2026-08-05.csv
2026-07-06T01:36:54Z,59,OTICE_v5_LoRA,22,23.19,56.95,0,0,0,0,ATB_59_2026-08-05.csv
2026-07-06T01:37:00Z,48,OTICE_v5_LoRA,0,23.35,50.25,0,0,0,0,ATB_48_2026-08-05.csv
2026-07-06T01:37:30Z,48,OTICE_v5_LoRA,0,23.34,50.34,0,0,0,0,ATB_48_2026-08-05.csv
2026-07-06T01:37:54Z,59,OTICE_v5_LoRA,25,23.22,56.95,0,0,0,0,ATB_59_2026-08-05.csv
2026-07-06T01:38:00Z,48,OTICE_v5_LoRA,0,23.32,50.34,0,0,0,0,ATB_48_2026-08-05.csv
2026-07-06T01:38:30Z,48,OTICE_v5_LoRA,0,23.34,50.34,0,0,0,0,ATB_48_2026-08-05.csv
2026-07-06T01:38:54Z,59,OTICE_v5_LoRA,20,23.23,56.85,0,0,0,0,ATB_59_2026-08-05.csv
2026-07-06T01:39:00Z,48,OTICE_v5_LoRA,0,23.34,50.25,0,0,0,0,ATB_48_2026-08-05.csv
2026-07-06T01:39:30Z,48,OTICE_v5_LoRA,0,23.32,50.34,0,0,0,0,ATB_48_2026-08-05.csv
2026-07-06T01:39:54Z,59,OTICE_v5_LoRA,22,23.25,56.75,0,0,0,0,ATB_59_2026-08-05.csv
2026-07-06T01:40:00Z,48,OTICE_v5_LoRA,0,23.34,50.34,0,0,0,0,ATB_48_2026-08-05.csv
2026-07-06T01:40:30Z,48,OTICE_v5_LoRA,0,23.35,50.25,0,0,0,0,ATB_48_2026-08-05.csv
2026-07-06T01:40:54Z,59,OTICE_v5_LoRA,24,23.25,56.75,0,0,0,0,ATB_59_2026-08-05.csv
2026-07-06T01:41:00Z,48,OTICE_v5_LoRA,0,23.35,50.25,0,0,0,0,ATB_48_2026-08-05.csv
2026-07-06T01:41:30Z,48,OTICE_v5_LoRA,0,23.35,50.14,0,0,0,0,ATB_48_2026-08-05.csv
2026-07-06T01:41:54Z,59,OTICE_v5_LoRA,22,23.27,56.75,0,0,0,0,ATB_59_2026-08-05.csv
2026-07-06T01:42:00Z,48,OTICE_v5_LoRA,0,23.35,50.14,0,0,0,0,ATB_48_2026-08-05.csv
2026-07-06T01:42:30Z,48,OTICE_v5_LoRA,0,23.35,50.14,0,0,0,0,ATB_48_2026-08-05.csv
2026-07-06T01:42:54Z,59,OTICE_v5_LoRA,20,23.27,56.75,0,0,0,0,ATB_59_2026-08-05.csv
2026-07-06T01:43:00Z,48,OTICE_v5_LoRA,0,23.35,50.14,0,0,0,0,ATB_48_2026-08-05.csv
2026-07-06T01:43:30Z,48,OTICE_v5_LoRA,0,23.37,50.14,0,0,0,0,ATB_48_2026-08-05.csv
2026-07-06T01:43:54Z,59,OTICE_v5_LoRA,24,23.27,56.55,0,0,0,0,ATB_59_2026-08-05.csv
2026-07-06T01:44:01Z,48,OTICE_v5_LoRA,0,23.35,50.25,0,0,0,0,ATB_48_2026-08-05.csv
2026-07-06T01:44:31Z,48,OTICE_v5_LoRA,0,23.35,50.14,0,0,0,0,ATB_48_2026-08-05.csv
2026-07-06T01:44:54Z,59,OTICE_v5_LoRA,24,23.27,56.65,0,0,0,0,ATB_59_2026-08-05.csv
2026-07-06T01:45:01Z,48,OTICE_v5_LoRA,0,23.34,50.14,0,0,0,0,ATB_48_2026-08-05.csv
2026-07-06T01:45:31Z,48,OTICE_v5_LoRA,0,23.35,50.14,0,0,0,0,ATB_48_2026-08-05.csv
2026-07-06T01:45:54Z,59,OTICE_v5_LoRA,27,23.27,56.65,0,0,0,0,ATB_59_2026-08-05.csv
2026-07-06T01:46:01Z,48,OTICE_v5_LoRA,0,23.37,50.14,0,0,0,0,ATB_48_2026-08-05.csv
2026-07-06T01:46:31Z,48,OTICE_v5_LoRA,0,23.37,50.14,0,0,0,0,ATB_48_2026-08-05.csv
2026-07-06T01:46:54Z,59,OTICE_v5_LoRA,24,23.27,56.65,0,0,0,0,ATB_59_2026-08-05.csv
2026-07-06T01:47:01Z,48,OTICE_v5_LoRA,0,23.37,50.14,0,0,0,0,ATB_48_2026-08-05.csv
2026-07-06T01:47:31Z,48,OTICE_v5_LoRA,0,23.35,50.14,0,0,0,0,ATB_48_2026-08-05.csv
2026-07-06T01:47:54Z,59,OTICE_v5_LoRA,28,23.28,56.65,0,0,0,0,ATB_59_2026-08-05.csv
2026-07-06T01:48:01Z,48,OTICE_v5_LoRA,0,23.35,50.14,0,0,0,0,ATB_48_2026-08-05.csv
2026-07-06T01:48:31Z,48,OTICE_v5_LoRA,0,23.35,50.14,0,0,0,0,ATB_48_2026-08-05.csv
2026-07-06T01:48:54Z,59,OTICE_v5_LoRA,23,23.28,56.55,0,0,0,0,ATB_59_2026-08-05.csv
2026-07-06T01:49:01Z,48,OTICE_v5_LoRA,0,23.37,50.14,0,0,0,0,ATB_48_2026-08-05.csv
2026-07-06T01:49:31Z,48,OTICE_v5_LoRA,0,23.35,50.04,0,0,0,0,ATB_48_2026-08-05.csv
2026-07-06T01:49:54Z,59,OTICE_v5_LoRA,20,23.27,56.45,0,0,0,0,ATB_59_2026-08-05.csv
2026-07-06T01:50:02Z,48,OTICE_v5_LoRA,0,23.35,50.14,0,0,0,0,ATB_48_2026-08-05.csv
2026-07-06T01:50:31Z,48,OTICE_v5_LoRA,0,23.37,50.14,0,0,0,0,ATB_48_2026-08-05.csv
2026-07-06T01:50:55Z,59,OTICE_v5_LoRA,22,23.27,56.55,0,0,0,0,ATB_59_2026-08-05.csv
2026-07-06T01:51:01Z,48,OTICE_v5_LoRA,0,23.38,50.04,0,0,0,0,ATB_48_2026-08-05.csv
2026-07-06T01:51:31Z,48,OTICE_v5_LoRA,0,23.38,50.04,0,0,0,0,ATB_48_2026-08-05.csv
2026-07-06T01:51:55Z,59,OTICE_v5_LoRA,20,23.27,56.55,0,0,0,0,ATB_59_2026-08-05.csv
2026-07-06T01:52:01Z,48,OTICE_v5_LoRA,0,23.39,50.04,0,0,0,0,ATB_48_2026-08-05.csv
2026-07-06T01:52:31Z,48,OTICE_v5_LoRA,0,23.38,50.04,0,0,0,0,ATB_48_2026-08-05.csv
2026-07-06T01:52:55Z,59,OTICE_v5_LoRA,18,23.28,56.55,0,0,0,0,ATB_59_2026-08-05.csv
2026-07-06T01:53:01Z,48,OTICE_v5_LoRA,0,23.38,50.04,0,0,0,0,ATB_48_2026-08-05.csv
2026-07-06T01:53:31Z,48,OTICE_v5_LoRA,0,23.38,50.04,0,0,0,0,ATB_48_2026-08-05.csv
2026-07-06T01:53:55Z,59,OTICE_v5_LoRA,20,23.3,56.45,0,0,0,0,ATB_59_2026-08-05.csv
2026-07-06T01:54:01Z,48,OTICE_v5_LoRA,0,23.37,50.04,0,0,0,0,ATB_48_2026-08-05.csv
2026-07-06T01:54:31Z,48,OTICE_v5_LoRA,0,23.37,50.04,0,0,0,0,ATB_48_2026-08-05.csv
2026-07-06T01:54:55Z,59,OTICE_v5_LoRA,21,23.28,56.55,0,0,0,0,ATB_59_2026-08-05.csv
2026-07-06T01:55:01Z,48,OTICE_v5_LoRA,0,23.37,50.04,0,0,0,0,ATB_48_2026-08-05.csv
2026-07-06T01:55:31Z,48,OTICE_v5_LoRA,0,23.35,50.04,0,0,0,0,ATB_48_2026-08-05.csv
2026-07-06T01:55:55Z,59,OTICE_v5_LoRA,22,23.27,56.55,0,0,0,0,ATB_59_2026-08-05.csv
2026-07-06T01:56:01Z,48,OTICE_v5_LoRA,0,23.37,50.04,0,0,0,0,ATB_48_2026-08-05.csv
2026-07-06T01:56:31Z,48,OTICE_v5_LoRA,0,23.37,50.04,0,0,0,0,ATB_48_2026-08-05.csv
2026-07-06T01:56:55Z,59,OTICE_v5_LoRA,23,23.28,56.45,0,0,0,0,ATB_59_2026-08-05.csv
2026-07-06T01:57:31Z,48,OTICE_v5_LoRA,0,23.38,50.04,0,0,0,0,ATB_48_2026-08-05.csv
2026-07-06T01:57:55Z,59,OTICE_v5_LoRA,24,23.28,56.45,0,0,0,0,ATB_59_2026-08-05.csv
2026-07-06T01:58:01Z,48,OTICE_v5_LoRA,0,23.38,50.04,0,0,0,0,ATB_48_2026-08-05.csv
2026-07-06T01:58:31Z,48,OTICE_v5_LoRA,0,23.38,49.95,0,0,0,0,ATB_48_2026-08-05.csv
2026-07-06T01:58:55Z,59,OTICE_v5_LoRA,25,23.28,56.55,0,0,0,0,ATB_59_2026-08-05.csv
2026-07-06T01:59:01Z,48,OTICE_v5_LoRA,0,23.35,49.95,0,0,0,0,ATB_48_2026-08-05.csv
2026-07-06T01:59:31Z,48,OTICE_v5_LoRA,0,23.34,50.04,0,0,0,0,ATB_48_2026-08-05.csv
2026-07-06T01:59:56Z,59,OTICE_v5_LoRA,23,23.28,56.45,0,0,0,0,ATB_59_2026-08-05.csv
2026-07-06T02:00:01Z,48,OTICE_v5_LoRA,0,23.37,50.04,0,0,0,0,ATB_48_2026-08-05.csv
2026-07-06T02:00:31Z,48,OTICE_v5_LoRA,0,23.37,50.04,0,0,0,0,ATB_48_2026-08-05.csv
2026-07-06T02:00:56Z,59,OTICE_v5_LoRA,24,23.28,56.55,0,0,0,0,ATB_59_2026-08-05.csv
2026-07-06T02:01:01Z,48,OTICE_v5_LoRA,0,23.37,50.04,0,0,0,0,ATB_48_2026-08-05.csv
2026-07-06T02:01:31Z,48,OTICE_v5_LoRA,0,23.37,50.04,0,0,0,0,ATB_48_2026-08-05.csv
2026-07-06T02:01:56Z,59,OTICE_v5_LoRA,20,23.31,56.35,0,0,0,0,ATB_59_2026-08-05.csv
2026-07-06T02:02:01Z,48,OTICE_v5_LoRA,0,23.37,50.04,0,0,0,0,ATB_48_2026-08-05.csv
2026-07-06T02:02:31Z,48,OTICE_v5_LoRA,0,23.37,49.95,0,0,0,0,ATB_48_2026-08-05.csv
2026-07-06T02:02:56Z,59,OTICE_v5_LoRA,21,23.28,56.55,0,0,0,0,ATB_59_2026-08-05.csv
2026-07-06T02:03:01Z,48,OTICE_v5_LoRA,0,23.37,49.95,0,0,0,0,ATB_48_2026-08-05.csv
2026-07-06T02:03:31Z,48,OTICE_v5_LoRA,0,23.35,49.95,0,0,0,0,ATB_48_2026-08-05.csv
2026-07-06T02:03:56Z,59,OTICE_v5_LoRA,22,23.28,56.45,0,0,0,0,ATB_59_2026-08-05.csv
2026-07-06T02:04:01Z,48,OTICE_v5_LoRA,0,23.35,49.95,0,0,0,0,ATB_48_2026-08-05.csv
2026-07-06T02:04:32Z,48,OTICE_v5_LoRA,0,23.35,49.95,0,0,0,0,ATB_48_2026-08-05.csv
2026-07-06T02:04:56Z,59,OTICE_v5_LoRA,20,23.3,56.55,0,0,0,0,ATB_59_2026-08-05.csv
2026-07-06T02:05:02Z,48,OTICE_v5_LoRA,0,23.34,49.95,0,0,0,0,ATB_48_2026-08-05.csv
2026-07-06T02:05:32Z,48,OTICE_v5_LoRA,0,23.34,50.04,0,0,0,0,ATB_48_2026-08-05.csv
2026-07-06T02:05:56Z,59,OTICE_v5_LoRA,22,23.3,56.45,0,0,0,0,ATB_59_2026-08-05.csv
2026-07-06T02:06:02Z,48,OTICE_v5_LoRA,0,23.37,49.95,0,0,0,0,ATB_48_2026-08-05.csv
2026-07-06T02:06:32Z,48,OTICE_v5_LoRA,0,23.35,49.95,0,0,0,0,ATB_48_2026-08-05.csv
2026-07-06T02:06:56Z,59,OTICE_v5_LoRA,26,23.22,56.75,0,0,0,0,ATB_59_2026-08-05.csv
2026-07-06T02:07:02Z,48,OTICE_v5_LoRA,0,23.35,50.04,0,0,0,0,ATB_48_2026-08-05.csv
2026-07-06T02:07:32Z,48,OTICE_v5_LoRA,0,23.35,50.04,0,0,0,0,ATB_48_2026-08-05.csv
2026-07-06T02:07:56Z,59,OTICE_v5_LoRA,26,23.19,56.75,0,0,0,0,ATB_59_2026-08-05.csv
2026-07-06T02:08:02Z,48,OTICE_v5_LoRA,0,23.32,50.14,0,0,0,0,ATB_48_2026-08-05.csv
2026-07-06T02:08:32Z,48,OTICE_v5_LoRA,0,23.34,50.14,0,0,0,0,ATB_48_2026-08-05.csv
2026-07-06T02:08:56Z,59,OTICE_v5_LoRA,24,23.16,56.85,0,0,0,0,ATB_59_2026-08-05.csv
2026-07-06T02:09:02Z,48,OTICE_v5_LoRA,0,23.34,50.14,0,0,0,0,ATB_48_2026-08-05.csv
2026-07-06T02:09:32Z,48,OTICE_v5_LoRA,0,23.32,50.14,0,0,0,0,ATB_48_2026-08-05.csv
2026-07-06T02:09:56Z,59,OTICE_v5_LoRA,23,23.15,56.75,0,0,0,0,ATB_59_2026-08-05.csv
2026-07-06T02:10:04Z,48,OTICE_v5_LoRA,0,23.34,50.14,0,0,0,0,ATB_48_2026-08-05.csv
2026-07-06T02:10:32Z,48,OTICE_v5_LoRA,0,23.32,50.04,0,0,0,0,ATB_48_2026-08-05.csv
2026-07-06T02:10:57Z,59,OTICE_v5_LoRA,28,23.17,56.75,0,0,0,0,ATB_59_2026-08-05.csv
2026-07-06T02:11:02Z,48,OTICE_v5_LoRA,0,23.31,50.17,0,0,0,0,ATB_48_2026-08-05.csv
2026-07-06T02:11:32Z,48,OTICE_v5_LoRA,0,23.31,50.07,0,0,0,0,ATB_48_2026-08-05.csv
2026-07-06T02:11:57Z,59,OTICE_v5_LoRA,28,23.15,56.75,0,0,0,0,ATB_59_2026-08-05.csv
2026-07-06T02:12:02Z,48,OTICE_v5_LoRA,0,23.31,50.17,0,0,0,0,ATB_48_2026-08-05.csv
2026-07-06T02:12:32Z,48,OTICE_v5_LoRA,0,23.3,50.17,0,0,0,0,ATB_48_2026-08-05.csv
2026-07-06T02:12:57Z,59,OTICE_v5_LoRA,28,23.13,56.85,0,0,0,0,ATB_59_2026-08-05.csv
2026-07-06T02:13:02Z,48,OTICE_v5_LoRA,0,23.3,50.17,0,0,0,0,ATB_48_2026-08-05.csv
2026-07-06T02:13:32Z,48,OTICE_v5_LoRA,0,23.28,50.17,0,0,0,0,ATB_48_2026-08-05.csv
2026-07-06T02:13:57Z,59,OTICE_v5_LoRA,22,23.15,56.85,0,0,0,0,ATB_59_2026-08-05.csv
2026-07-06T02:14:02Z,48,OTICE_v5_LoRA,0,23.3,50.17,0,0,0,0,ATB_48_2026-08-05.csv
2026-07-06T02:14:32Z,48,OTICE_v5_LoRA,0,23.27,50.17,0,0,0,0,ATB_48_2026-08-05.csv
2026-07-06T02:14:57Z,59,OTICE_v5_LoRA,29,23.1,56.85,0,0,0,0,ATB_59_2026-08-05.csv
2026-07-06T02:15:02Z,48,OTICE_v5_LoRA,0,23.28,50.17,0,0,0,0,ATB_48_2026-08-05.csv
2026-07-06T02:15:32Z,48,OTICE_v5_LoRA,0,23.28,50.17,0,0,0,0,ATB_48_2026-08-05.csv
2026-07-06T02:15:57Z,59,OTICE_v5_LoRA,27,23.12,56.85,0,0,0,0,ATB_59_2026-08-05.csv
2026-07-06T02:16:02Z,48,OTICE_v5_LoRA,0,23.3,50.17,0,0,0,0,ATB_48_2026-08-05.csv
2026-07-06T02:16:32Z,48,OTICE_v5_LoRA,0,23.27,50.17,0,0,0,0,ATB_48_2026-08-05.csv
2026-07-06T02:16:57Z,59,OTICE_v5_LoRA,26,23.13,56.85,0,0,0,0,ATB_59_2026-08-05.csv
2026-07-06T02:17:02Z,48,OTICE_v5_LoRA,0,23.28,50.17,0,0,0,0,ATB_48_2026-08-05.csv
2026-07-06T02:17:32Z,48,OTICE_v5_LoRA,0,23.27,50.17,0,0,0,0,ATB_48_2026-08-05.csv
2026-07-06T02:18:02Z,48,OTICE_v5_LoRA,0,23.27,50.17,0,0,0,0,ATB_48_2026-08-05.csv
2026-07-06T02:18:32Z,48,OTICE_v5_LoRA,0,23.27,50.17,0,0,0,0,ATB_48_2026-08-05.csv
2026-07-06T02:18:56Z,59,OTICE_v5_LoRA,22,23.15,56.75,0,0,0,0,ATB_59_2026-08-05.csv
2026-07-06T02:19:02Z,48,OTICE_v5_LoRA,0,23.27,50.17,0,0,0,0,ATB_48_2026-08-05.csv
2026-07-06T02:19:32Z,48,OTICE_v5_LoRA,0,23.27,50.17,0,0,0,0,ATB_48_2026-08-05.csv
2026-07-06T02:19:56Z,59,OTICE_v5_LoRA,24,23.13,56.75,0,0,0,0,ATB_59_2026-08-05.csv
2026-07-06T02:20:02Z,48,OTICE_v5_LoRA,0,23.25,50.17,0,0,0,0,ATB_48_2026-08-05.csv
2026-07-06T02:20:32Z,48,OTICE_v5_LoRA,0,23.25,50.17,0,0,0,0,ATB_48_2026-08-05.csv
2026-07-06T02:20:56Z,59,OTICE_v5_LoRA,24,23.12,56.75,0,0,0,0,ATB_59_2026-08-05.csv
2026-07-06T02:21:02Z,48,OTICE_v5_LoRA,0,23.23,50.17,0,0,0,0,ATB_48_2026-08-05.csv
2026-07-06T02:21:32Z,48,OTICE_v5_LoRA,0,23.25,50.17,0,0,0,0,ATB_48_2026-08-05.csv
2026-07-06T02:21:56Z,59,OTICE_v5_LoRA,27,23.13,56.75,0,0,0,0,ATB_59_2026-08-05.csv
2026-07-06T02:22:02Z,48,OTICE_v5_LoRA,0,23.25,50.17,0,0,0,0,ATB_48_2026-08-05.csv
2026-07-06T02:22:32Z,48,OTICE_v5_LoRA,0,23.25,50.17,0,0,0,0,ATB_48_2026-08-05.csv
2026-07-06T02:22:56Z,59,OTICE_v5_LoRA,24,23.1,56.75,0,0,0,0,ATB_59_2026-08-05.csv
2026-07-06T02:23:02Z,48,OTICE_v5_LoRA,0,23.23,50.17,0,0,0,0,ATB_48_2026-08-05.csv
2026-07-06T02:23:32Z,48,OTICE_v5_LoRA,0,23.23,50.17,0,0,0,0,ATB_48_2026-08-05.csv
2026-07-06T02:23:56Z,59,OTICE_v5_LoRA,30,23.09,56.85,0,0,0,0,ATB_59_2026-08-05.csv
2026-07-06T02:24:03Z,48,OTICE_v5_LoRA,0,23.22,50.27,0,0,0,0,ATB_48_2026-08-05.csv
2026-07-06T02:24:33Z,48,OTICE_v5_LoRA,0,23.2,50.17,0,0,0,0,ATB_48_2026-08-05.csv
2026-07-06T02:24:56Z,59,OTICE_v5_LoRA,27,23.09,56.75,0,0,0,0,ATB_59_2026-08-05.csv
2026-07-06T02:25:03Z,48,OTICE_v5_LoRA,0,23.2,50.17,0,0,0,0,ATB_48_2026-08-05.csv
2026-07-06T02:25:33Z,48,OTICE_v5_LoRA,0,23.2,50.17,0,0,0,0,ATB_48_2026-08-05.csv
2026-07-06T02:25:56Z,59,OTICE_v5_LoRA,26,23.12,56.65,0,0,0,0,ATB_59_2026-08-05.csv
2026-07-06T02:26:03Z,48,OTICE_v5_LoRA,0,23.22,50.17,0,0,0,0,ATB_48_2026-08-05.csv
2026-07-06T02:26:33Z,48,OTICE_v5_LoRA,0,23.25,50.17,0,0,0,0,ATB_48_2026-08-05.csv
2026-07-06T02:26:57Z,59,OTICE_v5_LoRA,27,23.13,56.65,0,0,0,0,ATB_59_2026-08-05.csv
2026-07-06T02:27:03Z,48,OTICE_v5_LoRA,0,23.22,50.17,0,0,0,0,ATB_48_2026-08-05.csv
2026-07-06T02:27:33Z,48,OTICE_v5_LoRA,0,23.25,50.07,0,0,0,0,ATB_48_2026-08-05.csv
2026-07-06T02:27:56Z,59,OTICE_v5_LoRA,22,23.15,56.55,0,0,0,0,ATB_59_2026-08-05.csv
2026-07-06T02:28:03Z,48,OTICE_v5_LoRA,0,23.27,49.97,0,0,0,0,ATB_48_2026-08-05.csv
2026-07-06T02:28:33Z,48,OTICE_v5_LoRA,0,23.25,49.97,0,0,0,0,ATB_48_2026-08-05.csv
2026-07-06T02:28:57Z,59,OTICE_v5_LoRA,26,23.15,56.55,0,0,0,0,ATB_59_2026-08-05.csv
2026-07-06T02:29:03Z,48,OTICE_v5_LoRA,0,23.25,49.97,0,0,0,0,ATB_48_2026-08-05.csv
2026-07-06T02:29:33Z,48,OTICE_v5_LoRA,0,23.25,50.07,0,0,0,0,ATB_48_2026-08-05.csv
2026-07-06T02:29:57Z,59,OTICE_v5_LoRA,23,23.16,56.55,0,0,0,0,ATB_59_2026-08-05.csv
2026-07-06T02:30:03Z,48,OTICE_v5_LoRA,0,23.27,49.97,0,0,0,0,ATB_48_2026-08-05.csv
2026-07-06T02:30:33Z,48,OTICE_v5_LoRA,0,23.25,49.97,0,0,0,0,ATB_48_2026-08-05.csv
2026-07-06T02:30:57Z,59,OTICE_v5_LoRA,25,23.15,56.35,0,0,0,0,ATB_59_2026-08-05.csv
2026-07-06T02:31:03Z,48,OTICE_v5_LoRA,0,23.27,50.07,0,0,0,0,ATB_48_2026-08-05.csv
2026-07-06T02:31:33Z,48,OTICE_v5_LoRA,0,23.25,49.97,0,0,0,0,ATB_48_2026-08-05.csv
2026-07-06T02:31:57Z,59,OTICE_v5_LoRA,28,23.16,56.45,0,0,0,0,ATB_59_2026-08-05.csv
2026-07-06T02:32:03Z,48,OTICE_v5_LoRA,0,23.25,49.97,0,0,0,0,ATB_48_2026-08-05.csv
2026-07-06T02:32:33Z,48,OTICE_v5_LoRA,0,23.25,49.97,0,0,0,0,ATB_48_2026-08-05.csv
2026-07-06T02:32:57Z,59,OTICE_v5_LoRA,26,23.16,56.45,0,0,0,0,ATB_59_2026-08-05.csv
2026-07-06T02:33:03Z,48,OTICE_v5_LoRA,0,23.23,49.97,0,0,0,0,ATB_48_2026-08-05.csv
2026-07-06T02:33:33Z,48,OTICE_v5_LoRA,0,23.27,49.97,0,0,0,0,ATB_48_2026-08-05.csv
2026-07-06T02:33:57Z,59,OTICE_v5_LoRA,20,23.17,56.45,0,0,0,0,ATB_59_2026-08-05.csv
2026-07-06T02:34:03Z,48,OTICE_v5_LoRA,0,23.25,49.97,0,0,0,0,ATB_48_2026-08-05.csv
2026-07-06T02:34:33Z,48,OTICE_v5_LoRA,0,23.27,49.97,0,0,0,0,ATB_48_2026-08-05.csv
2026-07-06T02:34:57Z,59,OTICE_v5_LoRA,26,23.17,56.45,0,0,0,0,ATB_59_2026-08-05.csv
2026-07-06T02:35:03Z,48,OTICE_v5_LoRA,0,23.27,49.97,0,0,0,0,ATB_48_2026-08-05.csv
2026-07-06T02:35:33Z,48,OTICE_v5_LoRA,0,23.25,49.97,0,0,0,0,ATB_48_2026-08-05.csv
2026-07-06T02:35:57Z,59,OTICE_v5_LoRA,22,23.17,56.45,0,0,0,0,ATB_59_2026-08-05.csv
2026-07-06T02:36:03Z,48,OTICE_v5_LoRA,0,23.27,49.97,0,0,0,0,ATB_48_2026-08-05.csv
2026-07-06T02:36:33Z,48,OTICE_v5_LoRA,0,23.27,49.97,0,0,0,0,ATB_48_2026-08-05.csv
2026-07-06T02:36:57Z,59,OTICE_v5_LoRA,25,23.17,56.45,0,0,0,0,ATB_59_2026-08-05.csv
2026-07-06T02:37:03Z,48,OTICE_v5_LoRA,0,23.28,49.97,0,0,0,0,ATB_48_2026-08-05.csv
2026-07-06T02:37:33Z,48,OTICE_v5_LoRA,0,23.25,49.87,0,0,0,0,ATB_48_2026-08-05.csv
2026-07-06T02:37:57Z,59,OTICE_v5_LoRA,21,23.17,56.45,0,0,0,0,ATB_59_2026-08-05.csv
2026-07-06T02:38:03Z,48,OTICE_v5_LoRA,0,23.23,49.97,0,0,0,0,ATB_48_2026-08-05.csv
2026-07-06T02:38:33Z,48,OTICE_v5_LoRA,0,23.25,49.97,0,0,0,0,ATB_48_2026-08-05.csv
2026-07-06T02:38:57Z,59,OTICE_v5_LoRA,20,23.17,56.35,0,0,0,0,ATB_59_2026-08-05.csv
2026-07-06T02:39:03Z,48,OTICE_v5_LoRA,0,23.22,49.97,0,0,0,0,ATB_48_2026-08-05.csv
2026-07-06T02:39:33Z,48,OTICE_v5_LoRA,0,23.23,49.97,0,0,0,0,ATB_48_2026-08-05.csv
2026-07-06T02:39:57Z,59,OTICE_v5_LoRA,28,23.16,56.35,0,0,0,0,ATB_59_2026-08-05.csv
2026-07-06T02:40:04Z,48,OTICE_v5_LoRA,0,23.25,49.97,0,0,0,0,ATB_48_2026-08-05.csv
2026-07-06T02:40:34Z,48,OTICE_v5_LoRA,0,23.27,49.97,0,0,0,0,ATB_48_2026-08-05.csv
2026-07-06T02:40:57Z,59,OTICE_v5_LoRA,24,23.17,56.45,0,0,0,0,ATB_59_2026-08-05.csv
2026-07-06T02:41:04Z,48,OTICE_v5_LoRA,0,23.25,49.97,0,0,0,0,ATB_48_2026-08-05.csv
2026-07-06T02:41:34Z,48,OTICE_v5_LoRA,0,23.25,49.97,0,0,0,0,ATB_48_2026-08-05.csv
2026-07-06T02:41:57Z,59,OTICE_v5_LoRA,23,23.17,56.45,0,0,0,0,ATB_59_2026-08-05.csv
2026-07-06T02:42:04Z,48,OTICE_v5_LoRA,0,23.28,49.97,0,0,0,0,ATB_48_2026-08-05.csv
2026-07-06T02:42:34Z,48,OTICE_v5_LoRA,0,23.27,49.87,0,0,0,0,ATB_48_2026-08-05.csv
2026-07-06T02:42:58Z,59,OTICE_v5_LoRA,25,23.19,56.35,0,0,0,0,ATB_59_2026-08-05.csv
2026-07-06T02:43:04Z,48,OTICE_v5_LoRA,0,23.27,49.97,0,0,0,0,ATB_48_2026-08-05.csv
2026-07-06T02:43:34Z,48,OTICE_v5_LoRA,0,23.28,49.97,0,0,0,0,ATB_48_2026-08-05.csv
2026-07-06T02:43:58Z,59,OTICE_v5_LoRA,22,23.17,56.25,0,0,0,0,ATB_59_2026-08-05.csv
2026-07-06T02:44:04Z,48,OTICE_v5_LoRA,0,23.3,49.97,0,0,0,0,ATB_48_2026-08-05.csv
2026-07-06T02:44:34Z,48,OTICE_v5_LoRA,0,23.31,49.97,0,0,0,0,ATB_48_2026-08-05.csv
2026-07-06T02:44:58Z,59,OTICE_v5_LoRA,26,23.2,56.25,0,0,0,0,ATB_59_2026-08-05.csv
2026-07-06T02:45:04Z,48,OTICE_v5_LoRA,0,23.3,49.87,0,0,0,0,ATB_48_2026-08-05.csv
2026-07-06T02:45:34Z,48,OTICE_v5_LoRA,0,23.28,49.77,0,0,0,0,ATB_48_2026-08-05.csv
2026-07-06T02:45:58Z,59,OTICE_v5_LoRA,24,23.17,56.25,0,0,0,0,ATB_59_2026-08-05.csv
2026-07-06T02:46:04Z,48,OTICE_v5_LoRA,0,23.28,49.87,0,0,0,0,ATB_48_2026-08-05.csv
2026-07-06T02:46:34Z,48,OTICE_v5_LoRA,0,23.28,49.87,0,0,0,0,ATB_48_2026-08-05.csv
2026-07-06T02:46:58Z,59,OTICE_v5_LoRA,26,23.17,56.15,0,0,0,0,ATB_59_2026-08-05.csv
2026-07-06T02:47:04Z,48,OTICE_v5_LoRA,0,23.3,49.87,0,0,0,0,ATB_48_2026-08-05.csv
2026-07-06T02:47:34Z,48,OTICE_v5_LoRA,0,23.3,49.97,0,0,0,0,ATB_48_2026-08-05.csv
2026-07-06T02:47:58Z,59,OTICE_v5_LoRA,28,23.19,56.35,0,0,0,0,ATB_59_2026-08-05.csv
2026-07-06T02:48:04Z,48,OTICE_v5_LoRA,0,23.3,49.97,0,0,0,0,ATB_48_2026-08-05.csv
2026-07-06T02:48:34Z,48,OTICE_v5_LoRA,0,23.3,49.87,0,0,0,0,ATB_48_2026-08-05.csv
2026-07-06T02:48:58Z,59,OTICE_v5_LoRA,26,23.19,56.25,0,0,0,0,ATB_59_2026-08-05.csv
2026-07-06T02:49:04Z,48,OTICE_v5_LoRA,0,23.31,49.77,0,0,0,0,ATB_48_2026-08-05.csv
2026-07-06T02:49:34Z,48,OTICE_v5_LoRA,0,23.31,49.87,0,0,0,0,ATB_48_2026-08-05.csv
2026-07-06T02:49:58Z,59,OTICE_v5_LoRA,26,23.22,56.25,0,0,0,0,ATB_59_2026-08-05.csv
2026-07-06T02:50:04Z,48,OTICE_v5_LoRA,0,23.31,49.87,0,0,0,0,ATB_48_2026-08-05.csv
2026-07-06T02:50:34Z,48,OTICE_v5_LoRA,0,23.31,49.77,0,0,0,0,ATB_48_2026-08-05.csv
2026-07-06T02:50:58Z,59,OTICE_v5_LoRA,26,23.19,56.15,0,0,0,0,ATB_59_2026-08-05.csv
2026-07-06T02:51:04Z,48,OTICE_v5_LoRA,0,23.3,49.77,0,0,0,0,ATB_48_2026-08-05.csv
2026-07-06T02:51:34Z,48,OTICE_v5_LoRA,0,23.31,49.77,0,0,0,0,ATB_48_2026-08-05.csv
2026-07-06T02:51:58Z,59,OTICE_v5_LoRA,26,23.19,56.25,0,0,0,0,ATB_59_2026-08-05.csv
2026-07-06T02:52:04Z,48,OTICE_v5_LoRA,0,23.28,49.77,0,0,0,0,ATB_48_2026-08-05.csv
2026-07-06T02:52:34Z,48,OTICE_v5_LoRA,0,23.3,49.77,0,0,0,0,ATB_48_2026-08-05.csv
2026-07-06T02:52:59Z,59,OTICE_v5_LoRA,23,23.19,56.25,0,0,0,0,ATB_59_2026-08-05.csv
2026-07-06T02:53:04Z,48,OTICE_v5_LoRA,0,23.3,49.77,0,0,0,0,ATB_48_2026-08-05.csv
2026-07-06T02:53:34Z,48,OTICE_v5_LoRA,0,23.3,49.77,0,0,0,0,ATB_48_2026-08-05.csv
2026-07-06T02:53:59Z,59,OTICE_v5_LoRA,25,23.17,56.25,0,0,0,0,ATB_59_2026-08-05.csv
2026-07-06T02:54:04Z,48,OTICE_v5_LoRA,0,23.31,49.77,0,0,0,0,ATB_48_2026-08-05.csv
2026-07-06T02:54:34Z,48,OTICE_v5_LoRA,0,23.3,49.77,0,0,0,0,ATB_48_2026-08-05.csv
2026-07-06T02:54:59Z,59,OTICE_v5_LoRA,23,23.17,56.25,0,0,0,0,ATB_59_2026-08-05.csv
2026-07-06T02:55:04Z,48,OTICE_v5_LoRA,0,23.28,49.77,0,0,0,0,ATB_48_2026-08-05.csv
2026-07-06T02:55:34Z,48,OTICE_v5_LoRA,0,23.28,49.77,0,0,0,0,ATB_48_2026-08-05.csv
2026-07-06T02:55:59Z,59,OTICE_v5_LoRA,30,23.16,56.45,0,0,0,0,ATB_59_2026-08-05.csv
2026-07-06T02:56:04Z,48,OTICE_v5_LoRA,0,23.28,49.77,0,0,0,0,ATB_48_2026-08-05.csv
2026-07-06T02:56:34Z,48,OTICE_v5_LoRA,0,23.28,49.87,0,0,0,0,ATB_48_2026-08-05.csv
2026-07-06T02:56:59Z,59,OTICE_v5_LoRA,23,23.13,56.55,0,0,0,0,ATB_59_2026-08-05.csv
2026-07-06T02:57:35Z,48,OTICE_v5_LoRA,0,23.28,49.87,0,0,0,0,ATB_48_2026-08-05.csv
2026-07-06T02:57:59Z,59,OTICE_v5_LoRA,25,23.13,56.45,0,0,0,0,ATB_59_2026-08-05.csv
2026-07-06T02:58:05Z,48,OTICE_v5_LoRA,0,23.28,49.87,0,0,0,0,ATB_48_2026-08-05.csv
2026-07-06T02:58:35Z,48,OTICE_v5_LoRA,0,23.27,49.87,0,0,0,0,ATB_48_2026-08-05.csv
2026-07-06T02:58:59Z,59,OTICE_v5_LoRA,26,23.07,56.68,0,0,0,0,ATB_59_2026-08-05.csv
2026-07-06T02:59:05Z,48,OTICE_v5_LoRA,0,23.23,49.87,0,0,0,0,ATB_48_2026-08-05.csv
2026-07-06T02:59:35Z,48,OTICE_v5_LoRA,0,23.25,49.97,0,0,0,0,ATB_48_2026-08-05.csv
2026-07-06T02:59:59Z,59,OTICE_v5_LoRA,27,23.09,56.55,0,0,0,0,ATB_59_2026-08-05.csv
2026-07-06T03:00:05Z,48,OTICE_v5_LoRA,0,23.23,49.97,0,0,0,0,ATB_48_2026-08-05.csv
2026-07-06T03:00:35Z,48,OTICE_v5_LoRA,0,23.23,49.97,0,0,0,0,ATB_48_2026-08-05.csv
2026-07-06T03:00:59Z,59,OTICE_v5_LoRA,27,23.09,56.55,0,0,0,0,ATB_59_2026-08-05.csv
2026-07-06T03:01:05Z,48,OTICE_v5_LoRA,0,23.2,49.97,0,0,0,0,ATB_48_2026-08-05.csv
2026-07-06T03:01:35Z,48,OTICE_v5_LoRA,0,23.19,49.97,0,0,0,0,ATB_48_2026-08-05.csv
2026-07-06T03:01:59Z,59,OTICE_v5_LoRA,32,23.05,56.68,0,0,0,0,ATB_59_2026-08-05.csv
2026-07-06T03:02:05Z,48,OTICE_v5_LoRA,0,23.19,49.97,0,0,0,0,ATB_48_2026-08-05.csv
2026-07-06T03:02:35Z,48,OTICE_v5_LoRA,0,23.19,49.97,0,0,0,0,ATB_48_2026-08-05.csv
2026-07-06T03:02:59Z,59,OTICE_v5_LoRA,23,23.05,56.68,0,0,0,0,ATB_59_2026-08-05.csv
2026-07-06T03:03:05Z,48,OTICE_v5_LoRA,0,23.19,49.97,0,0,0,0,ATB_48_2026-08-05.csv
2026-07-06T03:03:35Z,48,OTICE_v5_LoRA,0,23.2,49.97,0,0,0,0,ATB_48_2026-08-05.csv
2026-07-06T03:04:00Z,59,OTICE_v5_LoRA,24,23.05,56.58,0,0,0,0,ATB_59_2026-08-05.csv
2026-07-06T03:04:05Z,48,OTICE_v5_LoRA,0,23.2,49.97,0,0,0,0,ATB_48_2026-08-05.csv
2026-07-06T03:04:35Z,48,OTICE_v5_LoRA,0,23.19,49.97,0,0,0,0,ATB_48_2026-08-05.csv
2026-07-06T03:05:00Z,59,OTICE_v5_LoRA,24,23.05,56.68,0,0,0,0,ATB_59_2026-08-05.csv
2026-07-06T03:05:05Z,48,OTICE_v5_LoRA,0,23.17,49.97,0,0,0,0,ATB_48_2026-08-05.csv
2026-07-06T03:05:35Z,48,OTICE_v5_LoRA,0,23.17,49.97,0,0,0,0,ATB_48_2026-08-05.csv
2026-07-06T03:06:00Z,59,OTICE_v5_LoRA,25,23.04,56.68,0,0,0,0,ATB_59_2026-08-05.csv
2026-07-06T03:06:05Z,48,OTICE_v5_LoRA,0,23.16,49.97,0,0,0,0,ATB_48_2026-08-05.csv
2026-07-06T03:06:35Z,48,OTICE_v5_LoRA,0,23.15,49.97,0,0,0,0,ATB_48_2026-08-05.csv
2026-07-06T03:07:00Z,59,OTICE_v5_LoRA,30,23.02,56.68,0,0,0,0,ATB_59_2026-08-05.csv
2026-07-06T03:07:05Z,48,OTICE_v5_LoRA,0,23.15,50.07,0,0,0,0,ATB_48_2026-08-05.csv
2026-07-06T03:07:35Z,48,OTICE_v5_LoRA,0,23.15,50.07,0,0,0,0,ATB_48_2026-08-05.csv
2026-07-06T03:08:00Z,59,OTICE_v5_LoRA,30,23.01,56.68,0,0,0,0,ATB_59_2026-08-05.csv
2026-07-06T03:08:05Z,48,OTICE_v5_LoRA,0,23.15,50.07,0,0,0,0,ATB_48_2026-08-05.csv
2026-07-06T03:08:35Z,48,OTICE_v5_LoRA,0,23.15,50.07,0,0,0,0,ATB_48_2026-08-05.csv
2026-07-06T03:09:00Z,59,OTICE_v5_LoRA,27,23.02,56.68,0,0,0,0,ATB_59_2026-08-05.csv
2026-07-06T03:09:05Z,48,OTICE_v5_LoRA,0,23.15,49.97,0,0,0,0,ATB_48_2026-08-05.csv
2026-07-06T03:09:35Z,48,OTICE_v5_LoRA,0,23.15,49.97,0,0,0,0,ATB_48_2026-08-05.csv
2026-07-06T03:10:00Z,59,OTICE_v5_LoRA,23,23.02,56.58,0,0,0,0,ATB_59_2026-08-05.csv
2026-07-06T03:10:05Z,48,OTICE_v5_LoRA,0,23.16,49.97,0,0,0,0,ATB_48_2026-08-05.csv
2026-07-06T03:10:35Z,48,OTICE_v5_LoRA,0,23.15,49.97,0,0,0,0,ATB_48_2026-08-05.csv
2026-07-06T03:11:00Z,59,OTICE_v5_LoRA,28,23.02,56.58,0,0,0,0,ATB_59_2026-08-05.csv
2026-07-06T03:11:05Z,48,OTICE_v5_LoRA,0,23.15,49.97,0,0,0,0,ATB_48_2026-08-05.csv
2026-07-06T03:11:35Z,48,OTICE_v5_LoRA,0,23.15,50.07,0,0,0,0,ATB_48_2026-08-05.csv
2026-07-06T03:12:00Z,59,OTICE_v5_LoRA,24,23,56.68,0,0,0,0,ATB_59_2026-08-05.csv
2026-07-06T03:12:06Z,48,OTICE_v5_LoRA,0,23.13,49.97,0,0,0,0,ATB_48_2026-08-05.csv
2026-07-06T03:12:36Z,48,OTICE_v5_LoRA,0,23.15,49.97,0,0,0,0,ATB_48_2026-08-05.csv
2026-07-06T03:13:00Z,59,OTICE_v5_LoRA,26,23,56.58,0,0,0,0,ATB_59_2026-08-05.csv
2026-07-06T03:13:06Z,48,OTICE_v5_LoRA,0,23.13,49.97,0,0,0,0,ATB_48_2026-08-05.csv
2026-07-06T03:13:36Z,48,OTICE_v5_LoRA,0,23.13,49.97,0,0,0,0,ATB_48_2026-08-05.csv
2026-07-06T03:14:00Z,59,OTICE_v5_LoRA,27,23.01,56.68,0,0,0,0,ATB_59_2026-08-05.csv
2026-07-06T03:14:06Z,48,OTICE_v5_LoRA,0,23.12,49.97,0,0,0,0,ATB_48_2026-08-05.csv
2026-07-06T03:14:36Z,48,OTICE_v5_LoRA,0,23.12,50.07,0,0,0,0,ATB_48_2026-08-05.csv
2026-07-06T03:15:00Z,59,OTICE_v5_LoRA,24,23.01,56.68,0,0,0,0,ATB_59_2026-08-05.csv
2026-07-06T03:15:06Z,48,OTICE_v5_LoRA,0,23.12,50.07,0,0,0,0,ATB_48_2026-08-05.csv
2026-07-06T03:15:36Z,48,OTICE_v5_LoRA,0,23.12,50.07,0,0,0,0,ATB_48_2026-08-05.csv
2026-07-06T03:16:00Z,59,OTICE_v5_LoRA,27,23,56.68,0,0,0,0,ATB_59_2026-08-05.csv
2026-07-06T03:16:06Z,48,OTICE_v5_LoRA,0,23.12,50.07,0,0,0,0,ATB_48_2026-08-05.csv
2026-07-06T03:16:36Z,48,OTICE_v5_LoRA,0,23.1,50.07,0,0,0,0,ATB_48_2026-08-05.csv
2026-07-06T03:17:01Z,59,OTICE_v5_LoRA,31,22.97,56.68,0,0,0,0,ATB_59_2026-08-05.csv
2026-07-06T03:17:06Z,48,OTICE_v5_LoRA,0,23.12,50.07,0,0,0,0,ATB_48_2026-08-05.csv
2026-07-06T03:17:36Z,48,OTICE_v5_LoRA,0,23.1,50.07,0,0,0,0,ATB_48_2026-08-05.csv
2026-07-06T03:18:06Z,48,OTICE_v5_LoRA,0,23.1,50.07,0,0,0,0,ATB_48_2026-08-05.csv
2026-07-06T03:18:36Z,48,OTICE_v5_LoRA,0,23.1,50.07,0,0,0,0,ATB_48_2026-08-05.csv
2026-07-06T03:19:00Z,59,OTICE_v5_LoRA,23,23.04,56.38,0,0,0,0,ATB_59_2026-08-05.csv
2026-07-06T03:19:06Z,48,OTICE_v5_LoRA,0,23.12,49.97,0,0,0,0,ATB_48_2026-08-05.csv
2026-07-06T03:19:36Z,48,OTICE_v5_LoRA,0,23.13,49.87,0,0,0,0,ATB_48_2026-08-05.csv
2026-07-06T03:20:00Z,59,OTICE_v5_LoRA,29,23.02,56.48,0,0,0,0,ATB_59_2026-08-05.csv
2026-07-06T03:20:06Z,48,OTICE_v5_LoRA,0,23.13,49.87,0,0,0,0,ATB_48_2026-08-05.csv
2026-07-06T03:20:36Z,48,OTICE_v5_LoRA,0,23.16,49.87,0,0,0,0,ATB_48_2026-08-05.csv
2026-07-06T03:21:00Z,59,OTICE_v5_LoRA,27,23.04,56.48,0,0,0,0,ATB_59_2026-08-05.csv
2026-07-06T03:21:06Z,48,OTICE_v5_LoRA,0,23.16,49.87,0,0,0,0,ATB_48_2026-08-05.csv
2026-07-06T03:21:36Z,48,OTICE_v5_LoRA,0,23.16,49.77,0,0,0,0,ATB_48_2026-08-05.csv
2026-07-06T03:22:00Z,59,OTICE_v5_LoRA,32,23.04,56.38,0,0,0,0,ATB_59_2026-08-05.csv
2026-07-06T03:22:06Z,48,OTICE_v5_LoRA,0,23.16,49.87,0,0,0,0,ATB_48_2026-08-05.csv
2026-07-06T03:22:36Z,48,OTICE_v5_LoRA,0,23.15,49.87,0,0,0,0,ATB_48_2026-08-05.csv
2026-07-06T03:23:00Z,59,OTICE_v5_LoRA,26,23.04,56.38,0,0,0,0,ATB_59_2026-08-05.csv
2026-07-06T03:23:06Z,48,OTICE_v5_LoRA,0,23.15,49.87,0,0,0,0,ATB_48_2026-08-05.csv
2026-07-06T03:23:36Z,48,OTICE_v5_LoRA,0,23.15,49.87,0,0,0,0,ATB_48_2026-08-05.csv
2026-07-06T03:24:00Z,59,OTICE_v5_LoRA,21,23.04,56.38,0,0,0,0,ATB_59_2026-08-05.csv
2026-07-06T03:24:06Z,48,OTICE_v5_LoRA,0,23.16,49.77,0,0,0,0,ATB_48_2026-08-05.csv
2026-07-06T03:24:36Z,48,OTICE_v5_LoRA,0,23.17,49.77,0,0,0,0,ATB_48_2026-08-05.csv
2026-07-06T03:25:00Z,59,OTICE_v5_LoRA,22,23.07,56.28,0,0,0,0,ATB_59_2026-08-05.csv
2026-07-06T03:25:06Z,48,OTICE_v5_LoRA,0,23.16,49.77,0,0,0,0,ATB_48_2026-08-05.csv
2026-07-06T03:25:36Z,48,OTICE_v5_LoRA,0,23.16,49.77,0,0,0,0,ATB_48_2026-08-05.csv
2026-07-06T03:26:00Z,59,OTICE_v5_LoRA,24,23.05,56.38,0,0,0,0,ATB_59_2026-08-05.csv
2026-07-06T03:26:06Z,48,OTICE_v5_LoRA,0,23.17,49.77,0,0,0,0,ATB_48_2026-08-05.csv
2026-07-06T03:26:36Z,48,OTICE_v5_LoRA,0,23.17,49.67,0,0,0,0,ATB_48_2026-08-05.csv
2026-07-06T03:27:00Z,59,OTICE_v5_LoRA,22,23.05,56.28,0,0,0,0,ATB_59_2026-08-05.csv
2026-07-06T03:27:07Z,48,OTICE_v5_LoRA,0,23.16,49.77,0,0,0,0,ATB_48_2026-08-05.csv
2026-07-06T03:27:37Z,48,OTICE_v5_LoRA,0,23.16,49.77,0,0,0,0,ATB_48_2026-08-05.csv
2026-07-06T03:28:01Z,59,OTICE_v5_LoRA,26,23.07,56.28,0,0,0,0,ATB_59_2026-08-05.csv
2026-07-06T03:28:07Z,48,OTICE_v5_LoRA,0,23.19,49.77,0,0,0,0,ATB_48_2026-08-05.csv
2026-07-06T03:28:37Z,48,OTICE_v5_LoRA,0,23.19,49.77,0,0,0,0,ATB_48_2026-08-05.csv
2026-07-06T03:29:01Z,59,OTICE_v5_LoRA,27,23.05,56.28,0,0,0,0,ATB_59_2026-08-05.csv
2026-07-06T03:29:07Z,48,OTICE_v5_LoRA,0,23.19,49.67,0,0,0,0,ATB_48_2026-08-05.csv
2026-07-06T03:29:37Z,48,OTICE_v5_LoRA,0,23.17,49.77,0,0,0,0,ATB_48_2026-08-05.csv
2026-07-06T03:30:01Z,59,OTICE_v5_LoRA,30,23.09,56.15,0,0,0,0,ATB_59_2026-08-05.csv
2026-07-06T03:30:07Z,48,OTICE_v5_LoRA,0,23.17,49.77,0,0,0,0,ATB_48_2026-08-05.csv
2026-07-06T03:30:37Z,48,OTICE_v5_LoRA,0,23.16,49.67,0,0,0,0,ATB_48_2026-08-05.csv
2026-07-06T03:31:01Z,59,OTICE_v5_LoRA,30,23.07,56.18,0,0,0,0,ATB_59_2026-08-05.csv
2026-07-06T03:31:07Z,48,OTICE_v5_LoRA,0,23.16,49.67,0,0,0,0,ATB_48_2026-08-05.csv
2026-07-06T03:31:37Z,48,OTICE_v5_LoRA,0,23.17,49.67,0,0,0,0,ATB_48_2026-08-05.csv
2026-07-06T03:32:01Z,59,OTICE_v5_LoRA,24,23.09,56.15,0,0,0,0,ATB_59_2026-08-05.csv
2026-07-06T03:32:07Z,48,OTICE_v5_LoRA,0,23.19,49.67,0,0,0,0,ATB_48_2026-08-05.csv
2026-07-06T03:32:37Z,48,OTICE_v5_LoRA,0,23.2,49.67,0,0,0,0,ATB_48_2026-08-05.csv
2026-07-06T03:33:01Z,59,OTICE_v5_LoRA,31,23.07,56.18,0,0,0,0,ATB_59_2026-08-05.csv
2026-07-06T03:33:07Z,48,OTICE_v5_LoRA,0,23.17,49.67,0,0,0,0,ATB_48_2026-08-05.csv
2026-07-06T03:33:37Z,48,OTICE_v5_LoRA,0,23.17,49.67,0,0,0,0,ATB_48_2026-08-05.csv
2026-07-06T03:34:01Z,59,OTICE_v5_LoRA,29,23.07,56.18,0,0,0,0,ATB_59_2026-08-05.csv
2026-07-06T03:34:07Z,48,OTICE_v5_LoRA,0,23.19,49.67,0,0,0,0,ATB_48_2026-08-05.csv
2026-07-06T03:34:37Z,48,OTICE_v5_LoRA,0,23.16,49.67,0,0,0,0,ATB_48_2026-08-05.csv
2026-07-06T03:35:01Z,59,OTICE_v5_LoRA,29,23.07,56.18,0,0,0,0,ATB_59_2026-08-05.csv
2026-07-06T03:35:07Z,48,OTICE_v5_LoRA,0,23.16,49.67,0,0,0,0,ATB_48_2026-08-05.csv
2026-07-06T03:35:37Z,48,OTICE_v5_LoRA,0,23.16,49.67,0,0,0,0,ATB_48_2026-08-05.csv
2026-07-06T03:36:01Z,59,OTICE_v5_LoRA,23,23.05,56.18,0,0,0,0,ATB_59_2026-08-05.csv
2026-07-06T03:36:07Z,48,OTICE_v5_LoRA,0,23.16,49.77,0,0,0,0,ATB_48_2026-08-05.csv
2026-07-06T03:36:37Z,48,OTICE_v5_LoRA,0,23.16,49.67,0,0,0,0,ATB_48_2026-08-05.csv
2026-07-06T03:37:02Z,59,OTICE_v5_LoRA,28,23.07,56.18,0,0,0,0,ATB_59_2026-08-05.csv
2026-07-06T03:37:07Z,48,OTICE_v5_LoRA,0,23.15,49.67,0,0,0,0,ATB_48_2026-08-05.csv
2026-07-06T03:37:37Z,48,OTICE_v5_LoRA,0,23.17,49.67,0,0,0,0,ATB_48_2026-08-05.csv
2026-07-06T03:38:02Z,59,OTICE_v5_LoRA,25,23.07,56.18,0,0,0,0,ATB_59_2026-08-05.csv
2026-07-06T03:38:07Z,48,OTICE_v5_LoRA,0,23.17,49.67,0,0,0,0,ATB_48_2026-08-05.csv
2026-07-06T03:38:37Z,48,OTICE_v5_LoRA,0,23.17,49.67,0,0,0,0,ATB_48_2026-08-05.csv
2026-07-06T03:39:02Z,59,OTICE_v5_LoRA,28,23.05,56.28,0,0,0,0,ATB_59_2026-08-05.csv
2026-07-06T03:39:07Z,48,OTICE_v5_LoRA,0,23.16,49.67,0,0,0,0,ATB_48_2026-08-05.csv
2026-07-06T03:39:37Z,48,OTICE_v5_LoRA,0,23.15,49.67,0,0,0,0,ATB_48_2026-08-05.csv
2026-07-06T03:40:02Z,59,OTICE_v5_LoRA,28,23.07,56.18,0,0,0,0,ATB_59_2026-08-05.csv
2026-07-06T03:40:07Z,48,OTICE_v5_LoRA,0,23.17,49.67,0,0,0,0,ATB_48_2026-08-05.csv
2026-07-06T03:40:37Z,48,OTICE_v5_LoRA,0,23.19,49.67,0,0,0,0,ATB_48_2026-08-05.csv
2026-07-06T03:41:02Z,59,OTICE_v5_LoRA,27,23.09,56.06,0,0,0,0,ATB_59_2026-08-05.csv
2026-07-06T03:41:07Z,48,OTICE_v5_LoRA,0,23.17,49.67,0,0,0,0,ATB_48_2026-08-05.csv
2026-07-06T03:41:37Z,48,OTICE_v5_LoRA,0,23.16,49.67,0,0,0,0,ATB_48_2026-08-05.csv
2026-07-06T03:42:02Z,59,OTICE_v5_LoRA,31,23.09,56.15,0,0,0,0,ATB_59_2026-08-05.csv
2026-07-06T03:42:07Z,48,OTICE_v5_LoRA,0,23.16,49.67,0,0,0,0,ATB_48_2026-08-05.csv
2026-07-06T03:42:38Z,48,OTICE_v5_LoRA,0,23.16,49.57,0,0,0,0,ATB_48_2026-08-05.csv
2026-07-06T03:43:02Z,59,OTICE_v5_LoRA,31,23.1,56.15,0,0,0,0,ATB_59_2026-08-05.csv
2026-07-06T03:43:08Z,48,OTICE_v5_LoRA,0,23.16,49.57,0,0,0,0,ATB_48_2026-08-05.csv
2026-07-06T03:43:38Z,48,OTICE_v5_LoRA,0,23.16,49.57,0,0,0,0,ATB_48_2026-08-05.csv
2026-07-06T03:44:02Z,59,OTICE_v5_LoRA,27,23.09,56.06,0,0,0,0,ATB_59_2026-08-05.csv
2026-07-06T03:44:08Z,48,OTICE_v5_LoRA,0,23.15,49.57,0,0,0,0,ATB_48_2026-08-05.csv
2026-07-06T03:44:38Z,48,OTICE_v5_LoRA,0,23.17,49.57,0,0,0,0,ATB_48_2026-08-05.csv
2026-07-06T03:45:02Z,59,OTICE_v5_LoRA,27,23.1,56.06,0,0,0,0,ATB_59_2026-08-05.csv
2026-07-06T03:45:08Z,48,OTICE_v5_LoRA,0,23.16,49.57,0,0,0,0,ATB_48_2026-08-05.csv
2026-07-06T03:45:38Z,48,OTICE_v5_LoRA,0,23.15,49.57,0,0,0,0,ATB_48_2026-08-05.csv
2026-07-06T03:46:02Z,59,OTICE_v5_LoRA,26,23.09,56.06,0,0,0,0,ATB_59_2026-08-05.csv
2026-07-06T03:46:08Z,48,OTICE_v5_LoRA,0,23.15,49.67,0,0,0,0,ATB_48_2026-08-05.csv
2026-07-06T03:46:38Z,48,OTICE_v5_LoRA,0,23.15,49.67,0,0,0,0,ATB_48_2026-08-05.csv
2026-07-06T03:47:02Z,59,OTICE_v5_LoRA,30,23.09,56.15,0,0,0,0,ATB_59_2026-08-05.csv
2026-07-06T03:47:08Z,48,OTICE_v5_LoRA,0,23.15,49.67,0,0,0,0,ATB_48_2026-08-05.csv
2026-07-06T03:47:38Z,48,OTICE_v5_LoRA,0,23.15,49.67,0,0,0,0,ATB_48_2026-08-05.csv
2026-07-06T03:48:02Z,59,OTICE_v5_LoRA,27,23.1,56.06,0,0,0,0,ATB_59_2026-08-05.csv
2026-07-06T03:48:08Z,48,OTICE_v5_LoRA,0,23.15,49.67,0,0,0,0,ATB_48_2026-08-05.csv
2026-07-06T03:48:38Z,48,OTICE_v5_LoRA,0,23.16,49.67,0,0,0,0,ATB_48_2026-08-05.csv
2026-07-06T03:49:03Z,59,OTICE_v5_LoRA,27,23.07,56.18,0,0,0,0,ATB_59_2026-08-05.csv
2026-07-06T03:49:08Z,48,OTICE_v5_LoRA,0,23.15,49.67,0,0,0,0,ATB_48_2026-08-05.csv
2026-07-06T03:49:38Z,48,OTICE_v5_LoRA,0,23.16,49.67,0,0,0,0,ATB_48_2026-08-05.csv
2026-07-06T03:50:03Z,59,OTICE_v5_LoRA,28,23.05,56.28,0,0,0,0,ATB_59_2026-08-05.csv
2026-07-06T03:50:08Z,48,OTICE_v5_LoRA,0,23.16,49.57,0,0,0,0,ATB_48_2026-08-05.csv
2026-07-06T03:50:38Z,48,OTICE_v5_LoRA,0,23.17,49.57,0,0,0,0,ATB_48_2026-08-05.csv
2026-07-06T03:51:03Z,59,OTICE_v5_LoRA,29,23.02,56.38,0,0,0,0,ATB_59_2026-08-05.csv
2026-07-06T03:51:08Z,48,OTICE_v5_LoRA,0,23.17,49.57,0,0,0,0,ATB_48_2026-08-05.csv
2026-07-06T03:51:38Z,48,OTICE_v5_LoRA,0,23.17,49.67,0,0,0,0,ATB_48_2026-08-05.csv
2026-07-06T03:52:03Z,59,OTICE_v5_LoRA,25,23.01,56.48,0,0,0,0,ATB_59_2026-08-05.csv
2026-07-06T03:52:08Z,48,OTICE_v5_LoRA,0,23.17,49.67,0,0,0,0,ATB_48_2026-08-05.csv
2026-07-06T03:52:38Z,48,OTICE_v5_LoRA,0,23.19,49.67,0,0,0,0,ATB_48_2026-08-05.csv
2026-07-06T03:53:03Z,59,OTICE_v5_LoRA,27,23,56.38,0,0,0,0,ATB_59_2026-08-05.csv
2026-07-06T03:53:08Z,48,OTICE_v5_LoRA,0,23.17,49.67,0,0,0,0,ATB_48_2026-08-05.csv
2026-07-06T03:53:38Z,48,OTICE_v5_LoRA,0,23.15,49.67,0,0,0,0,ATB_48_2026-08-05.csv
2026-07-06T03:54:03Z,59,OTICE_v5_LoRA,58,22.8,59.8,0,0,0,0,ATB_59_2026-08-05.csv
2026-07-06T03:54:08Z,48,OTICE_v5_LoRA,0,23.02,52.09,0,0,0,0,ATB_48_2026-08-05.csv
2026-07-06T03:54:38Z,48,OTICE_v5_LoRA,0,22.76,53.31,0,0,0,0,ATB_48_2026-08-05.csv
2026-07-06T03:55:03Z,59,OTICE_v5_LoRA,59,22.3,61.36,0,0,0,0,ATB_59_2026-08-05.csv
2026-07-06T03:55:08Z,48,OTICE_v5_LoRA,0,22.45,54.33,0,0,0,0,ATB_48_2026-08-05.csv
2026-07-06T03:55:38Z,48,OTICE_v5_LoRA,0,22.24,55.06,0,0,0,0,ATB_48_2026-08-05.csv
2026-07-06T03:56:03Z,59,OTICE_v5_LoRA,61,21.99,62.69,0,0,0,0,ATB_59_2026-08-05.csv
2026-07-06T03:56:08Z,48,OTICE_v5_LoRA,0,21.99,55.99,0,0,0,0,ATB_48_2026-08-05.csv
2026-07-06T03:56:38Z,48,OTICE_v5_LoRA,0,21.75,56.81,0,0,0,0,ATB_48_2026-08-05.csv
2026-07-06T03:57:03Z,59,OTICE_v5_LoRA,65,21.65,63.85,0,0,0,0,ATB_59_2026-08-05.csv
2026-07-06T03:57:38Z,48,OTICE_v5_LoRA,0,21.65,57.44,0,0,0,0,ATB_48_2026-08-05.csv
2026-07-06T03:58:04Z,59,OTICE_v5_LoRA,63,21.44,64.95,0,0,0,0,ATB_59_2026-08-05.csv
2026-07-06T03:58:08Z,48,OTICE_v5_LoRA,0,21.52,57.94,0,0,0,0,ATB_48_2026-08-05.csv
2026-07-06T03:58:38Z,48,OTICE_v5_LoRA,0,21.38,58.37,0,0,0,0,ATB_48_2026-08-05.csv
2026-07-06T03:59:04Z,59,OTICE_v5_LoRA,73,21.32,65.48,0,0,0,0,ATB_59_2026-08-05.csv
2026-07-06T03:59:08Z,48,OTICE_v5_LoRA,0,21.29,58.67,0,0,0,0,ATB_48_2026-08-05.csv
2026-07-06T03:59:38Z,48,OTICE_v5_LoRA,0,21.25,58.97,0,0,0,0,ATB_48_2026-08-05.csv
2026-07-06T04:00:03Z,59,OTICE_v5_LoRA,66,21.13,66.11,0,0,0,0,ATB_59_2026-08-05.csv
2026-07-06T04:00:08Z,48,OTICE_v5_LoRA,0,21.17,59.3,0,0,0,0,ATB_48_2026-08-05.csv
2026-07-06T04:00:38Z,48,OTICE_v5_LoRA,0,21.15,59.4,0,0,0,0,ATB_48_2026-08-05.csv
2026-07-06T04:01:04Z,59,OTICE_v5_LoRA,72,21.02,66.71,0,0,0,0,ATB_59_2026-08-05.csv
2026-07-06T04:01:08Z,48,OTICE_v5_LoRA,0,21.06,59.7,0,0,0,0,ATB_48_2026-08-05.csv
2026-07-06T04:01:38Z,48,OTICE_v5_LoRA,0,21.05,59.9,0,0,0,0,ATB_48_2026-08-05.csv
2026-07-06T04:02:04Z,59,OTICE_v5_LoRA,74,20.94,67.05,0,0,0,0,ATB_59_2026-08-05.csv
2026-07-06T04:02:08Z,48,OTICE_v5_LoRA,0,21,60,0,0,0,0,ATB_48_2026-08-05.csv
2026-07-06T04:02:38Z,48,OTICE_v5_LoRA,0,20.97,60,0,0,0,0,ATB_48_2026-08-05.csv
2026-07-06T04:03:04Z,59,OTICE_v5_LoRA,76,20.88,67.15,0,0,0,0,ATB_59_2026-08-05.csv
2026-07-06T04:03:08Z,48,OTICE_v5_LoRA,0,20.88,60.23,0,0,0,0,ATB_48_2026-08-05.csv
2026-07-06T04:03:38Z,48,OTICE_v5_LoRA,0,20.86,60.33,0,0,0,0,ATB_48_2026-08-05.csv
2026-07-06T04:04:04Z,59,OTICE_v5_LoRA,72,20.88,67.15,0,0,0,0,ATB_59_2026-08-05.csv
2026-07-06T04:04:08Z,48,OTICE_v5_LoRA,0,20.83,60.43,0,0,0,0,ATB_48_2026-08-05.csv
2026-07-06T04:04:38Z,48,OTICE_v5_LoRA,0,20.81,60.43,0,0,0,0,ATB_48_2026-08-05.csv
2026-07-06T04:05:04Z,59,OTICE_v5_LoRA,71,20.76,67.65,0,0,0,0,ATB_59_2026-08-05.csv
2026-07-06T04:05:08Z,48,OTICE_v5_LoRA,0,20.78,60.83,0,0,0,0,ATB_48_2026-08-05.csv
2026-07-06T04:05:38Z,48,OTICE_v5_LoRA,0,20.75,61.03,0,0,0,0,ATB_48_2026-08-05.csv
2026-07-06T04:06:04Z,59,OTICE_v5_LoRA,76,20.69,68.18,0,0,0,0,ATB_59_2026-08-05.csv
2026-07-06T04:06:08Z,48,OTICE_v5_LoRA,0,20.72,61.13,0,0,0,0,ATB_48_2026-08-05.csv
2026-07-06T04:06:38Z,48,OTICE_v5_LoRA,0,20.68,61.36,0,0,0,0,ATB_48_2026-08-05.csv
2026-07-06T04:07:04Z,59,OTICE_v5_LoRA,78,20.69,68.28,0,0,0,0,ATB_59_2026-08-05.csv
2026-07-06T04:07:09Z,48,OTICE_v5_LoRA,0,20.66,61.46,0,0,0,0,ATB_48_2026-08-05.csv
2026-07-06T04:07:39Z,48,OTICE_v5_LoRA,0,20.65,61.46,0,0,0,0,ATB_48_2026-08-05.csv
2026-07-06T04:08:05Z,59,OTICE_v5_LoRA,79,20.6,68.58,0,0,0,0,ATB_59_2026-08-05.csv
2026-07-06T04:08:09Z,48,OTICE_v5_LoRA,0,20.66,61.46,0,0,0,0,ATB_48_2026-08-05.csv
2026-07-06T04:08:39Z,48,OTICE_v5_LoRA,0,20.58,61.56,0,0,0,0,ATB_48_2026-08-05.csv
2026-07-06T04:09:05Z,59,OTICE_v5_LoRA,76,20.56,68.78,0,0,0,0,ATB_59_2026-08-05.csv
2026-07-06T04:09:09Z,48,OTICE_v5_LoRA,0,20.58,61.66,0,0,0,0,ATB_48_2026-08-05.csv
2026-07-06T04:09:39Z,48,OTICE_v5_LoRA,0,20.57,61.76,0,0,0,0,ATB_48_2026-08-05.csv
2026-07-06T04:10:05Z,59,OTICE_v5_LoRA,75,20.56,68.78,0,0,0,0,ATB_59_2026-08-05.csv
2026-07-06T04:10:09Z,48,OTICE_v5_LoRA,0,20.57,61.76,0,0,0,0,ATB_48_2026-08-05.csv
2026-07-06T04:10:39Z,48,OTICE_v5_LoRA,0,20.57,61.76,0,0,0,0,ATB_48_2026-08-05.csv
2026-07-06T04:11:05Z,59,OTICE_v5_LoRA,70,20.61,68.68,0,0,0,0,ATB_59_2026-08-05.csv
2026-07-06T04:11:09Z,48,OTICE_v5_LoRA,0,20.61,61.76,0,0,0,0,ATB_48_2026-08-05.csv
2026-07-06T04:11:39Z,48,OTICE_v5_LoRA,0,20.65,61.66,0,0,0,0,ATB_48_2026-08-05.csv
2026-07-06T04:12:05Z,59,OTICE_v5_LoRA,70,20.53,68.89,0,0,0,0,ATB_59_2026-08-05.csv
2026-07-06T04:12:09Z,48,OTICE_v5_LoRA,0,20.65,61.66,0,0,0,0,ATB_48_2026-08-05.csv
2026-07-06T04:12:39Z,48,OTICE_v5_LoRA,0,20.63,61.66,0,0,0,0,ATB_48_2026-08-05.csv
2026-07-06T04:13:05Z,59,OTICE_v5_LoRA,74,20.49,69.12,0,0,0,0,ATB_59_2026-08-05.csv
2026-07-06T04:13:09Z,48,OTICE_v5_LoRA,0,20.57,61.76,0,0,0,0,ATB_48_2026-08-05.csv
2026-07-06T04:13:39Z,48,OTICE_v5_LoRA,0,20.56,61.87,0,0,0,0,ATB_48_2026-08-05.csv
2026-07-06T04:14:05Z,59,OTICE_v5_LoRA,73,20.49,69.21,0,0,0,0,ATB_59_2026-08-05.csv
2026-07-06T04:14:09Z,48,OTICE_v5_LoRA,0,20.53,61.96,0,0,0,0,ATB_48_2026-08-05.csv
2026-07-06T04:14:39Z,48,OTICE_v5_LoRA,0,20.6,62.06,0,0,0,0,ATB_48_2026-08-05.csv
2026-07-06T04:15:05Z,59,OTICE_v5_LoRA,72,20.5,69.39,0,0,0,0,ATB_59_2026-08-05.csv
2026-07-06T04:15:09Z,48,OTICE_v5_LoRA,0,20.57,62.06,0,0,0,0,ATB_48_2026-08-05.csv
2026-07-06T04:15:39Z,48,OTICE_v5_LoRA,0,20.57,62.06,0,0,0,0,ATB_48_2026-08-05.csv
2026-07-06T04:16:05Z,59,OTICE_v5_LoRA,70,20.43,69.52,0,0,0,0,ATB_59_2026-08-05.csv
2026-07-06T04:16:09Z,48,OTICE_v5_LoRA,0,20.56,62.17,0,0,0,0,ATB_48_2026-08-05.csv
2026-07-06T04:16:39Z,48,OTICE_v5_LoRA,0,20.5,62.46,0,0,0,0,ATB_48_2026-08-05.csv
2026-07-06T04:17:05Z,59,OTICE_v5_LoRA,73,20.46,69.82,0,0,0,0,ATB_59_2026-08-05.csv
2026-07-06T04:17:09Z,48,OTICE_v5_LoRA,0,20.49,62.6,0,0,0,0,ATB_48_2026-08-05.csv
2026-07-06T04:17:39Z,48,OTICE_v5_LoRA,0,20.5,62.67,0,0,0,0,ATB_48_2026-08-05.csv
2026-07-06T04:18:09Z,48,OTICE_v5_LoRA,0,20.51,62.67,0,0,0,0,ATB_48_2026-08-05.csv
2026-07-06T04:18:39Z,48,OTICE_v5_LoRA,0,20.53,62.67,0,0,0,0,ATB_48_2026-08-05.csv
2026-07-06T04:19:03Z,59,OTICE_v5_LoRA,71,20.37,70.32,0,0,0,0,ATB_59_2026-08-05.csv
2026-07-06T04:19:09Z,48,OTICE_v5_LoRA,0,20.49,62.9,0,0,0,0,ATB_48_2026-08-05.csv
2026-07-06T04:19:39Z,48,OTICE_v5_LoRA,0,20.5,62.87,0,0,0,0,ATB_48_2026-08-05.csv
2026-07-06T04:20:03Z,59,OTICE_v5_LoRA,76,20.35,70.32,0,0,0,0,ATB_59_2026-08-05.csv
2026-07-06T04:20:09Z,48,OTICE_v5_LoRA,0,20.53,62.76,0,0,0,0,ATB_48_2026-08-05.csv
2026-07-06T04:20:39Z,48,OTICE_v5_LoRA,0,20.49,62.9,0,0,0,0,ATB_48_2026-08-05.csv
2026-07-06T04:21:03Z,59,OTICE_v5_LoRA,69,20.29,70.52,0,0,0,0,ATB_59_2026-08-05.csv
2026-07-06T04:21:09Z,48,OTICE_v5_LoRA,0,20.43,63,0,0,0,0,ATB_48_2026-08-05.csv
2026-07-06T04:21:39Z,48,OTICE_v5_LoRA,0,20.42,63.1,0,0,0,0,ATB_48_2026-08-05.csv
2026-07-06T04:22:03Z,59,OTICE_v5_LoRA,72,20.31,70.62,0,0,0,0,ATB_59_2026-08-05.csv
2026-07-06T04:22:09Z,48,OTICE_v5_LoRA,0,20.43,63.1,0,0,0,0,ATB_48_2026-08-05.csv
2026-07-06T04:22:39Z,48,OTICE_v5_LoRA,0,20.36,63.2,0,0,0,0,ATB_48_2026-08-05.csv
2026-07-06T04:23:03Z,59,OTICE_v5_LoRA,65,20.39,70.22,0,0,0,0,ATB_59_2026-08-05.csv
2026-07-06T04:23:09Z,48,OTICE_v5_LoRA,0,20.33,63.3,0,0,0,0,ATB_48_2026-08-05.csv
2026-07-06T04:23:39Z,48,OTICE_v5_LoRA,0,20.33,63.4,0,0,0,0,ATB_48_2026-08-05.csv
2026-07-06T04:24:03Z,59,OTICE_v5_LoRA,68,20.42,70.22,0,0,0,0,ATB_59_2026-08-05.csv
2026-07-06T04:24:09Z,48,OTICE_v5_LoRA,0,20.28,63.5,0,0,0,0,ATB_48_2026-08-05.csv
2026-07-06T04:24:39Z,48,OTICE_v5_LoRA,0,20.28,63.6,0,0,0,0,ATB_48_2026-08-05.csv
2026-07-06T04:25:03Z,59,OTICE_v5_LoRA,68,20.36,70.22,0,0,0,0,ATB_59_2026-08-05.csv
2026-07-06T04:25:09Z,48,OTICE_v5_LoRA,0,20.29,63.4,0,0,0,0,ATB_48_2026-08-05.csv
2026-07-06T04:25:39Z,48,OTICE_v5_LoRA,0,20.28,63.4,0,0,0,0,ATB_48_2026-08-05.csv
2026-07-06T04:26:04Z,59,OTICE_v5_LoRA,64,20.29,70.52,0,0,0,0,ATB_59_2026-08-05.csv
2026-07-06T04:26:09Z,48,OTICE_v5_LoRA,0,20.32,65,0,0,0,0,ATB_48_2026-08-05.csv
2026-07-06T04:26:39Z,48,OTICE_v5_LoRA,0,20.42,63.6,0,0,0,0,ATB_48_2026-08-05.csv
2026-07-06T04:27:04Z,59,OTICE_v5_LoRA,74,20.32,71.63,0,0,0,0,ATB_59_2026-08-05.csv
2026-07-06T04:27:10Z,48,OTICE_v5_LoRA,0,20.36,63.2,0,0,0,0,ATB_48_2026-08-05.csv
2026-07-06T04:27:39Z,48,OTICE_v5_LoRA,0,20.35,63.2,0,0,0,0,ATB_48_2026-08-05.csv
2026-07-06T04:28:04Z,59,OTICE_v5_LoRA,62,20.28,70.52,0,0,0,0,ATB_59_2026-08-05.csv
2026-07-06T04:28:10Z,48,OTICE_v5_LoRA,0,20.28,63.3,0,0,0,0,ATB_48_2026-08-05.csv
2026-07-06T04:28:39Z,48,OTICE_v5_LoRA,0,20.31,63.3,0,0,0,0,ATB_48_2026-08-05.csv
2026-07-06T04:29:10Z,48,OTICE_v5_LoRA,0,20.31,63.3,0,0,0,0,ATB_48_2026-08-05.csv
2026-07-06T04:29:40Z,48,OTICE_v5_LoRA,0,20.28,63.4,0,0,0,0,ATB_48_2026-08-05.csv
2026-07-06T04:30:10Z,48,OTICE_v5_LoRA,0,20.29,63.4,0,0,0,0,ATB_48_2026-08-05.csv
2026-07-06T04:30:40Z,48,OTICE_v5_LoRA,0,20.35,63.6,0,0,0,0,ATB_48_2026-08-05.csv
2026-07-06T04:31:10Z,48,OTICE_v5_LoRA,0,20.42,63.1,0,0,0,0,ATB_48_2026-08-05.csv
2026-07-06T04:31:40Z,48,OTICE_v5_LoRA,0,20.43,63.2,0,0,0,0,ATB_48_2026-08-05.csv
2026-07-06T11:17:10Z,48,OTICE_v5_LoRA,0,0,0,0,0,0,0,ATB_48_2026-08-05.csv
2026-07-06T11:17:40Z,48,OTICE_v5_LoRA,0,0,0,0,0,0,0,ATB_48_2026-08-05.csv
2026-07-06T11:18:10Z,48,OTICE_v5_LoRA,0,0,0,0,0,0,0,ATB_48_2026-08-05.csv
2026-07-06T11:18:40Z,48,OTICE_v5_LoRA,0,0,0,0,0,0,0,ATB_48_2026-08-05.csv
2026-07-06T11:19:10Z,48,OTICE_v5_LoRA,0,0,0,0,0,0,0,ATB_48_2026-08-05.csv
2026-07-06T11:19:40Z,48,OTICE_v5_LoRA,0,0,0,0,0,0,0,ATB_48_2026-08-05.csv
2026-07-06T11:20:10Z,48,OTICE_v5_LoRA,0,0,0,0,0,0,0,ATB_48_2026-08-05.csv
2026-07-07T08:59:42Z,59,OTICE_v5_LoRA,1642,21.99,82.39,717.39,717.39,23.53,0,ATB_59_2026-08-05.csv
2026-07-07T09:00:42Z,59,OTICE_v5_LoRA,1789,21.99,82.59,724.75,724.75,23.64,0,ATB_59_2026-08-05.csv
2026-07-07T09:20:30Z,59,OTICE_v5_LoRA,2241,21.98,83.69,976.22,976.22,23.51,0,ATB_59_2026-08-05.csv
2026-07-07T09:21:29Z,59,OTICE_v5_LoRA,2309,21.99,83.78,1021.92,1021.92,23.45,0,ATB_59_2026-08-05.csv
